artist_id,artist_name,followers
4YRxDV8wJFPHPTeXepOstw,Arijit Singh,169306882.0
06HL4z0CvFAxyc27GXpf02,Taylor Swift,148838440.0
6eUKZXaKkcviH0Ku9w2n3V,Ed Sheeran,124012436.0
6qqNVTkY8uBg9cP3Jd7DAH,Billie Eilish,121278701.0
1Xyo4u8uXC1ZmMpatF05PJ,The Weeknd,116219359.0
66CXWjxzNUsdJxJ2JdwvnR,Ariana Grande,108715805.0
7dGJo4pcD2V6oG8kP0tJRR,Eminem,106214551.0
4q3ewBCX7sLwd24euuV69X,Bad Bunny,105635803.0
3TVXtAsR1Inumwj472S9r4,Drake,105373671.0
1uNFoZAHBGtllmzznpCI3s,Justin Bieber,86071004.0
3Nrfpe0tUJi4K4DXYWgMUX,BTS,81808562.0
0du5cEVh5yTK9QJze8zA0C,Bruno Mars,77355363.0
1mYsTxnqsietFxj1OgoGbG,A.R. Rahman,73535164.0
5pKCCKE2ajJHZ9KAiaK11H,Rihanna,70466718.0
4dpARuHxo51G3z768sgnrY,Adele,67919987.0
4gzpq5DPGxSnKTe4SA8HAU,Coldplay,61853007.0
790FomKkXshlbRYZFtlgla,KAROL G,61723613.0
53XhwfbYqKCa1cC15pYq2q,Imagine Dragons,58810081.0
41MozSoPIsD1dJM0CLPjZF,BLACKPINK,56907762.0
1dfeR4HaWDbWqFHLkxsg1d,Queen,55813766.0
0C8ZW7ezQVs4URX5aX7Kqx,Selena Gomez,53581987.0
00FQb4jTyendYWaN8pK0wa,Lana Del Rey,53507293.0
15UsOTVnJzReFVN1VCnxy4,XXXTENTACION,52361761.0
1McMsnEElThX1knmY4oliG,Olivia Rodrigo,50322453.0
246dkjvS1zLTtiykXe5h60,Post Malone,48013165.0
6M2wZ9GZgrQXHCFfjv46we,Dua Lipa,47312573.0
4PULA4EFzYTrxYvOVlwpiQ,Sidhu Moose Wala,46756687.0
04gDigrS5kc9YWfZHwBETP,Maroon 5,46364132.0
7n2wHs1TKAczGzO7Dd2rGr,Shawn Mendes,46034221.0
2R21vXR83lH98kGeO99Y66,Anuel AA,45898537.0
2YZyLoL8N0Wb9xBt1NhZWg,Kendrick Lamar,45674032.0
4zCH9qm4R2DADamUHMCa6O,Anirudh Ravichander,45174425.0
1HY2Jd0NmPuamShAr6KMms,Lady Gaga,43713096.0
4MCBfE4596Uoi2O4DtmEMz,Juice WRLD,43476331.0
2oSONSC9zQ4UonDKnLqksx,Atif Aslam,42406062.0
0Y5tJX1MQlPlqiwlOH1tJY,Travis Scott,42031792.0
6vWDO969PvNqNYHIOW5v0m,Beyoncé,41705782.0
7vk5e3vY1uw9plTHJAMwjN,Alan Walker,41460636.0
0EmeFodog0BfCgMzAIvKQp,Shakira,40681041.0
4AK6F7OLvEQ5QYCBNiQWHq,One Direction,40535344.0
1i8SpTcr7yvPOmcqrbnVXY,Ozuna,39754532.0
1vyhD5VmyZ7KMfW5gqLgo5,J Balvin,39562288.0
1r4hJ1h58CWwUQe3MxPuau,Maluma,39253635.0
1yR65psqiazQpeM79CcGh8,Marília Mendonça,39023905.0
6jJ0s89eD6GaHleKKya26X,Katy Perry,39017315.0
3fMbdgg4jU18AjLCKBhRSm,Michael Jackson,38565197.0
4VMYDCV2IEDYJArk749S6m,Daddy Yankee,38323962.0
7uIbLdzzSEqnX0Pkrb56cR,Yo Yo Honey Singh,38077285.0
2FKWNmZWDBZR4dE5KX4plR,Diljit Dosanjh,37617227.0
3qm84nBOXUEQ2vnTfUTTFC,Guns N' Roses,35894562.0
4nDoRrQiYLoBzwC5BhVJzF,Camila Cabello,35840272.0
5cj0lLjcoR7YOSnhnX0Po5,Doja Cat,35509945.0
64KEffDW9EtZ1y2vBYgq8T,Marshmello,34603365.0
0hCNtLu0JehylgoiP8L4Gh,Nicki Minaj,34447297.0
6KImCVD70vtIoJWnq6nGn3,Harry Styles,34411820.0
7tYKF4w9nC0nq9CsPZTHyP,SZA,34096826.0
2ye2Wgw4gimLv2eAKyk1NB,Metallica,32892835.0
711MCceyCBcFnzjGY4Q7Un,AC/DC,32834440.0
7Ln80lUS6He07XvHI8qqHH,Arctic Monkeys,32801447.0
6XyY86QOPPrYVGvF9ch6wz,Linkin Park,32633134.0
1mcTU81TzQhprhouKaTkpq,Rauw Alejandro,32021811.0
5K4W6rqBFWDnAN6FQUkS6x,Kanye West,31637668.0
3p7PcrEHaaKLJnPUGOtRlT,Henrique & Juliano,31146603.0
3WrFJ7ztbogyGnTHbHJFl2,The Beatles,31083223.0
5WUlDfRSoLAfcVSX1WnrxN,Sia,30825798.0
7Gi6gjaWy3DxyilpF1a8Is,Junior H,29553360.0
7bXgB6jMjp9ATFy66eO08Z,Chris Brown,29255349.0
74KM79TiuVKeVCqs8QtB0B,Sabrina Carpenter,28273516.0
6l3HvQ5sa6mXTsMTB19rO5,J. Cole,27417727.0
5lwmRuXgjX8xIwlnauTZIP,Romeo Santos,27333125.0
6S2OmqARrzebs0tKUEyXyp,Demi Lovato,27316802.0
3vQ0GE3mI0dAaxIMYe5g7z,Paulo Londra,26986150.0
5YGY8feqx7naU7z4HrwZM6,Miley Cyrus,26862253.0
2GoeZ0qOTt6kjsWW4eA6LS,Darshan Raval,26634587.0
2wY79sveU1sp5g7SokKOiI,Sam Smith,26606873.0
4kYSro6naA4h99UJvo89HB,Cardi B,26237292.0
3YQKmKGau1PzlVlkL1iodx,Twenty One Pilots,25963932.0
6VuMaDnrHyPL1p4EHjYLi7,Charlie Puth,25633653.0
4V8LLVI7PbaPR0K2TGSxFF,"Tyler, The Creator",25263506.0
12GqGscKJx3aE4t07u7eVZ,Peso Pluma,24933053.0
1elUiq4X7pxej6FRlrEzjM,Jorge & Mateus,24545407.0
07YUOmWljBTXwIseAUd9TW,Sebastian Yatra,24481943.0
1URnnhqYAYcrqrcwql10ft,21 Savage,24429302.0
5ZsFI1h6hIdQRw2ti0hz81,ZAYN,24303192.0
6DARBhWbfcS9E4yJzcliqQ,Karan Aujla,24149622.0
6olE6TJLqED3rqDCT0FyPh,Nirvana,23970716.0
7n2Ycct7Beij7Dj7meI4X0,TWICE,23875069.0
7MiDcPa6UiV3In7lIM71IN,Gusttavo Lima,23605564.0
0L8ExT028jH3ddEcZwqJJ5,Red Hot Chili Peppers,23602748.0
1vCWHaC5f2uS3yhpwWbIA6,Avicii,23515206.0
487N2T9nIPEHrlTZLL3SQs,Zé Neto & Cristiano,23242725.0
1RyvyyTE3xzB2ZywiAwp0i,Future,23212607.0
7CajNmpbOovFoOoasH2HaY,Calvin Harris,23185281.0
1ZwdS5xdxEREPySFridCfh,2Pac,23070782.0
0k17h0D3J5VfsdmQ1iZtE9,Pink Floyd,23050417.0
7iK8PXO48WeuP03g8YR51W,Myke Towers,22620666.0
26VFTg2z8YR0cCuwLzESi2,Halsey,22577368.0
0elWFr7TW8piilVRYJUe4P,Natanael Cano,22465537.0
63yrD80RY3RNEM2YDpUpO8,Melanie Martinez,22319277.0
77SW9BnxLY8rJ0RciFqkHh,The Neighbourhood,22184807.0
5f7VJjfbwm532GiveGC0ZK,Lil Baby,22130353.0
2dIgFjalVxs4ThymZ67YCE,Stray Kids,21738696.0
0ys2OFYzWYB5hRDLCsBqxt,Fuerza Regida,21657404.0
69GGBxA162lTqCwzJG5jLp,The Chainsmokers,21508575.0
4IWBUUAFIplrNtaOHcJPRM,James Arthur,21099522.0
2nszmSgqreHSdJA3zWPyrW,Luis Miguel,21094378.0
2h93pZq0e7k5yf4dywlkpM,Frank Ocean,20893082.0
1SupJlEpv7RS2tPNRaHViT,Nicky Jam,20878993.0
28gNT5KBp7IjEOQoevXf9N,Camilo,20548162.0
3JsHnjpbhX4SnySpvpa9DK,V,20223547.0
07PdYoE4jVRF6Ut40GgVSP,Cartel De Santa,19893920.0
2iDVt6mFbtbDEZG5ax0dTi,Tulus,19594153.0
0b1sIQumIAsNbqAoIClSpy,j-hope,19557407.0
4O15NlyKLIASxsJ0PrXPfz,Lil Uzi Vert,19557396.0
3q7HBObVc0L8jNeTe5Gofh,50 Cent,19542518.0
3wOsYKZM0zcKNasi3I7fP4,Mahalini,19429042.0
2C6i0I5RiGzDKN9IAF8reh,Banda MS de Sergio Lizárraga,19391026.0
2LRoIwlKmHjgvigdNGBHNo,Feid,19343943.0
6HaGTQPmzraVmaVxvz6EUc,Jung Kook,18971353.0
5Pwc4xIPtQLFEnJriah9YJ,OneRepublic,18941706.0
55Aa2cqylxrFIXC767Z865,Lil Wayne,18383952.0
1KCSPY1glIKqW2TotWuXOR,P!nk,18348550.0
4SsVbpTthjScTS7U2hmr1X,Arcángel,18243927.0
26dSoYclwsYLMAKD3tpOr4,Britney Spears,18203021.0
1QAJqy2dA3ihHBFIHRphZj,Cigarettes After Sex,17970164.0
66ihevNkSYNzRAl44dx6jJ,Carín León,17928786.0
2auC28zjQyVTsiZKNgPRGs,RM,17894282.0
13ubrt8QOOCPljQ2FL1Kca,A$AP Rocky,17670607.0
7oPftvlwr6VrsViSDV7fJY,Green Day,17646651.0
329e4yvIujISKGKz1BZZbO,Farruko,17284956.0
6LuN9FCkKOj5PcnpouEgny,Khalid,17053775.0
33ScadVnbm2X8kkUqOkC6Z,Don Omar,16970008.0
4obzFoKoKRHIphyHzJ35G3,Becky G,16859557.0
1wGIhYkKWSq4yACtTkCkSX,Canserbero,16774542.0
7Ey4PD4MYsKc5I2dolUwbH,Aerosmith,16298814.0
0XwVARXT135rw8lyw1EeWP,Christian Nodal,16246080.0
1l8Fu6IkuTP0U5QetQJ5Xt,Fifth Harmony,16209856.0
36QJpDe2go2KgaRleHCDTp,Led Zeppelin,16195872.0
58lV9VcRSjABbAbfWS6skp,Bon Jovi,16149348.0
7hJcb9fa4alzcOq3EaNPoG,Snoop Dogg,16132278.0
31TPClRtHm23RisEBtV3X7,Justin Timberlake,16118162.0
2kCcBybjl3SAtIcwdWpUe3,Lil Peep,16100042.0
0tmwSHipWxN12fsoLcFU3B,Manuel Turizo,15963171.0
1dKdetem2xEmjgvyymzytS,Grupo Firme,15962049.0
22bE4uQ6baNwSHPVcDxLCe,The Rolling Stones,15919764.0
3PhoLpVuITZKcymswpck5b,Elton John,15834074.0
0eDvMgVFoNV3TpwtrVCoTj,Pop Smoke,15776708.0
6JL8zeS1NmiOftqZTRgdTz,Meghan Trainor,15755663.0
5RmQ8k4l3HZ8JoPb4mNsML,Agust D,15723291.0
7wlFDEWiM5OoIAt8RSli8b,YoungBoy Never Broke Again,15570741.0
699OTQXzgjhIYAHMy9RyPD,Playboi Carti,15493416.0
4bAgr9zaF0bpzVGHdHuf0f,Virgoun,15486496.0
0LcJLqbBmaGUft1e9Mm8HV,ABBA,15262857.0
0E02VcvA5p1ndkLdqWD5JB,Ankit Tiwari,15138665.0
60d24wfXkVzDSfLS6hyCjZ,Martin Garrix,15135723.0
3AA28KZvwAUcZuOKwyblJQ,Gorillaz,14978612.0
59jlthNnbmim5l9tmNA7se,Maiara & Maraisa,14796613.0
73sIBHcqh3Z3NyqHKZ7FOL,Childish Gambino,14793546.0
3wcj11K77LjEY1PkEazffa,Burna Boy,14776063.0
6oMuImdp5ZcFhWP0ESe6mG,Migos,14769624.0
0h1zs4CTlU9D2QtgPxptUD,Ricardo Arjona,14716219.0
4Z8W4fKeB5YxbusRsdQVPb,Radiohead,14585764.0
4oUHIQIBe0LHzYfvXNW4QM,Morgan Wallen,14507317.0
05fG473iIaoy82BF1aGhL8,Slipknot,14441947.0
5eAWCfyUhZtHHtBdNk56l1,System Of A Down,14428162.0
08GQAI4eElDnROBrJRGE0X,Fleetwood Mac,14337355.0
5nP8x4uEFjAAmDzwOEc9b8,Matuê,14323700.0
4GNC7GD6oZMSxPGyXy4MNB,Lewis Capaldi,14222688.0
1v1khTmozNfxB2ET1Ep288,Last Child,14168554.0
5C4PDR4LnhZTbVnKWXuDKD,Morat,14159702.0
23zg3TcAtWQy7J6upgbUnj,USHER,14076131.0
6w9ToX5slZ4uIdmD17hJ3c,Bryant Myers,14017058.0
7okwEbXzyT2VffBmyQBWLz,Maná,13891457.0
3eVa5w3URK5duf6eyVDbu9,ROSÉ,13854046.0
2DlGxzQSjYe5N6G9nkYghR,Jennifer Lopez,13829994.0
7nqOGRxlXj7N2JYbgNEjYH,SEVENTEEN,13822001.0
4PPoI9LuYeFX8V674Z1R6l,Vicente Fernández,13785440.0
5L1lO4eRHmJ7a0Q6csE5cT,LISA,13774936.0
51Blml2LZPmy7TTiAg47vQ,U2,13743128.0
6q87vizIEdEN4NvlR6mjfT,Sheila On 7,13722389.0
718COspgdWOnwOFpJHRZHS,Luke Combs,13620629.0
5t5FqBwTcgKTaWmfEbwQY9,ENHYPEN,13605429.0
2QsynagSdAqZj3U9HgDzjD,Bob Marley & The Wailers,13517883.0
1bAftSH8umNcGZ0uyV7LMg,Duki,13514644.0
7FsRH5bw8iWpSbMX1G7xf1,Joan Sebastian,13481831.0
4DAcJXcjX0zlQAZAPAx4Zb,Ben&Ben,13462029.0
0X2BH1fck6amBIoJhDVmmJ,Ellie Goulding,13362534.0
2Z0lRIqr997lIUiPtrpKCr,Matheus & Kauan,13301106.0
6AgTAQt8XS6jRWi4sX7w49,Polo G,13293912.0
7FNnA9vBm6EKceENgCGRMb,Anitta,13283225.0
4jogXSSvlyMkODGSZ2wc2P,Calibre 50,13278225.0
7jy3rLJdDQY21OgRLCZ9sD,Foo Fighters,13152312.0
0Y6dVaC9DZtPNH4591M42W,TV Girl,13144329.0
4r63FhuTkUYltbVAg5TQnk,DaBaby,13102525.0
5me0Irg2ANcsgc93uaYrpb,The Notorious B.I.G.,13086778.0
3DiDSECUqqY1AuBP8qtaIa,Alicia Keys,13084557.0
3IW7ScrzXmPvZhB27hmfgy,Jul,13077321.0
1cNDP5yjU5vjeR8qMf4grg,YNW Melly,13027996.0
250b0Wlc5Vk0CoUsaCY84M,JENNIE,13013134.0
1zNqDE7qDGCsyzJwohVaoX,Anne-Marie,13006175.0
20JZFwl6HVl6yg8a4H3ZqK,Panic! At The Disco,12807260.0
2DaxqgrOhkeH0fpeiQq2f4,Oasis,12784093.0
46SHBwWsqBkxI7EeeBEQG7,Kodak Black,12702571.0
4Uc8Dsxct0oMqx0P6i60ea,Conan Gray,12702437.0
4W91bbPB2CTSsHwt7eqNl7,Javed Ali,12683896.0
50co4Is1HCEo8bhOyUWKpn,Young Thug,12659147.0
51kyrUsAVqUBcoDEMFkX12,Hindia,12609609.0
5eumcnUkdmGvkvcsx1WFNG,Tito Double P,12606001.0
07YZf4WDAMNwqr4jfgOZ8y,Jason Derulo,12505999.0
0QHgL1lAIqAw0HtD7YldmP,DJ Khaled,12501707.0
6Te49r3A6f5BiIgBRxH7FH,Ninho,12498926.0
4LLpKhyESsyAXpc4laK94U,Mac Miller,12347409.0
0ECwFtbIWEVNwjlrfc6xoL,Eagles,12337810.0
3e7awlrlDSwF3iM0WBjGMp,Little Mix,12334320.0
2wUjUUtkb5lvLKcGKsKqsR,Alessia Cara,12329696.0
7jVv8c5Fj3E9VhNjxT4snq,Lil Nas X,12321332.0
2gsggkzM5R49q6jpPvazou,Jessie J,12266108.0
4iHNK0tOyZPYnBU7nGAgpQ,Mariah Carey,12252215.0
0ghlgldX5Dd6720Q3qFyQB,TOMORROW X TOGETHER,12232643.0
137W8MRPWKqSmrBGDBFSop,Wiz Khalifa,12214357.0
0TnOYISbd1XYRBk9myaseg,Pitbull,12192676.0
0p4nmQO2msCgU4IF37Wi3j,Avril Lavigne,12143094.0
20wkVLutqVOYrc0kxFs7rA,Daniel Caesar,12128579.0
6HvZYsbFfjnjFrWF950C9d,NewJeans,12040002.0
6wWVKhxIU2cEi0K81v7HvP,Rammstein,12031531.0
757aE44tKEUQEqRuT6GnEB,Roddy Ricch,12021811.0
0nmQIMXWTXfhgOBdNzhGOs,Avenged Sevenfold,11966414.0
0oSGxfWSnnOXhD2fKuz2Gy,David Bowie,11922857.0
5xYNmNkaWRqu3e5F4UXME8,Alfredo Olivas,11871805.0
20zafXaLhm5IcXnSU93rNn,Nadin Amizah,11860052.0
6XpaIBNiVzIetEPCWDvAFP,Whitney Houston,11802941.0
48bKH1ugFBhERC1rdojP9d,Dewa 19,11778099.0
1bfl0AU8SqmLkElptOprhC,Julión Álvarez y su Norteño Banda,11705377.0
4UXqAaa6dQYAk18Lv7PEgX,Fall Out Boy,11536079.0
6fOMl44jA4Sp5b9PpYCkzz,NF,11405050.0
4mN0qcMxWX8oToqfDPM5yV,José José,11346956.0
3Mcii5XWf6E0lrY3Uky4cA,Ice Cube,11316639.0
07XSN3sPlIlB2L2XNcTwJw,KISS,11248207.0
2uYWxilOVlUdk4oV9DvwqK,Mitski,11247977.0
6Xgp2XMz1fhVYe7i6yNAax,Trippie Redd,11245113.0
7HCqGPJcQTyGJ2yqntbuyr,Amit Trivedi,11239591.0
1Xylc3o4UrD53lo9CvFvVg,Zara Larsson,11214300.0
5pBMkZNIlbGTH3hrsQJqAa,Mc Kevin,11191699.0
43ZHCT0cAZBISjO8DG9PnE,Elvis Presley,11177842.0
1GDbiv3spRmZ1XdM1jQbT7,NATTI NATASHA,11138340.0
2AfmfGFbe0A0WsTYm0SDTx,i-dle,11100707.0
4V8Sr092TqfHkfAA5fXXqG,Luis Fonsi,11063161.0
4wLXwxDeWQ8mtUIRPxGiD6,Marc Anthony,11046873.0
4tZwfgrHOc3mvqYlEYSvVi,Daft Punk,11041796.0
1oSPZhvZMIrWW5I41kPkkY,Jimin,11021540.0
3BmGtnKgCSGYIUhmivXKWX,Kelly Clarkson,11021376.0
6icQOAFXDZKsumw3YXyusw,Lil Yachty,11002810.0
1qto4hHid1P71emI6Fd8xi,Aventura,10862752.0
3MZsBdqDrRTJihTHQrO6Dq,Joji,10859200.0
2MRBDr0crHWE5JwPceFncq,Juan Gabriel,10839798.0
5bSfBBCxY8QAk4Pifveisz,La Arrolladora Banda El Limón De Rene Camacho,10828369.0
4boI7bJtmB1L3b1cuL75Zr,Mon Laferte,10827354.0
2hlmm7s2ICUX0LVIhVFlZQ,Gunna,10773852.0
7cYEt1pqMgXJdq00hAwVpT,Chase Atlantic,10770489.0
0lAWpj5szCSwM4rUMHYmrr,Måneskin,10748717.0
2EMAnMvWE2eb56ToJVfCWs,Bryson Tiller,10743258.0
163tK9Wjr9P9DmM0AVK7lm,Lorde,10639816.0
3nFkdlSjzX9mRTtwJOzDYB,JAY-Z,10625184.0
2HPaUgqeutzr3jx5a9WyDV,PARTYNEXTDOOR,10577109.0
4S9EykWXhStSc15wEx8QFK,Céline Dion,10544363.0
5r3wPya2PpeTTsXsGhQU8O,Shubh,10533262.0
7FBcuc1gsnv6Y1nwFtNRCb,My Chemical Romance,10509059.0
6mdiAmATAx73kdxrNrnlao,Iron Maiden,10502739.0
6dJeKm76NjfXBNTpHmOhfO,Selena Gomez & The Scene,10470392.0
21E3waRsmPlU7jZsS13rcj,Ne-Yo,10469925.0
4Ga1P7PMIsmqEZqhYZQgDo,Lil Tecca,10400688.0
6jGMq4yGs7aQzuGsMgVgZR,Lil Tjay,10373805.0
3qvcCP2J0fWi0m0uQDUf6r,Luan Santana,10300183.0
5Rl15oVamLq7FbSb0NNBNy,5 Seconds of Summer,10264418.0
1Hsdzj7Dlq2I7tHP7501T4,Niall Horan,10245235.0
7An4yvF7hDYDolN4m5zKBp,Soda Stereo,10205221.0
0ErzCpIMyLcjPiwT4elrtZ,NLE Choppa,10202644.0
3NH8t45zOTqzlZgBvZRjvB,PNL,10196267.0
2IMZYfNi21MGqxopj9fWx8,Rels B,10153015.0
6YVMFz59CuY7ngCxTxjpxE,aespa,10120652.0
5H4yInM5zmHqpKIoMNAx4r,Central Cee,10118749.0
1w5Kfo2jwwIPruYS2UWh56,Pearl Jam,10071896.0
2Wk167T0fY1fABsHM5qFcI,Sherine,10064531.0
3tVQdUvClmAT7URs9V3rsp,Wizkid,10033920.0
2x7PC78TmgqpEIjaGAZ0Oz,Trueno,10012261.0
5M52tdBnJaKSvOpJGz8mfZ,Black Sabbath,10010253.0
74XFHRwlV6OrjEM0A2NCMF,Paramore,9985744.0
3RNrq3jvMZxD9ZyoOZbQOD,Korn,9982031.0
5wJ1H6ud777odtZl5gG507,Vishal Mishra,9976827.0
1oH2B8tcHn4Gpl2bmmyd4A,La Santa Grifa,9974082.0
1mX1TWKpNxDSAH16LgDfiR,Jesse & Joy,9956237.0
45TgXXqMDdF8BkjA83OM7z,Rod Wave,9933520.0
5INjqkS1o8h1imAzPqGZBb,Tame Impala,9904396.0
45dkTj5sMRSjrmBSBeiHym,Tate McRae,9889104.0
5vV3bFXnN6D6N3Nj4xRvaV,Jin,9875715.0
6Q192DXotxtaysaqNPy5yR,Amy Winehouse,9842449.0
0vR2qb8m9WHeZ5ByCbimq2,Reik,9842397.0
1yxSLGMDHlW21z4YXirZDS,Black Eyed Peas,9824744.0
5ZS223C6JyBfXasXxrRqOk,Jhené Aiko,9777835.0
29CQLw9uLWsl8Qkz9holfr,Racionais MC's,9777114.0
1U1el3k54VvEUzo3ybLPlM,Kali Uchis,9773372.0
0kPb52ySN2k9P6wEZPTUzm,Tiara Andini,9759821.0
2CKOmarVWvWqkNWUatHCex,Ana Castela,9744043.0
19HM5j0ULGSmEoRcrSe5x3,Milo j,9703335.0
64tJ2EAv1R6UaZqc4iOCyj,YOASOBI,9686386.0
6nVcHLIgY5pE2YCl8ubca1,JHAYCO,9658627.0
5xd2Tg7Zo8755eCy8Gxkp8,Ha*Ash,9647956.0
0pePYDrJGk8gqMRbXrLJC8,Luis R Conriquez,9572356.0
1LZEQNv7sE11VDY3SdxQeN,Bee Gees,9527290.0
3WGpXCj9YhhfX11TToZcXP,Troye Sivan,9477707.0
0BvkDsjIUla7X0k6CSWh1I,Luke Bryan,9476629.0
1TA5sGRlKUJXBN4ZyJuDIX,Blessd,9461281.0
6FBDaR13swtiWwGhX1WQsP,blink-182,9418120.0
1JbemQ1fPt2YmSLjAFhPBv,Chayanne,9399652.0
1on7ZQ2pvgeQF4vmIA09x5,Charlie Brown Jr.,9391856.0
5NHm4TU5Twz7owibYxJfFU,King,9383524.0
2kxP07DLgs4xlWz8YHlvfh,NIKI,9372934.0
1l7ZsJRRS8wlW3WfJfPfNS,Christina Aguilera,9372800.0
0eecdvMrqBftK0M1VKhaF4,CNCO,9366478.0
46pWGuE3dSwY3bMMXGBvVS,Rema,9361535.0
7vXDAI8JwjW531ouMGbfcp,TINI,9337869.0
6LqNN22kT3074XbTVUrhzX,Kesha,9329578.0
5XJDexmWFLWOkjOEjOVX3e,Eladio Carrion,9319373.0
1wZtkThiXbVNtj6hee6dz9,Wisin & Yandel,9277139.0
2FXC3k01G6Gw61bmprjgqS,Hozier,9246700.0
6LEG9Ld1aLImEFEVHdWNSB,AP Dhillon,9232553.0
4YLtscXsxbVgi031ovDDdh,Chris Stapleton,9224887.0
7ltDVBr6mKbRvohxheJ9h1,ROSALÍA,9191633.0
1VPmR4DJC1PlOtd0IADAO0,$uicideboy$,9141486.0
6OBGbSaBUvQtk9wpQfDbOE,Kevin Kaarl,9120174.0
31W5EY0aAly4Qieq6OFu6I,A Boogie Wit da Hoodie,9094108.0
0jnsk9HBra6NMjO2oANoPY,Flo Rida,9079498.0
0WwSkZ7LtFUFjGjMZBMt6T,Dire Straits,9046685.0
7gW0r5CkdEUMm42w9XpyZO,Laufey,9019268.0
4gdMJYnopf2nEUcanAwstx,Anuv Jain,9015588.0
0eHQ9o50hj6ZDNBt6Ys1sD,Yandel,9011004.0
2kRfqPViCqYdSGhYSM9R0Q,Madison Beer,8974272.0
22WZ7M8sxp5THdruNY3gXt,The Doors,8971569.0
3uwAm6vQy7kWPS2bciKWx9,girl in red,8953974.0
6tbjWDEIzxoDsBA1FuhfPW,Madonna,8934428.0
3AQRLZ9PuTAozP28Skbq8V,The Script,8905222.0
2UZIAOlrnyZmyzt1nuXr9y,Nicki Nicole,8890011.0
0cGUm45nv7Z6M6qdXYQGTX,Kehlani,8889896.0
5p7f24Rk5HkUZsaS3BLG5F,Hailee Steinfeld,8865157.0
0ZCO8oVkMj897cKgFH7fRW,Los Ángeles Azules,8836950.0
3tJnB0s6c3oXPq1SCCavnd,Marco Antonio Solís,8815998.0
6sq1yF0OZEWA4xoXVKW1L9,Alejandro Fernández,8811714.0
3MHaV05u0io8fQbZ2XPtlC,Prince Royce,8809904.0
27T030eWyCQRmDyuvr1kxY,Scorpions,8791059.0
4qFxP3qN9GsnZDOkAE6x2m,December Avenue,8722256.0
4J13m9IZh03PEhoxAxRhXO,Gerardo Ortiz,8721437.0
7uDdl5V5AETSFY7K3muu22,Arthur Nery,8712164.0
3Me35AWHCGqW4sZ7bWWJt1,Xavi,8612797.0
1Mxqyy3pSjf8kZZL4QVxS0,Frank Sinatra,8574550.0
12Chz98pHFMPJEknJQMWvI,Muse,8567655.0
5sUrlPAHlS9NEirDB8SEbF,Alejandro Sanz,8547687.0
4SpbR6yFEvexJuaBpgAU5p,LE SSERAFIM,8516064.0
2jku7tDXc6XoB6MO2hFuqg,Tory Lanez,8515512.0
165ZgPlLkK7bf5bDoFc6Sb,Limp Bizkit,8506438.0
21451j1KhjAiaYKflxBjr1,Zion & Lennox,8494004.0
0Q8NcsJwoCbZOHHW63su5S,Mora,8448243.0
1DxLCyH42yaHKGK3cl5bvG,Maria Becerra,8424538.0
36iDrP3UnCxsSH9LuSdkDj,Masoom Sharma,8376598.0
6QtgPSJPSzcnn7dPZ4VINp,King Von,8365546.0
20sxb77xiYeusSH8cVdatc,Meek Mill,8330949.0
1gBUSTR3TyDdTVFIaQnc02,NCT DREAM,8284558.0
1Y8cdNmUJH7yBTd9yOvr5i,Destiny's Child,8271417.0
3Sz7ZnJQBIHsXLUSo0OQtM,Mac DeMarco,8236716.0
0GOx72r5AAEKRGQFn3xqXK,GIMS,8223990.0
57LYzLEk2LcFghVwuWbcuS,Summer Walker,8214391.0
5y2Xq6xcjJb2jVM54GHK3t,John Legend,8201256.0
6w3SkAHYPsQ1bxV7VDlG5y,Cazzu,8149761.0
0C0XlULifJtAgn6ZNCW2eu,The Killers,8144006.0
7slfeZO9LsJbWgpkIoXBUJ,Ricky Martin,8128614.0
3tlXnStJ1fFhdScmQeLpuG,Brent Faiyaz,8112567.0
3IYUhFvPQItj6xySrBmZkd,Creedence Clearwater Revival,8097255.0
3mIj9lX2MWuHmhNCA7LSCW,The 1975,8092434.0
2o5jDhtHVPhrJdv3cEQ99Z,Tiësto,8080071.0
4tuJ0bMpJh08umKkEXKUI5,Gracie Abrams,8072982.0
6Ghvu1VvMGScGpOUJBAHNH,Deftones,8059467.0
6deZN1bslXzeGvOLaLMOIF,Nickelback,7989687.0
3yY2gUcIsjMr8hjo51PoJ8,The Smiths,7977994.0
5a2EaR3hamoenG9rDuVn8j,Prince,7911693.0
6IdtcAwaNVAggwd6sCKgTI,Zoé,7859926.0
4npEfmQ6YuiwW1GpUmaq3F,Ava Max,7858565.0
3hYtANQYrE6pd2PbtEyTIy,Los Tigres Del Norte,7854928.0
6ZLTlhejhndI4Rh53vYhrY,Ozzy Osbourne,7840301.0
4Gso3d4CscCijv0lmajZWs,Don Toliver,7824322.0
7iZtZyCzp3LItcw1wtPI3D,Rae Sremmurd,7821481.0
0fA0VVWsXO9YnASrzqfmYu,Kid Cudi,7819876.0
7gOdHgIoIKoe4i9Tta6qdD,Jonas Brothers,7806288.0
49EE6lVLgU8sp7dFgPshgM,La Adictiva,7799068.0
2iojnBLj0qIMiKPvVhLnsH,Trey Songz,7789710.0
6XkjpgcEsYab502Vr1bBeW,Grupo Frontera,7786531.0
5NGO30tJxFlKixkPSgXcFE,The Police,7785798.0
3a1tBryiczPAZpgoZN9Rzg,Asake,7761393.0
3TOqt5oJwL9BE2NG9MEwDa,Disturbed,7753799.0
1snhtMLeb2DYoMOcVbb8iB,Kenshi Yonezu,7733182.0
6WOdPJmexxFINcKMkP2jMG,Sachet Tandon,7731581.0
6UZ0ba50XreR4TM8u322gs,JISOO,7685512.0
6Sv2jkzH9sWQjwghW5ArMG,Lyodra,7682062.0
7GlBOeep6PqTfFi59PTUUN,Chappell Roan,7618878.0
6zFYqv1mOsgBRQbae3JJ9e,Billy Joel,7606834.0
6iAY2AyUZLSX3PWLIAfFZY,Fernandinho,7602715.0
40ZNYROS4zLfyyBSs2PGe2,Zach Bryan,7553939.0
1UTPBmNbXNTittyMJrNkvw,Blake Shelton,7545820.0
4lxfqrEsLX6N1N4OCSkILp,Phil Collins,7537724.0
762310PdDnwsDxAQxzQkfX,Depeche Mode,7513440.0
1sPg5EHuQXTMElpZ4iUgXe,ANAVITÓRIA,7512454.0
3YbOSxo85kla7RID8ugnW3,Los Temerarios,7498135.0
2NoJ7NuNs9nyj8Thoh1kbu,Hariharan,7494836.0
2xiIXseIJcq3nG7C8fHeBj,Three Days Grace,7493862.0
5Vo1hnCRmCM6M4thZCInCj,OFFICIAL HIGE DANDISM,7479412.0
6RTC1abMgBC7Krg6qJQHJh,Duman,7471400.0
74ASZWbe4lXaubB36ztrGX,Bob Dylan,7465943.0
3eqjTLE0HfPfh78zjh6TqT,Bruce Springsteen,7460749.0
22wbnEMDvgVIAGdFeek6ET,Benson Boone,7453323.0
776Uo845nYHJpNaStv1Ds4,Jimi Hendrix,7450271.0
49tQo2QULno7gxHutgccqF,LANY,7442422.0
12vb80Km0Ew53ABfJOepVz,Ñengo Flow,7441293.0
6IDsZZ4IHgs9VblBgQQSmt,Andmesh,7421280.0
5LHRHt1k9lMyONurDHEdrp,Tyga,7405724.0
6tw6EpC9RgmSRZiZg0n22t,Legião Urbana,7357516.0
1Yj5Xey7kTwvZla8sqdsdE,Cris MJ,7346745.0
47z98pKd71yIbgXwe9LPVC,Bernadya,7342051.0
4phGZZrJZRo4ElhRtViYdl,Jason Mraz,7332010.0
1moxjboGR7GNWYIMWsRjgG,Florence + The Machine,7324549.0
3KV3p5EY4AvKxOlhGHORLg,Jeremih,7321487.0
1IDBhlpDyKr53UKKxXRHXD,NDX A.K.A.,7319231.0
1X6ORK7IekgmyjV6IFPszP,Gustavo Mioto,7292668.0
7guDJrEfX3qb6FEbdPA5qi,Stevie Wonder,7221395.0
7d86ERlvO5UG44j7Va0Y0C,Pamungkas,7202131.0
7B4hKK0S9QYnaoqa9OuwgX,Eazy-E,7183697.0
4yiQZ8tQPux8cPriYMWUFP,Gwen Stefani,7150335.0
3FfvYsEGaIb52QPXhg4DcH,Jason Aldean,7139623.0
5fS7aONqrIhiw6YzgKVOsd,Judika,7065655.0
2d0hyoQ5ynDBnkvAbJKORj,Rage Against The Machine,7026505.0
1mXAhKnZEdF6rotyyd4GBi,MC Kevinho,7017249.0
1GxkXlMwML1oSg5eLPiAz3,Michael Bublé,7007309.0
00me4Ke1LsvMxt5kydlMyU,Cosculluela,7004291.0
5JXhkyafynxCvxtov7C1PV,Bruno & Marrone,6981032.0
6kACVPfCOnqzgfEF5ryl0x,Johnny Cash,6976059.0
2cnMpRsOVqtPMfq7YiFE6K,Van Halen,6939345.0
4uoz4FUMvpeyGClFTTDBsD,Ricardo Montaner,6912389.0
2jSGzJw0ebJLu7OLVSOcBP,Plan B,6896299.0
5JZ7CnR6gTvEMKX4g70Amv,Lauv,6882024.0
4nGp682WMiKS4X217kPw8C,Silent Sanctuary,6849564.0
7pbDxGE6nQSZVfiFdq9lOL,Rex Orange County,6846564.0
5rSXSAkZ67PYJSvpUpkOr7,Backstreet Boys,6841480.0
6Ip8FS7vWT1uKkJSweANQK,Dave,6841163.0
7xeM7V59cA1X8GKyKKQV87,Sin Bandera,6836553.0
7bu3H8JO7d0UbMoVzbo70s,The Cure,6819596.0
35l9BRT7MXmM8bv2WDQiyB,beabadoobee,6806685.0
5LfGQac0EIXyAN8aUwmNAQ,The Offspring,6805803.0
3c0gDdb9lhnHGFtP4prQpn,KATSEYE,6798745.0
3l0CmX0FuQjFxr8SK7Vqag,Clairo,6772268.0
6PUZZX4GCzeFS0GaDWxVwz,Maher Zain,6752442.0
1Ffb6ejR6Fe5IamqA5oRUF,Bring Me The Horizon,6734029.0
2tIP7SsRs7vjIcLrU85W8J,The Kid LAROI,6727780.0
4EnEZVjo3w1cwcQYePccay,N.W.A.,6726302.0
4x1nvY2FN8jxqAFA0DA02H,John Lennon,6709195.0
31VFEohvhOUKrtAONEBhMG,Kenia Os,6703039.0
6nfDaffa50mKtEOwR8g4df,GOT7,6697633.0
51DevdOxIJin6DB1FXJpD1,UZI,6678535.0
5H1nN1SzW0qNeUEZvuXjAj,Danny Ocean,6667186.0
6PAt558ZEZl0DmdXlnjMgD,Eric Clapton,6665900.0
3gd8FJtBJtkRxdfbTu19U2,Mumford & Sons,6663848.0
0rvjqX7ttXeg3mTy8Xscbt,Journey,6644009.0
6vTqEFbTtTRJsuIpzZgjxi,Grupo Menos É Mais,6641004.0
57vWImR43h4CaDao012Ofp,Steve Lacy,6635258.0
52iwsT98xCoGgiGntTiR7K,Quevedo,6582040.0
25uiPmTg16RbhZWAqwLBy5,Charli xcx,6549049.0
0epOFNiUfyON9EYx7Tpr6V,The Strokes,6533764.0
4QvgGvpgzgyUOo8Yp8LDm9,Mrs. GREEN APPLE,6520230.0
0XeEobZplHxzM9QzFQWLiR,Eslabon Armado,6512284.0
6RHTUrRF63xao58xh9FXYJ,IVE,6481527.0
5nGIFgo0shDenQYSE0Sn7c,Evanescence,6473499.0
0my6Pg4I28dVcZLSpAkqhv,El Fantasma,6472508.0
6Sbl0NT50roqWvy746MfVf,Gabito Ballesteros,6435833.0
14pVkFUHDL207LzLHtSA18,Pantera,6435743.0
64tNsm6TnZe2zpcMVMOoHL,Alice In Chains,6417753.0
1gW6pz5n1aK249L0GvfQCC,Grupo Marca Registrada,6417002.0
5ZfBThYiIIhL7jHMG8gDB2,Ferrugem,6415638.0
3nlpTZci9O5W8RsNoNH559,Juan Luis Guerra 4.40,6390834.0
6wPhSqRtPu1UhRCDX5yaDJ,The Pussycat Dolls,6374561.0
02kJSzxNuaWGqwubyUba0Z,G-Eazy,6361954.0
1SIocsqdEefUTE6XKGUiVS,BABYMONSTER,6358075.0
7LvDTuFCBv08xm6u1pOMK0,TJ Monterde,6357366.0
1Db5GsIoVWYktPoD2nnPZZ,Gloria Trevi,6343136.0
7HkdQ0gt53LP4zmHsL0nap,Ella Mai,6291265.0
4NEYQeEYBUjfaXgDQGvFvu,Franco De Vita,6280082.0
360IAlyVv4PCEVjgyMZrxK,Miguel,6275132.0
19k8AgwwTSxeaxkOuCQEJs,Jelly Roll,6270733.0
1Yox196W7bzVNZI7RBaPnf,Megadeth,6264479.0
4Kxlr1PRlDKEB0ekOCyHgX,BIGBANG,6263195.0
0hEurMDQu99nJRq8pTxO14,John Mayer,6262093.0
6ydoSd3N2mwgwBHtF6K7eX,Calum Scott,6249555.0
4RddZ3iHvSpGV4dvATac9X,Papa Roach,6227736.0
3r17AfJCCUqC9Lf0OAc73G,Fergie,6226802.0
0z4gvV4rjIZ9wHck67ucSV,Akon,6213354.0
40Yq4vzPs9VNUrIBG5Jr2i,The Smashing Pumpkins,6200557.0
2hejA1Dkf8v8R0koF44FvW,Gera MX,6173010.0
6CwfuxIqcltXDGjfZsMd9A,MARINA,6165931.0
4xFUf1FHVy696Q1JQZMTRj,Carrie Underwood,6153113.0
3qiHUAX7zY4Qnjx8TNUzVx,Yeat,6141905.0
1CcZoULzFHa8Uhwo6OlQcp,Semicenk,6099332.0
6rs1KAoQnFalSqSU4LTh8g,back number,6082475.0
3koiLjNrgRTNbOwViDipeA,Marvin Gaye,6074944.0
164Uj4eKjl6zTBKfJLFKKK,JVKE,6064971.0
3ZpEKRjHaHANcpk10u6Ntq,Ayra Starr,6063832.0
2rhFzFmezpnW82MNqEKVry,Ski Mask The Slump God,6061351.0
0cc6vw3VN8YlIcvr1v7tBL,Mötley Crüe,6056023.0
568ZhdwyaiCyOGJRtNYhWf,Deep Purple,6053020.0
5zctI4wO9XSKS8XwcnqEHk,Lil Mosey,6029693.0
0ygQsC5td2maGmglpzd7tp,Rossa,6023224.0
33qOK5uJ8AR2xuQQAhHump,Teddy Swims,6021152.0
49bzE5vRBRIota4qeHtQM8,Skillet,6020931.0
3aQeKQSyrW4qWr35idm0cy,T-Pain,5989193.0
6TYimByryGphZCtwYopH0y,Lauana Prado,5988571.0
4MVyzYMgTwdP7Z49wAZHx0,Lynyrd Skynyrd,5987460.0
1HwM5zlC5qNWhJtM00yXzG,DMX,5983204.0
5yOvAmpIR7hVxiS6Ls5DPO,Omah Lay,5980302.0
16oZKvXb6WkQlVAjwo2Wbg,The Lumineers,5963701.0
70cRZdQywnSFp9pnc2WTCE,Simon & Garfunkel,5961156.0
7gAppWoH7pcYmphCVTXkzs,The Vamps,5911432.0
5B8ApeENp4bE4EE3LI8jK2,Yuridia,5903370.0
29SeiO68HQHBs7pDdWOvvX,Jesús Adrián Romero,5892307.0
67ea9eGLXYMsO2eYQRui3w,The Who,5889162.0
1GMwSpFzrLd12jUX15bHB6,BLOK3,5878814.0
5uUb3J6HqLhBWwzuh84LUZ,Seventeen,5856876.0
6PH3FLQAxtqYy46Zv08bpV,Ivan Cornejo,5851182.0
2qk9voo8llSGYcZ6xrBzKx,Kings of Leon,5828165.0
15iVAtD3s3FsQR4w1v6M0P,Chief Keef,5827547.0
3oSJ7TBVCWMDMiYjXNiCKE,Kane Brown,5817352.0
6XFITTl7cFTdopDY3lUdlY,J Alvarez,5803472.0
19ra5tSw0tWufvUp8GotLo,George Michael,5802358.0
31aMmlq8isIAgojvmIwiS4,Noah,5779395.0
4DdkRBBYG6Yk9Ka8tdJ9BW,Offset,5773675.0
7Gy1PxqrgsiqWF6JNYPHeB,.Feast,5764016.0
6H1RjVyNruCmrBEWRbD0VZ,Def Leppard,5756649.0
56oDRnqbIiwx4mymNEv7dS,Lizzo,5743009.0
41ESHLayJ5sDKjAOv6cMhe,Ana Gabriel,5741006.0
6TIYQ3jFPwQSRmorSezPxX,mgk,5699894.0
7IlRNXHjoOCgEAWN5qYksg,Aya Nakamura,5692448.0
34nbQa7Hug9DYkRJpfKNFv,T3R Elemento,5682594.0
7EQ0qTo7fWT7DPxmxtSYEc,Bastille,5676632.0
1QOmebWGB6FdFtW7Bo3F0W,Gustavo Cerati,5665815.0
0UWZUmn7sybxMCqrw9tGa7,Juanes,5649507.0
2y8Jo9CKhJvtfeKOsYzRdT,Rod Stewart,5647686.0
5IH6FPUwQTxPSXurCrcIov,Alec Benjamin,5631469.0
3b8QkneNDz4JHKKKlLgYZg,Florida Georgia Line,5622251.0
2rmkQLzj0k4nZdQehOUByO,Chino Pacas,5616308.0
16kOCiqZ1auY4sokSeZuKf,Los Bukis,5612728.0
0NsJZ5PMjqghGDuMzY7CuT,Marcos & Belutti,5596711.0
5M9Bb4adKAgrOFOhc05Y50,Pablo Alborán,5594751.0
7t0rwkOPGlDPEhaOcVtOt9,The Cranberries,5586723.0
2W8yFh0Ga6Yf3jiayVxwkE,Dove Cameron,5560997.0
1z7b1Pr1rSlvWRzsW3HOrS,Russ,5555665.0
4GvEc3ANtPPjt1ZJllr5Zl,Bazzi,5529609.0
68KmkJeZGfwe1OUaivBa2L,ATEEZ,5511222.0
2uyweLa0mvPZH6eRzDddeB,Rocío Dúrcal,5502720.0
4KWTAlx2RvbpseOGMEmROg,R.E.M.,5463323.0
1hcdI2N1023RvSwLzTtdsp,Natalia Lafourcade,5458759.0
4fxd5Ee7UefO4CUXgwJ7IP,GIVĒON,5455627.0
4xXCRXOfQKQ2gjWxNhNzYW,Air Supply,5435878.0
2RdwBSPQiwcmiDo9kixcl8,Pharrell Williams,5417334.0
0AqlFI0tz2DsEoJlKSIiT9,Emilia,5398592.0
3Isy6kedDrgPYoTS1dazA9,Sean Paul,5382497.0
4TK1gDgb7QKoPFlzRrBRgR,Los Enanitos Verdes,5356331.0
5CROBjCskHMjRlerJor7Gx,Guyon Waton,5333113.0
47zz7sob9NUcODy0BTDvKx,Sade,5326507.0
0ZED1XzwlLHW4ZaG4lOT6m,Julia Michaels,5324073.0
7d3WFRME3vBY2cgoP38RDo,Lil Skies,5295155.0
2gRP1Ezbtj3qrERnd0XasU,Camila,5292106.0
3YCKuqpv9nCsIhJ2v8SMix,Elevation Worship,5276663.0
5vngPClqofybhPERIqQMYd,George Strait,5254488.0
2ziB7fzrXBoh1HUPS6sVFn,Audioslave,5252919.0
61nn6nOoLWjVC1ER2qFAvN,Cup of Joe,5244826.0
0a1SidMjD8D6EHvJph4n2H,Ruger,5239346.0
5BtHciL0e0zOP7prIHn3pP,Breaking Benjamin,5225565.0
3tJoFztHeIJkJWMrx0td2f,Moneybagg Yo,5225002.0
5xUf6j4upBrXZPg6AI4MRK,Soundgarden,5192493.0
4QQgXkCYTt3BlENzhyNETg,"Earth, Wind & Fire",5190478.0
4bPiOPI4V99cepEftvBYak,Banda Los Recoditos,5189616.0
6sFIWsNpZYqfjUpaCgueju,Carly Rae Jepsen,5186741.0
4OBJLual30L7gRl5UkeRcT,T.I.,5177391.0
1GImnM7WYVp95431ypofy9,Caifanes,5161052.0
3oDbviiivRWhXwIE8hxkVV,The Beach Boys,5151701.0
60uh2KYYSCqAgJNxcU4DA0,Hombres G,5150976.0
6PXS4YHDkKvl1wkIl4V8DL,Fetty Wap,5136043.0
2cFrymmkijnjDg9SS92EPM,blackbear,5111117.0
5xSx2FM8mQnrfgM1QsHniB,Danna Paola,5108427.0
6roFdX1y5BYSbp60OTJWMd,Tim McGraw,5099307.0
0XK6kT7xcZAlcYrNjOgzJe,Carla Morrison,5094437.0
7tNO3vJC9zlHy2IJOx34ga,BINI,5092930.0
3SUT1jjM5hzZj9TLfLZGIP,Tego Calderón,5060610.0
5069JTmv5ZDyPeZaCCXiCg,wave to earth,5058099.0
0I6yADrmeyvw66g7yjkqIF,The Living Tombstone,5032572.0
2VYQTNDsvvKN9wmU5W7xpj,Marilyn Manson,5030333.0
6x2LnllRG5uGarZMsD4iO8,Thomas Rhett,5028094.0
2AM4ilv6UzW0uMRuqKtDgN,ZZ Top,5000708.0
2RTUTCvo6onsAnheUk3aL9,3 Doors Down,4988069.0
6pV5zH2LzjOUHaAvENdMMa,Neton Vega,4983004.0
1TtXnWcUs0FCkaZDPGYHdf,Darell,4970664.0
3LZZPxNDGDFVSIPqf4JuEf,Ice Spice,4965571.0
78rUTD7y6Cy67W1RVzYs7t,PinkPantheress,4941805.0
3grHWM9bx2E9vwJCdlRv9O,Kenny Chesney,4937970.0
3Z02hBLubJxuFJfhacLSDc,Bryan Adams,4937296.0
0vjeBgTzYTwmYoVySJzXGD,Virlan Garcia,4900670.0
0YC192cP3KPCRWx8zr8MfZ,Hans Zimmer,4897385.0
2jw70GZXlAI8QzWeY2bgRc,Nelly Furtado,4893916.0
03Yb3iBy9GCifXiATEFcit,Pepe Aguilar,4890889.0
0f6TyESD8E1mD2oLJ4TGv1,For Revenge,4882558.0
5Z1CCuBsyhEHngq3U5IraY,Westlife,4866109.0
1zuJe6b1roixEKMOtyrEak,Tina Turner,4861087.0
5gOJTI4TusSENizxhcG7jB,David Bisbal,4848323.0
4zpGxqF6oI1h3f6Md2v42T,Hev Abi,4840035.0
0V2oXYR7DtrZAEFeILRW2r,Lvbel C5,4834668.0
5y8tKLUfMvliMe8IKamR32,d4vd,4807707.0
1WgXqy2Dd70QQOU7Ay074N,AURORA,4803782.0
67IN4cLJ7798gUapyZlmac,Zack Tabudlo,4801649.0
5ZNxiPcbKgaNcBrERMpqeu,Mägo de Oz,4796160.0
3iDD7bnsjL9J4fO298r0L0,Chicago,4755089.0
3jOstUTkEu2JkjvRdBA5Gu,Weezer,4742005.0
03SZmfKAgYRQKUwy0EoJUa,Roop Kumar Rathod,4732051.0
0VKh7CQDi9MkUvaBMoK1V0,Bronco,4719413.0
6bDWAcdtVR3WHz2xtiIPUi,Fujii Kaze,4712264.0
4az97MtWmBQ5Db3GfDh9j9,Morad,4704938.0
2Lxa3SFNEW0alfRvtdXOul,Ariel Camacho y Los Plebes Del Rancho,4703396.0
1EXjXQpDx2pROygh8zvHs4,Melendi,4702579.0
4U7lXyKdSf1JbM1aXvsodC,La Oreja de Van Gogh,4689540.0
7ITMCzIU9uII8gwRg8JAhc,Odetari,4680792.0
1Cd373x8qzC7SNUg5IToqp,BoyWithUke,4674939.0
1pgDilWYDWLoOgGjf1iHNu,Zion,4669163.0
71oGOxg5ez52Hh1Ye41A98,Mustafa Zahid,4661983.0
1zng9JZpblpk48IPceRWs8,Grupo Niche,4638289.0
4NUePmzDvCYqilXBFa91Hg,Dilsinho,4635434.0
3gMaNLQm7D9MornNILzdSl,Lionel Richie,4624435.0
2yEwvVSSSUkcLeSTNyHKh8,TOOL,4620084.0
2XHTklRsNMOOQT56Zm3WS4,Parokya Ni Edgar,4618704.0
4yvcSjfu4PC0CYQyLy4wSq,Glass Animals,4615406.0
6T5tfhQCknKG4UnH90qGnz,DNCE,4607642.0
70BYFdaZbEKbeauJ670ysI,Shinedown,4600918.0
108moq3rq6bm1M4Ypz0J02,Intocable,4599340.0
3X458ddYA2YcVWuVIGGOYe,Toni Braxton,4597999.0
2RQXRUsr4IW1f3mKyKsy4B,Noah Kahan,4591227.0
0TImkz4nPqjegtVSMZnMRq,TLC,4575441.0
2wC90WSKQd0BvdxJZ0mObr,El Komander,4572373.0
0SfsnGyD8FpIN4U4WCkBZ5,Armin van Buuren,4570039.0
2WzaAvm2bBCf4pEhyuDgCY,Ruth B.,4560914.0
3FUY2gzHeIiaesXtOAdB7A,Train,4556602.0
0e86yPdC41PGRkLp2Q1Bph,Mother Mother,4534006.0
6AcOTCYBMvjKYy4zms0kaC,Banda El Recodo,4529096.0
1DFr97A9HnbV3SKTJFu62M,Motörhead,4527188.0
7jefIIksOi1EazgRTfW2Pk,Electric Light Orchestra,4520454.0
2AZOALDIBORfbzKTuliwdJ,Cristian Castro,4514812.0
3sgFRtyBnxXD5ESfmbK4dl,LMFAO,4499901.0
085pc2PYOi8bGKj0PNjekA,will.i.am,4477919.0
2hR4h1Cao2ueuI7Cx9c7V8,Cavetown,4475088.0
1XkoF8ryArs86LZvFOkbyr,Mary J. Blige,4472215.0
4zmZ8lVLzGc84S4v2B1rLx,Seyi Vibez,4447174.0
43sZBwHjahUvgbx1WNIkIz,Creed,4442954.0
6IE6z7DcZIT4Ml3Fh5Ivch,Selena,4441801.0
014WIDx7H4BRCHB1faiisK,Los Tucanes De Tijuana,4439220.0
0f59qYByNYzspwAr7huTSB,Isadora Pompeo,4430507.0
5gqmbbfjcikQBzPB5Hv13I,Gazo,4420002.0
2LIk90788K0zvyj2JJVwkJ,Jack Harlow,4419674.0
6qhOH2mrlqUDod9sWA5kR2,Leo Dan,4415801.0
2CmaKO2zEGJ1NWpS1yfVGz,Falling In Reverse,4402886.0
1vfezMIyCr4XUdYRaKIKi3,Keyshia Cole,4400116.0
2txHhyCwHjUEpJjWrEyqyX,Tom Odell,4397383.0
0qT79UgT5tY4yudH9VfsdT,Sum 41,4387082.0
20qISvAhX20dpIbOOzGK3q,Nas,4364067.0
7H55rcKCfwqkyDFH9wpKM6,Christina Perri,4359096.0
26T3LtbuGT1Fu9m0eRq5X3,Cage The Elephant,4348597.0
5dHt1vcEm9qb8fCyLcB3HL,A$AP Ferg,4347276.0
0zOcE3mg9nS6l3yxt1Y0bK,The Fray,4343182.0
36cgvBn0aadzOijnjjwqMN,ILLIT,4324852.0
2ysnwxxNtSgbb9t1m2Ur4j,George Ezra,4322181.0
0uq5PttqEjj3IH1bzwcrXF,Spice Girls,4314691.0
21WS9wngs9AqFckK7yYJPM,PnB Rock,4314242.0
3pc0bOVB5whxmD50W79wwO,keshi,4285006.0
7Hf9AwMO37bSdxHb0FBGmO,Alejandra Guzman,4280201.0
5SulO4l40qDuV9zUGLZx7n,Capo Plaza,4266547.0
3QSQFmccmX81fWCUSPTS7y,Dean Lewis,4255534.0
01rgao9OzfBm2BOHWJpi1Y,Espinoza Paz,4218794.0
4bthk9UfsYUYdcFyqxmSUU,Tears For Fears,4218188.0
66NmU5epI0ONGmdCRbLpmW,Feby Putri,4203897.0
6yJCxee7QumYr820xdIsjo,Zac Brown Band,4195252.0
2sSGPbdZJkaSE2AbcGOACx,The Marías,4176690.0
2IvkS5MXK0vPGnwyJsrEyV,Eric Church,4172181.0
7mnBLXK823vNxN3UWB7Gfz,The Black Keys,4156977.0
6wxfx1yhyqjCPYwwxJktR2,King Gnu,4155589.0
4EzkuveR9pLvDVFNx6foYD,James Bay,4119187.0
1yzgJmZf5CxtFfGfRFm4Si,Gajendra Verma,4118775.0
1DlYnIiliftt6R21Y5NOW2,Adie,4112327.0
3LKXWvXFWrkwUzJWxzwVpW,Tony Dize,4110328.0
5DUlefCLzVRzNWaNURTFpK,Cali Y El Dandee,4109597.0
64DvMieEUCdrYKmEIhDt8G,Arjan Dhillon,4099288.0
20s0P9QLxGqKuCsGwFsp7w,Mario,4085340.0
3GBPw9NK25X1Wt2OUvOwY3,Jack Johnson,4085204.0
2pAWfrd7WFF3XhVt9GooDL,MF DOOM,4082522.0
6AUl0ykLLpvTktob97x9hO,Tee Grizzley,4081898.0
4iJLPqClelZOBCBifm8Fzv,Pierce The Veil,4076307.0
28ot3wh4oNmoFOdVajibBl,NMIXX,4073967.0
3EhbVgyfGd7HkpsagwL9GS,Alice Cooper,4069758.0
2Ooa3TrmlskyBftzenv6xQ,Payung Teduh,4066586.0
7gP3bB2nilZXLfPHJhMdvc,Foster The People,4066002.0
2UazAtjfzqBF0Nho2awK4z,Stone Temple Pilots,4063225.0
2uFUBdaVGtyMqckSeCl0Qj,Ludovico Einaudi,4063215.0
3nFB4eMP5gdqee2eQb8nZb,Conjunto Primavera,4055719.0
0BHm7qbh3ENxvXzkQAG7MP,Mari Fernandez,4053727.0
3SozjO3Lat463tQICI9LcE,Tyla,4042569.0
0RqtSIYZmd4fiBKVFqyIqD,Thirty Seconds To Mars,4041630.0
3CAhiUHkUYT1mFtVHM9SHA,Valentín Elizalde,4038562.0
3JsMj0DEzyWc0VDlHuy9Bx,Supertramp,4031764.0
3k68C6mNMJL6OaAdWeW2ZF,Diego & Victor Hugo,4018861.0
5JG9GISYjRLQUJMH2C6iJ5,Turma do Pagode,4010903.0
30b9WulBM8sFuBo17nNq9c,G-DRAGON,4009532.0
7MhMgCo0Bl0Kukl93PZbYS,Blur,3999970.0
53A0W3U0s8diEn9RhXQhVz,Keane,3994569.0
2yMN0IP20GOaN6q0p0zL5k,Tarkan,3994425.0
4LEiUm1SRbFMgfqnQTwUbQ,Bon Iver,3978730.0
2p4FqHnazRucYQHyDCdBrJ,Simple Plan,3974558.0
6ogIjp0fsbUxlqy9q2rvrT,Shanti Dope,3959982.0
19y5MFBH7gohEdGwKM7QsP,Luther Vandross,3950859.0
0Ty63ceoRnnJKVEYP0VQpk,Sting,3931790.0
1fUSLFr4WUBx7joEcGwpvG,Sorriso Maroto,3929153.0
6IRouO5mvvfcyxtPDKMYFN,Foreigner,3928523.0
2eK9gcJQ6uqVvJL63dnOM3,Simone Mendes,3920056.0
5j4HeCoUlzhfWtjAfM1acR,Stromae,3910148.0
6B5c4sch27tWHAGdarpPaW,Seether,3895318.0
2gBjLmx6zQnFGQJCAQpRgw,Nelly,3893928.0
4k9wp4ipHdA1bu1T4x1ZTG,IV OF SPADES,3889066.0
1SXhEXzOTF7YeuQX59m7pT,NATTAN,3881329.0
41QLxRXlc2NwfJZkHGHKid,Israel & Rodolffo,3879983.0
7DuTB6wdzqFJGFLSH17k8e,Bhad Bhabie,3879169.0
4pejUc4iciQfgdX6OKulQn,Queens of the Stone Age,3878859.0
6S0dmVVn4udvppDhZIWxCr,Sean Kingston,3864771.0
7nwUJBm0HE4ZxD3f5cy5ok,Aretha Franklin,3858732.0
3JSSjGYcIkgsrz7892CelT,Ed Maverick,3855919.0
72OaDtakiy6yFqkt4TsiFt,Cher,3855003.0
46cVq2dwPgzPE3X1VR9TMj,Fourtwnty,3851551.0
69UypehHabb68utzfjAVlV,Kany García,3847472.0
2P5sC9cVZDToPxyomzF1UH,Joey Bada$$,3845783.0
09xj0S68Y1OU1vHMCZAIvz,Café Tacvba,3840029.0
0PFtn5NtBbbUNbU9EAmIWF,TOTO,3835828.0
1Qp56T7n950O3EGMsSl81D,Ghost,3829791.0
7rXMvXRnWHaSwnVvPeUUfw,Gloria Groove,3825984.0
5lKZWd6HiSCLfnDGrq9RAm,Leona Lewis,3814648.0
3iOvXCl6edW5Um0fXEBRXy,The xx,3801385.0
0gadJ2b9A4SKsB1RFkBb66,Passenger,3798853.0
2jnIB6XdLvnJUeNTy5A0J2,Why Don't We,3797615.0
3CkvROUTQ6nRi9yQOcsB50,Genesis,3789750.0
02Tq76MwpeoRu3BHIAiaio,Yura Yunita,3787250.0
58wXmynHaAWI5hwlPZP3qL,Booba,3778219.0
6bGOmNBU1AOgttgOjh0ldf,Ati242,3777668.0
27vNK840zYq6IfDijHPsv1,Gilberto Santa Rosa,3777022.0
3KonOYiLsU53m4yT7gNotP,TREASURE,3775145.0
34EP7KEpOjXcM2TCat1ISk,Wu-Tang Clan,3772136.0
7a0XAaPaK2aDSqa8p3QnC7,Beéle,3766268.0
3HVdAiMNjYrQIKlOGxoGh5,Rob Zombie,3751795.0
2WX2uTcsvV5OnS0inACecP,Birdy,3750621.0
6gZq1Q6bdOxsUPUG1TaFbF,Godsmack,3741082.0
32WkQRZEVKSzVAAYqukAEA,Lady A,3739692.0
6gEzJZrbm0F4ihvE9iXR9z,Péricles,3732675.0
687cZJR45JO7jhk1LHIbgq,Tems,3719335.0
3uL4UpqShC4p2x1dJutoRW,Ghostemane,3713371.0
4NHQUGzhtTLFvgF5SZesLK,Tove Lo,3712667.0
2feDdbD5araYcm6JhFHHw7,Labrinth,3708365.0
6s22t5Y3prQHyaHWUN1R1C,AJR,3699005.0
3YcBF2ttyueytpXtEzn1Za,Incubus,3695345.0
6lcwlkAjBPSKnFBZjjZFJs,Alex G,3693189.0
0a1gHP0HAqALbEyxaD5Ngn,Rascal Flatts,3692360.0
6O74knDqdv3XaWtkII7Xjp,Boyz II Men,3674600.0
0lZoBs4Pzo7R89JM9lxwoT,Duran Duran,3669788.0
0blbVefuxOGltDBa00dspv,LiSA,3666468.0
2IUl3m1H1EQ7QfNbNWvgru,Vaundy,3663751.0
5gznATMVO85ZcLTkE9ULU7,Lenny Kravitz,3663614.0
2sil8z5kiy4r76CRTXxBCA,The Goo Goo Dolls,3660362.0
44NX2ffIYHr6D4n7RaZF7A,Van Morrison,3649049.0
3tMTXQyRrPmMyHv5SoC0TV,Juicy Luicy,3641756.0
4dwdTW1Lfiq0cM8nBAqIIz,Of Monsters and Men,3637138.0
0SwO7SWeDHJijQ3XNS7xEE,MGMT,3633229.0
6zvul52xwTWzilBZl6BUbT,Pixies,3632093.0
6eXHRfK9Ad3IpMpSAqvcDf,Lefty Sm,3630653.0
7eLcDZDYHXZCebtQmVFL25,Aitana,3630492.0
4cgBCGxtlfap2g6jveB7du,Afgan,3618899.0
5rkVyNGXEgeUqKkB5ccK83,Ashanti,3613239.0
1fBCIkoPOPCDLUxGuWNvyo,Poison,3611865.0
3MrDVzg7ZXaYMyQmbDInr7,WIU,3599439.0
4F84IBURUo98rz4r61KF70,The White Stripes,3595626.0
4tMm1dU6Gn04VAZ9ClHcIZ,Jacquees,3577154.0
2Mu5NfyYm8n5iTomuKAEHl,Ms. Lauryn Hill,3558839.0
7FZj349hdLfD6qzXkJLuAh,La Quinta Estacion,3550563.0
2DmYtFBKcxb3ajwWWgA576,Emmanuel,3544000.0
10exVja0key0uqUkk6LJRT,Vance Joy,3525141.0
5Qi4Bb7a8C0a00NZcA77L0,D12,3524927.0
3IEvQoAohcGX7CdrbtIle7,Baby Rasta y Gringo,3523665.0
1lQO7ePBTp5yOfVK9hicoJ,Fidel Rueda,3517510.0
1G9G7WwrXka3Z1r7aIDjI7,Outkast,3509190.0
53KTldaJ8tHSkYU3nigfwP,Fonseca,3500026.0
5dmU7FrmtbQaSzIvGsE4Jp,Pancho Barraza,3494903.0
4sTQVOfp9vEMCemLw50sbu,Galantis,3484292.0
0EdvGhlC1FkGItLOWQzG4J,Sublime,3458846.0
2QWIScpFDNxmS6ZEMIUvgm,Julieta Venegas,3458249.0
1iIxNEvPPmdFIIP0tdpw6G,Los Cadetes De Linares,3455078.0
4mxWe1mtYIYfP040G38yvS,Alan Jackson,3451135.0
3XHO7cRUPCLOr6jwp8vsx5,alt-J,3434928.0
1LIuN7ov1IBQDdLsU83ojl,Hugo & Guilherme,3431994.0
5e4Dhzv426EvQe3aDb64jL,Shania Twain,3428080.0
1gJdf4Yybu4X5A2xYV3NMV,Eden Muñoz,3420667.0
1VwDG9aBflQupaFNjUru9A,NAYEON,3410259.0
2FS22haX3FYbyOsUAkuYqZ,Los Fabulosos Cadillacs,3409742.0
2Kx7MNY7cI1ENniW7vT30N,Norah Jones,3401136.0
6v8FB84lnmJs434UJf2Mrm,Neil Young,3398535.0
0i5iO6icb7kxg48thi9gBM,Manuel Medrano,3397403.0
44WCHvwXBOMz6nm7Mu2ReO,Grupo Bryndis,3396156.0
0XKOBt59crntr7HQXXO8Yz,Brooks & Dunn,3394395.0
7K3zpFXBvPcvzhj7zlGJdO,Crystal Castles,3393761.0
6QtGlUje9TIkLrgPZrESuk,Steve Miller Band,3388330.0
1dJyh390MvfYPuNbhnbSDs,María José,3387842.0
4UK2Lzi6fBfUi9rpDt6cik,ヨルシカ,3362708.0
2HcwFjNelS49kFbfvMxQYw,Robbie Williams,3357811.0
2BTZIqw0ntH9MvilQ3ewNY,Cyndi Lauper,3356451.0
2Tglaf8nvDzwSQnpSrjLHP,Cuco,3347453.0
7x8nK0m0cP2ksQf0mjWdPS,Dierks Bentley,3344441.0
3rIZMv9rysU7JkLzEaC5Jp,Snow Patrol,3338452.0
7KMqksf0UMdyA0UCf4R3ux,James Blunt,3336354.0
5spEJXLwD1sKUdC2bnOHPg,Bone Thugs-N-Harmony,3334621.0
6Ad91Jof8Niiw0lGLLi3NW,YUNGBLUD,3334394.0
2G7VQ1kVhVfNagytlousgm,Al James,3328462.0
3RwQ26hR2tJtA8F9p2n7jG,The Temptations,3325810.0
4G9NDjRyZFDlJKMRL8hx3S,sombr,3324671.0
0fTSzq9jAh4c36UVb4V7CB,Alex Warren,3320112.0
7mEIug7XUlQHikrFxjTWes,Neil Diamond,3303070.0
4E2rKHVDssGJm2SCDOMMJB,Doechii,3301233.0
3gBZUcNeVumkeeJ19CY2sX,Ken Carson,3300403.0
25UNJbwGZSQKvz5cPLWlv3,Los Dos Carnales,3290653.0
7IfculRW2WXyzNQ8djX8WX,Erykah Badu,3288769.0
7G1GBhoKtEPnP86X2PvEYO,Nina Simone,3279885.0
19eLuQmk9aCobbVDHc6eek,Louis Armstrong,3278884.0
4tw2Lmn9tTPUv7Gy7mVPI4,Kenny Rogers,3274901.0
3RGLhK1IP9jnYFH4BRFJBS,The Clash,3252168.0
4TKhxSkqClXrdtUWgKqHVU,Shallipopi,3245195.0
29kkCKKGXheHuoO829FxWK,Boston,3230339.0
13ZEDW6vyBF12HYcZRr4EV,Tyler Childers,3227744.0
5lpH0xAS4fVfLkACg9DAuM,Wham!,3226445.0
6ogn9necmbUdCppmNnGOdi,Alanis Morissette,3214797.0
5KKpBU5eC2tJDzf0wmlRp2,RAYE,3207592.0
5SXuuuRpukkTvsLuUknva1,Baby Keem,3207530.0
7mWCSSOYqm4E9mB7V4ot6S,Miguel Bosé,3204306.0
4BxCuXFJrSWGi1KHcVqaU4,Kodaline,3203292.0
03r4iKL2g2442PT9n2UKsx,Beastie Boys,3202723.0
1Fg19vpUJpAAPFjnKaVYVW,Reynmen,3192339.0
3vAaWhdBR38Q02ohXqaNHT,The All-American Rejects,3186329.0
5NS0854TqZQVoRmJKSWtFZ,Chino & Nacho,3184301.0
0cQbJU1aAzvbEmTuljWLlF,No Doubt,3182311.0
40LHVA5BTQp9RxHOQ9JPYj,Lauren Daigle,3177802.0
0GpuSge5ffZ053NhXxgQkV,Cardenales De Nuevo León,3174010.0
46gyXjRIvN1NL1eCB8GBxo,All Time Low,3173786.0
5YqI7p8zYsOpKJtjxYdOce,Victor Mendivil,3170750.0
4opTS86dN9uO313J9CE8xg,Skid Row,3145897.0
6Ff53KvcvAj5U7Z1vojB5o,*NSYNC,3142055.0
4tX2TplrkIP4v05BNC903e,Tom Petty and the Heartbreakers,3136723.0
1eClJfHLoDI4rZe5HxzBFv,INXS,3126887.0
0PhqM7UAxtvWYi5j4MwxSl,Dolu Kadehi Ters Tut,3124843.0
5TYxZTjIPqKM8K8NuP9woO,C. Tangana,3124759.0
49qiE8dj4JuNdpYGRPdKbF,Stone Sour,3124683.0
3NPpFNZtSTHheNBaWC82rB,X Ambassadors,3124387.0
7b85ve82Sh36a3UAx74wut,Twisted Sister,3122207.0
7f5Zgnp2spUuuzKplmRkt7,Lost Frequencies,3121402.0
0NIIxcxNHmOoyBx03SfTCD,Tinashe,3119997.0
7FIoB5PHdrMZVC3q2HE5MS,George Harrison,3119601.0
0X380XXQSNBYuleKzav5UO,Nine Inch Nails,3114541.0
2UMj7NCbuqy1yUZmiSYGjJ,MC Kevin o Chris,3111781.0
11mqrDSFRRz8g0Wb3syJj5,Panteon Rococo,3085229.0
1r1uxoy19fzMxunt3ONAkG,Phoebe Bridgers,3083973.0
2bA6fzP0lMAQ4kz6CF61w8,Toby Keith,3078541.0
6dLuQ5qXxIuWc5urxfIiZR,Calle 24,3067830.0
5nCi3BB41mBaMH9gfr6Su0,fun.,3064896.0
25u4wHJWxCA9vO0CzxAbK7,Lukas Graham,3064432.0
6CPZWzcKiOKkHn4L2XI4i2,cakal,3062020.0
7DUTsWY3RBd64vh8UtgtYA,Lacrim,3061321.0
4sEWznAKWWNcicTuLxzb6d,Nidji,3059161.0
13JJKrUewC1CJYmIDXQNoH,El Cuarteto De Nos,3057810.0
34jw2BbxjoYalTp8cJFCPv,Heart,3054725.0
0yNSzH5nZmHzeE2xn6Xshb,Calle 13,3051224.0
0XNa1vTidXlvJ2gHSsRi4A,Franz Ferdinand,3047925.0
3rWZHrfrsPBxVy692yAIxF,WILLOW,3036392.0
7dOBabd5O4CvKrg4iriHTM,Kid Rock,3031326.0
1aw0Cdl1DIrtUrUA6fGbAR,Dread Mar I,3030164.0
2NjfBq1NflQcKSeiDooVjY,Tones And I,3027890.0
7F2utINZ6tSokSiZTQBE27,Guè,3027672.0
32vWCbZh0xZ4o9gkz4PsEU,Dolly Parton,3022555.0
0NIPkIjTV8mB795yEIiPYL,Wallows,3020050.0
5KDIH2gF0VpelTqyQS7udb,Staind,3015884.0
2UZMlIwnkgAEDBsw1Rejkn,Tom Petty,3013293.0
1b7AEdUSudOQoZF5ebUxCL,HUMBE,3011002.0
1chOgh5tgwfiyJ2zhUHwBj,Dionela,3006191.0
2jzc5TC5TVFLXQlBNiIUzE,a-ha,3004545.0
3qAPxVwIQRBuz5ImPUxpZT,Heroes Del Silencio,3001734.0
5AZuEF0feCXMkUCwQiQlW7,Marracash,2998687.0
2kS0jWMkkFBL0mrl0VotD0,Ben Fero,2990778.0
2N2aJ1SXQxMkhHD8C6fhYD,Millonario,2987911.0
2n2RSaZqBuUUukhbLlpnE6,Sleep Token,2985596.0
6Wr3hh341P84m3EI8qdn9O,Rise Against,2963929.0
55vs7NT1KxcFjbMC4y202E,REO Speedwagon,2962600.0
0DjAjUeZwSixK0dRwplBXb,Alta Consigna,2962460.0
0ciLF0bOuu2BhqzCEZgHoB,Pixote,2960652.0
2tY2GFdhH0Wa2VBvsxew5X,Alex Ubago,2958093.0
4ClsVDy2g7RKSSlvq8cF6d,León Larregui,2956552.0
2wZWkw5jo8P4NVonVanxYd,Ziva Magnolya,2954261.0
2SHhfs4BiDxGQ3oxqf0UHY,Roxette,2952460.0
5p9HO3XC5P3BLxJs5Mtrhm,Djo,2951130.0
3YBJLs7RqR0aPGBgU27nDh,Werenoi,2947282.0
485uL27bPomh29R4JmQehQ,Bob Seger,2935695.0
41X1TR6hrK8Q2ZCpp2EqCz,bbno$,2934587.0
1co4F2pPNH8JjTutZkmgSm,Ramones,2931758.0
70x9rYb58QCNNeNxuO3StS,Bruno & Barretto,2921336.0
77tT1kLj6mCWtFNqiOmP9H,Daryl Hall & John Oates,2920785.0
6Ifk2cbxyVzT41jLexYCas,Budi Doremi,2919746.0
2e4nwiX8ZCU09LGLOpeqTH,Laura Pausini,2916412.0
5CGtBYmVPeLhI1kM2Fn9Gv,Los Invasores De Nuevo León,2910600.0
5RwfJb8wxN1fuodcPORVxP,José Luis Perales,2908285.0
2x9SpqnPi8rlE9pjHBwmSC,Talking Heads,2906052.0
0vn7UBvSQECKJm2817Yf1P,James Taylor,2897702.0
5aYyPjAsLj7UzANzdupwnS,Good Charlotte,2896533.0
39T6qqI0jDtSWWioX8eGJz,The Doobie Brothers,2891576.0
56ZTgzPBDge0OvCGgMO3OY,Beach House,2887200.0
1sqYIwXAmhrcSTsYmsTFAr,Ari Lasso,2885458.0
3yHLsTJ9OZ19qwY1Q5BEQJ,Binomio de Oro de América,2864547.0
3VNITwohbvU5Wuy5PC6dsI,Kool & The Gang,2860588.0
0J7U24vlOOIeMpuaO6Q85A,LP,2851973.0
7r8RF1tN2A4CiGEplkp1oP,Ginuwine,2849033.0
1SQRv42e4PjEYfPhS0Tk9E,The Kinks,2847976.0
1YhMWppPt9RVODKD1KCs7W,El Bebeto,2847272.0
3tAICgiSR5PfYY4B8qsoAU,Andrés Calamaro,2842768.0
1Xfmvd48oOhEWkscWyEbh9,Lloyd,2841147.0
44mEtidu0VdRkIqO4IbkNa,Marca MP,2837311.0
33NVpKoXjItPwUJTMZIOiY,David Kushner,2829574.0
432R46LaYsJZV2Gmc4jUV5,Joy Division,2821999.0
6J7biCazzYhU3gM9j1wfid,Jamiroquai,2818501.0
7x5Slu7yTE5icZjNsc3OzW,Willie Colón,2818198.0
1fa0cOhromAZdq2xRA4vv8,Simply Red,2814005.0
3utZ2yeQk0Z3BCOBWP7Vlu,CRO,2812920.0
7FY5V3XMwlNBPitEjXowHQ,Darius Rucker,2809558.0
2cGwlqi3k18jFpUyTrsR84,The Verve,2803608.0
3XxNRirzbjfLdDli06zMaB,Eyedress,2802884.0
3z97WMRi731dCvKklIf2X6,NEFFEX,2798689.0
2MqhkhX4npxDZ62ObR5ELO,Hoobastank,2790918.0
2wIVse2owClT7go1WT98tk,Missy Elliott,2788379.0
1By9QBFnjZAoI83BZppHlt,Billy Currington,2784639.0
4NpFxQe2UvRCAjto3JqlSl,Greta Van Fleet,2781228.0
0jdNdfi4vAuVi7a6cPDFBM,Lazza,2777316.0
7tmMPdOmFvdRvbj2aWoiRi,Jovanotti,2772087.0
0L5fC7Ogm2YwgqVCRcF1bT,Volbeat,2770466.0
1aWJsBQa67l72j1VT3D6Ow,Micro TDH,2761240.0
6evKD5JWJON3qPBJtUEmtY,G-Unit,2755849.0
4ubEZ6sMsrrbQChueyouCC,Hivi!,2754896.0
7vCtweS8UVAXTyau2j0rDT,Josh Turner,2735471.0
5Wg6XnPTp0xXxFCjywwR9I,Eddie Santiago,2734716.0
3LvwPiJQJ0da0GurKMToV0,Baby Gang,2730220.0
3Ngh2zDBRPEriyxQDAMKd1,Matchbox Twenty,2718031.0
2qoQgPAilErOKCwE2Y8wOG,GloRilla,2704737.0
1sxekzjeHJaqkZbpaaGR9x,Los Acosta,2704489.0
1EUmQM6xgUQLUkJVcvSdey,Orange & Lemons,2693080.0
6cK3NBO6uP7hh0oyuVELFl,Saweetie,2689141.0
3ICflSq6ZgYAIrm2CTkfVP,The Animals,2685091.0
1eYhYunlNJlDoQhtYBvPsi,Ray Charles,2677890.0
4ZDoy7AWNgQVmX7T0u0B1j,No Te Va Gustar,2677000.0
74oJ4qxwOZvX6oSsu1DGnw,Cream,2674325.0
58oPVy7oihAEXE0Ott6JOf,Eve,2671829.0
1GLtl8uqKmnyCWxHmw9tL4,The Kooks,2670820.0
69MEO1AADKg1IZrq2XLzo5,UB40,2669031.0
6uothxMWeLWIhsGeF7cyo4,Enya,2667039.0
053q0ukIDRgzwTr4vNSwab,Grimes,2661247.0
1aSxMhuvixZ8h9dK9jIDwL,Kate Bush,2660835.0
5arKwJZEvT5uKq4o0JfqR4,Isabel LaRosa,2650486.0
63MQldklfxkjYDoUE4Tppz,M83,2647217.0
3PyJHH2wyfQK3WZrk9rpmP,Ashnikko,2645435.0
4BwiodzEp9Hwes5HeFjMVK,Pesado,2641292.0
59Ih0XIAzMXq7Yf9ny3u5t,El Chapo De Sinaloa,2640134.0
3DHOtJqv0Bw65ENlK4FiSF,Yovie & Nuno,2634919.0
7EM9m7HOXxVgP9oEpDDv70,Os Paralamas Do Sucesso,2632605.0
3hq7WoPJsrRP0KMSLhUgRz,Murilo Huff,2629188.0
0FEJqmeLRzsXj8hgcZaAyB,Indila,2628428.0
73c2MjCAFNyKYIs7nBlqG2,Marisela,2627196.0
6P5NO5hzJbuOqSdyPB7SJM,Ashe,2625321.0
6YHEMoNPbcheiWS2haGzkn,Michael Bolton,2622453.0
7EK1bQADBoqbYXnT4Cqv9w,John Denver,2620199.0
5oYHL2SijkMY52gKIhYJNb,Elefante,2613264.0
6TLwD7HPWuiOzvXEa3oCNe,Oliver Tree,2611289.0
3HyrDGPLI0c9Rd8luuO0zw,Maelo Ruiz,2605585.0
74xBVPWYoSf5pvo5IkePRO,Şebnem Ferah,2599940.0
3N8Hy6xQnQv1F1XCiyGQqA,Sleeping With Sirens,2597063.0
6EPlBSH2RSiettczlz7ihV,Sleepy Hallow,2594960.0
1mfDfLsMxYcOOZkzBxvSVW,Cole Swindell,2593184.0
5LeiVcEnsZcwc133TUhJNW,Belinda,2592709.0
7v4imS0moSyGdXyLgVTIV7,Nat King Cole,2591650.0
2Hkut4rAAyrQxRdof7FVJq,Rush,2586498.0
1WX2v0BiEW19Vw7xmznLdZ,Vierra,2585876.0
0XNKQFs2Ewb3y0VsFUFc5l,MORGENSHTERN,2578347.0
2CvCyf1gEVhI0mX6aFXmVI,Paul Simon,2577344.0
60df5JBRRPcnSpsIMxxwQm,Otis Redding,2575535.0
61J0BktHv7PuP3tjTPYXSX,Eros Ramazzotti,2567835.0
536BYVgOnRky0xjsPT96zl,Two Door Cinema Club,2567620.0
6P7H3ai06vU1sGvdpBwDmE,Steely Dan,2563596.0
6aZyMrc4doVtZyKNilOmwu,Colbie Caillat,2558155.0
7lzordPuZEXxwt9aoVZYmG,Billy Idol,2554673.0
2mSHY8JOR0nRi3mtHqVa04,Los Prisioneros,2551995.0
5EvFsr3kj42KNv97ZEnqij,Shaggy,2551026.0
4TEK9tIkcoxib4GxT3O4ky,KISS OF LIFE,2549734.0
2XnBwblw31dfGnspMIwgWz,Axwell /\ Ingrosso,2546771.0
4NiJW4q9ichVqL1aUsgGAN,A Day To Remember,2543072.0
117XFtbZPnCI1EYKjYZWJc,Skusta Clee,2540902.0
6p2442ymrT9lZEuCZJdYcH,Ivy Queen,2536398.0
1scVfBymTr3CeZ4imMj1QJ,Forrest Frank,2531242.0
0hmUwzWBrPHpGWGrYH05c3,Miyagi & Andy Panda,2523509.0
27Owkm4TGlMqb0BqaEt3PW,Molotov,2523438.0
07QEuhtrNmmZ0zEcqE9SF6,Owl City,2522959.0
0CEFCo8288kQU7mJi25s6E,Hollywood Undead,2516365.0
1E4r4z7ivGUcSAnCbINJ9v,Drowning Pool,2511988.0
0yNLKJebCb8Aueb54LYya3,New Order,2511711.0
5Zq7R5qmi58ByYyBQTlNuk,Lee Brice,2507830.0
46zuW8tHxwahYn7VNMgYTa,Yalın,2507469.0
4SzD0wClEg9NKVJZbCRFqS,Ele A El Dominio,2502363.0
2kucQ9jQwuD8jWdtR9Ef38,Sam Hunt,2501531.0
3HrbmsYpKjWH1lzhad7alj,Los Auténticos Decadentes,2500247.0
7DkseLyOZrdRjCuoWFtqFi,Edicion Especial,2493577.0
0MIG6gMcQTSvFbKvUwK0id,Mata,2483363.0
6GMYJwaziB4ekv1Y6wCDWS,Soulja Boy,2480521.0
0SD4eZCN4Kr0wQk56hCdh2,Bonnie Tyler,2471970.0
1mpOD8ZwHnbsryIuXWq0R1,Zeynep Bastık,2469115.0
2eEmsgWmUFMbtU7agJpnjY,Miranda!,2468692.0
5xuNBZoM7z1Vv8IQ6uM0p6,JoJo,2462872.0
6O2zJ0tId7g07yzHtX0yap,Mobb Deep,2458187.0
7KVJCU4z5L4EUHILL8aMxR,Léo Santana,2456312.0
0RESbWvOMyua0yuyVrztJ5,Key Glock,2454667.0
0ZUvK7zGdXLd78mQr3t1Tw,Ricky Montgomery,2452653.0
2NhdGz9EDv2FeUw6udu2g1,The Wanted,2449024.0
2YRyPiW98bpkARAS4B3OQP,Dei V,2440739.0
3nnQpaTvKb5jCQabZefACI,Jeff Buckley,2439778.0
09hVIj6vWgoCDtT03h8ZCa,A Tribe Called Quest,2434880.0
1aS5tqEs9ci5P9KD9tZWa6,Bonez MC,2427601.0
3ozYqVCLohfpXIhalkhM8D,Aditya Rikhari,2421401.0
4ucwey7FxkHXkLK7jSfevU,Andra & The Backbone,2416506.0
4stSxe6AbpXw3x7nRDsYVX,Remmy Valenzuela,2415488.0
0LKAV3zJ8a8AIGnyc5OvfB,SDM,2414691.0
4P0dddbxPil35MNN9G2MEX,Cypress Hill,2413603.0
3DbwFQlvLxRSi2uX8mf81A,Sexyy Red,2408350.0
4MXUO7sVCaFgFjoTI5ox5c,Sufjan Stevens,2406591.0
0LOK81e9H5lr61HlGGHqwA,XG,2401442.0
6MF9fzBmfXghAz953czmBC,Taio Cruz,2399726.0
00x1fYSGhdqScXBRpSj3DW,Olivia Dean,2398308.0
37M5pPGs6V1fchFJSgCguX,FINNEAS,2388762.0
4MoAOfV4ROWofLG3a3hhBN,Jon Pardi,2387083.0
4dLvccxeQIM5u80Ri0u9OV,Frankie Ruiz,2385484.0
6liAMWkVf5LH7YR9yfFy1Y,Portishead,2384033.0
5GVk1KCKa1tdHRev4bMw7V,NOBITA,2381021.0
5Pb27ujIyYb33zBqVysBkj,RÜFÜS DU SOL,2379936.0
3zmfs9cQwzJl575W1ZYXeT,Men I Trust,2377036.0
6hN9F0iuULZYWXppob22Aj,Simple Minds,2376252.0
7yCGrS6Xh3UngvY6Ad5sMJ,LEGADO 7,2376131.0
54R6Y0I7jGUCveDTtI21nb,Boney M.,2372792.0
3gIRvgZssIb9aiirIg0nI3,Jeremy Zucker,2371279.0
6nS5roXSAGhTGr34W6n7Et,Disclosure,2370414.0
3dXaa6jwM7B52GZpaJEIr5,Puddle Of Mudd,2358362.0
2rEVnwCPBeGkWMv425KoG1,AYLIVA,2356582.0
0JDkhL4rjiPNEp92jAgJnS,Roy Orbison,2348543.0
6UgERnTHmjk3qXM9x5vzyO,Nadhif Basalamah,2343951.0
4NsbfTEC3nOcc0vOpZ1rRc,HELLMERRY,2342842.0
3v8mFhjLFa50QK8zDvAMYN,Amanda Miguel,2335623.0
3dkbV4qihUeMsqN4vBGg93,Al Green,2328198.0
5PRW6j58xEEWL4DDVEITKT,Dedublüman,2322864.0
7yQrcdkLdBAkV7yY9fF2Hw,Grupo Revelação,2311669.0
4StjyzjcmZ7a9QncHVf0pu,Simge,2307957.0
13saZpZnCDWOI9D4IJhp1f,Lily Allen,2307648.0
7CvTknweLr9feJtRGrpDBy,FloyyMenor,2302365.0
6USv9qhCn6zfxlBQIYJ9qs,Dominic Fike,2298742.0
3E12tRURRvPfHz0hAMCFYc,Omar Courtz,2296790.0
3rfgbfpPSfXY40lzRK7Syt,Barry White,2293063.0
4RVnAU35WRWra6OZ3CbbMA,Kylie Minogue,2292672.0
2tswayWsUGjUwpvN8KRwuN,MORADA,2291229.0
4f9iBmdUOhQWeP7dcAn1pf,Rag'n'Bone Man,2290155.0
2zF0KCQEt1O4Z9fWVUVi4T,Marcela Gandara,2287900.0
5iot8OPcosJN9nCl7I5SdK,Irama,2284316.0
5szilpXHcwOqnyKLqGco5j,Faye Webster,2268988.0
3MdG05syQeRYPPcClLaUGl,Diana Ross,2265137.0
6DIS6PRrLS3wbnZsf7vYic,WALK THE MOON,2259198.0
1hioeMAsVwJ3bvcb9lxBpB,D’MASIV,2252924.0
0nnp7oJpY2J6yZOqtdKaWq,Duelo,2252392.0
2ycnb8Er79LoH2AsR5ldjh,Pet Shop Boys,2247548.0
293zczrfYafIItmnmM3coR,Chuck Berry,2243957.0
7xAcVHPiirnUqfdqo0USb1,Fantasia,2242907.0
6ltzsmQQbmdoHHbLZ4ZN25,Lord Huron,2241099.0
4F4pp8NUW08JuXwnoxglpN,Bad Gyal,2239528.0
6qxpnaukVayrQn6ViNvu9I,BigXthaPlug,2228436.0
56dO9zeHKuU5Gvfc2kxHNw,Chevelle,2227570.0
0Il5vC8lqunSFNav4mMLxU,Natanzinho Lima,2225803.0
7dzq55YG3wjViqexDwiycQ,Ivete Sangalo,2225247.0
79bxUQsBIXO8nVLB9fYKf7,Modern Talking,2223943.0
2mpeljBig2IXLXRAFO9AAs,Dido,2214981.0
0pWR7TsFhvSCnbmHDjWgrE,Creepy Nuts,2206703.0
08F3Y3SctIlsOEmKd6dnH8,Yusuf / Cat Stevens,2206289.0
7crPfGd2k81ekOoSqQKWWz,Stevie Nicks,2205336.0
4HOEnLufwAqJ2qoJPVnL01,Callalily,2203134.0
7cVZApDoQZpS447nHTsNqu,LeeHi,2200479.0
5sWHDYs0csV6RS48xBl0tH,Two Feet,2195492.0
4rTv3Ejc7hKMtmoBOK1B4T,Ali Gatie,2193787.0
37394IP6uhnjIpsawpMu4l,Killswitch Engage,2193047.0
4salDzkGmfycRqNUbyBphh,Styx,2182536.0
5nvWOyAkfNgVLKESq4fOj2,Montell Fish,2182478.0
55fhWPvDiMpLnE4ZzNXZyW,Noah Cyrus,2175222.0
3win9vGIxFfBRag9S63wwf,Bailey Zimmerman,2173339.0
5PokPZn11xzZXyXSfnvIM3,Lifehouse,2169041.0
2ICR2m4hOBPhaYiZB3rnLW,Sonder,2168585.0
6m6e7D2TnV0aYMllFFwMxu,Guilherme & Benuto,2168474.0
17Wt0hzZb6fAEVfIHffQFB,Maudy Ayunda,2164226.0
6twIAGnYuIT1pncMAsXnEm,Commodores,2156980.0
5BMgsAFg8rZQc3tqs5BB8G,Mecano,2153400.0
01XYiBYaoMJcNhPokrg0l0,STAYC,2148447.0
5VQCk9RiLwri99OgOT34kq,Vilma Palma e Vampiros,2145968.0
78SHxLdtysAXgywQ4vE0Oa,Bush,2139004.0
3oNy8cjBtJzLC07I70sklp,Belanova,2133347.0
2yrbLiuBmc9j81lTX3XUuI,The Jacksons,2121850.0
5GtMEZEeFFsuHY8ad4kOxv,Seal,2120362.0
6zO1dZ40fTZ5hY9NnnRJSk,yung kai,2117767.0
3Ri4H12KFyu98LMjSoij5V,Bad Omens,2113720.0
3pgCLfNbw5ozIfoNsvDU7i,Fedez,2112456.0
7AC976RDJzL2asmZuz7qil,Yes,2110656.0
35U9lQaRWSQISxQAB94Meo,America,2110467.0
6KO6G41BBLTDNYOLefWTMU,P.O.D.,2110293.0
46WT0eTBzCslHoVsLahvfE,Banda Pequeños Musical,2107322.0
0le01dl1WllSHhjEXRl4in,Tamia,2106116.0
5YNi3BopLa4XtYRtzML80L,"Sergio Vega ""El Shaka""",2105764.0
6BMhCQJYHxxKAeqYS1p5rY,Hinder,2104656.0
6O7MpKrY91vlCd4Osi6XKs,Black Veil Brides,2104544.0
3OsRAKCvk37zwYcnzRf5XF,Moby,2103413.0
1bs7HoMkSyQwcobCpE9KpN,The Mamas & The Papas,2101550.0
7oPgCQqMMXEXrNau5vxYZP,Tracy Chapman,2099338.0
1hzfo8twXdOegF3xireCYs,Milky Chance,2097189.0
1mux8L6xg2Cmrc7k0wQczl,Bacilos,2094546.0
4xtWjIlVuZwTCeqVAsgEXy,Insane Clown Posse,2087901.0
7kFfY4UjNdNyaeUgLIEbIF,DeJ Loaf,2087650.0
67hb7towEyKvt5Z8Bx306c,Empire Of The Sun,2086689.0
1pTuR132U5b4Rizal2Pr7m,Randy Travis,2081211.0
69BUYvpG9MbjCyIZfsFdhJ,Reyli Barba,2075888.0
7jdFEYD2LTYjfwxOdlVjmc,KALEO,2075859.0
5OGraDcSkO4oTWthkm77WL,Tornillo,2075644.0
1dLWg6m8RRhizsdqJbhyj3,Quiet Riot,2074554.0
22dFwJoRBV51ue5TGnC7Dt,Beny Jr,2071284.0
3g7vYcdDXnqnDKYFwqXBJP,SB19,2070776.0
6DCIj8jNaNpBz8e5oKFPtp,The Cars,2067719.0
4njdEjTnLfcGImKZu1iSrz,AWOLNATION,2064931.0
2rN8LHqK4TBI7y3d9POvJb,Dhanda Nyoliwala,2062635.0
6zLBxLdl60ekBLpawtT63I,Cody Johnson,2058881.0
1ThoqLcyIYvZn7iWbj8fsj,Bill Withers,2051878.0
42TFhl7WlMRXiNqzSrnzPL,Lou Reed,2050313.0
70ZTdbPEcEugBNay4MvxfL,Bread,2049552.0
1ZdhAl62G6ZlEKqIwUAfZR,Enjambre,2049519.0
6MwPCCR936cYfM1dLsGVnl,Motionless In White,2049515.0
1MIVXf74SZHmTIp4V4paH4,Mabel,2046274.0
5vBSrE1xujD2FXYRarbAXc,Olly Alexander (Years & Years),2045756.0
4GJ6xDCF5jaUqD6avOuQT6,FIFTY FIFTY,2043918.0
0iOVhN3tnSvgDbcg25JoJb,Etta James,2040003.0
1ykothWH0xl8drRyJWuw7I,Ñejo & Dalmata,2034774.0
3Gm5F95VdRxW3mqCn8RPBJ,Aminé,2034586.0
7Js6Lde8thlIHXggv2SCBz,Europe,2033027.0
2qgvmDsc4jrqbAbjq1HGM2,Rodney Atkins,2024364.0
5xwugJ4uudppmOCCZateE5,Liberación,2020053.0
6wH6iStAh4KIaWfuhf0NYM,Manu Chao,2015376.0
1n2pb9Tsfe4SwAjmUac6YT,Jake Owen,2013165.0
4hnHLgMSOiqERWBL4jINP1,BOYNEXTDOOR,2011850.0
5Ag6luL11YrL1Znq0xsVuh,Mahen,1999786.0
2Sqr0DXoaYABbjBo9HaMkM,Sara Bareilles,1999172.0
3jGlU8UMMo44I2xeLQ6FD3,Dalmata,1998441.0
43mhFhQ4JAknA7Ik1bOZuV,Pat Benatar,1995069.0
2hl0xAkS2AIRAu23TVMBG1,Kansas,1994753.0
0vEsuISMWAKNctLlUAhSZC,Counting Crows,1990072.0
29zSTMejPhY0m7kwNQ9SPI,Lola Amour,1984463.0
5v2WhpA59TJSdPh7LCx1lN,BONES,1983725.0
4tpUmLEVLCGFr93o8hFFIB,Blondie,1967575.0
7C4sUpWGlTy7IANjruj02I,Peter Gabriel,1965945.0
3qnGvpP8Yth1AqSBMqON5x,Leon Bridges,1960246.0
7x3eTVPlBiPjXHn3qotY86,KeBlack,1954934.0
6AvnL2gWjNYs1hRVJx4huK,Maki,1952798.0
1xU878Z1QtBldR7ru9owdU,Phoenix,1950217.0
1ryXwlpQNzkSCfU685Ftx5,NaFF,1947718.0
2O8vbr4RYPpk6MRA4fio7u,SAIKO,1944613.0
78YqeIji3mgAS2K1Maca6x,Dylan Scott,1943658.0
0dlDsD7y6ccmDm8tuWCU6F,Freddie Dredd,1943487.0
27FGXRNruFoOdf1vP8dqcH,Cassie,1942001.0
5XKFrudbV4IiuE5WuTPRmT,Stephen Sanchez,1938190.0
2dyeCWctcFRt3Pha76ONgb,"Hank Williams, Jr.",1935442.0
4CQdcx66F116k2db2Y0rjE,Hades66,1933835.0
7o95ZoZt5ZYn31e9z1Hc0a,Natasha Bedingfield,1932968.0
6XTGKOV9jceQ6f67lnhpbF,LATIN MAFIA,1923858.0
7M5pDtJpCdnftEQZtczYco,Ayesha Erotica,1921272.0
2iE18Oxc8YSumAU232n4rW,The Jackson 5,1915575.0
3lPQ2Fk5JOwGWAF3ORFCqH,John Mellencamp,1911999.0
6ASri4ePR7RlsvIQgWPJpS,iann dior,1908039.0
73OtDyghUEJ9QfGtu1pkaJ,Kerispatih,1907661.0
7gXb99Sf9nNmpNYeAgIQFG,Sub Urban,1906642.0
3QJzdZJYIAcoET1GcfpNGi,Damian Marley,1904292.0
37w38cCSGgKLdayTRjna4W,Mazzy Star,1901058.0
05RZIdfz59ZW2FvFuwnmNK,K-Ci & JoJo,1896139.0
2vnB6tuQMaQpORiRdvXF9H,Beach Bunny,1890903.0
6Dd3NScHWwnW6obMFbl1BH,Daya,1885249.0
5B6H1Dq77AV1LZWrbNsuH5,Jarabe De Palo,1875810.0
7sQ3Q6yYyg0SdpEezJN8UT,El Coyote Y Su Banda Tierra Santa,1873547.0
0L1f9i3L3fkMNENljDOsjG,Rocco Hunt,1873046.0
5LcNPa8f8bRmZqELgoRFkN,Raim Laode,1872078.0
6TKygPpVT29oGUogu4J9Ec,Yan Block,1866837.0
16GyR4WfCnIT2XST4ZLl2B,Melike Şahin,1865358.0
6FTLayBxjkQeanFdUusk1I,Fabio Asher,1862947.0
6udveWUgX4vu75FF0DTrXV,TAEYANG,1853848.0
1WRM9i067hd2ujxxi8FI3m,Steppenwolf,1850918.0
2dd5mrQZvg6SmahdgVKDzh,PSY,1850411.0
57bUPid8xztkieZfS7OlEV,The Supremes,1847671.0
6P6GTRTigHBp8ZesNtpCKH,Almighty,1847223.0
5tQMB0cuNXdCtzovGt55uD,LUCKI,1844363.0
3Ayl7mCk0nScecqOzvNp6s,Jimmy Eat World,1838047.0
4wQ3PyMz3WwJGI5uEqHUVR,Allman Brothers Band,1836927.0
7scapvSjZLSm0fBgqGM0Mn,Lil Loaded,1830708.0
1iCnM8foFssWlPRLfAbIwo,Gigi Perez,1826438.0
4BoRxUdrcgbbq1rxJvvhg9,Olivia Newton-John,1825856.0
4OiCK9NnTWhakDIG57uBUA,Inspector,1825533.0
7K80yOTC0Id95gRaOxDG5u,ANNA,1823982.0
6kz53iCdBSqhQCZ21CoLcc,Culture Club,1820909.0
7b6Ui7JVaBDEfZB9k6nHL0,The Local Train,1819582.0
1NjxFrpEGZTV2Ny0OJxeWu,Sal Priadi,1814747.0
2RDOrhPqAM4jzTRCEb19qX,Sheck Wes,1814198.0
2urF8dgLVfDjunO0pcHUEe,Alvaro Soler,1813666.0
33EUXrFKGjpUSGacqEHhU4,Iggy Pop,1811304.0
6bxqwbU9pD8GXcuSmNSSHU,Ministério Zoe,1807863.0
1gl0S9pS0Zw0qfa14rDD3D,Surf Curse,1807342.0
2F9pvj94b52wGKs0OqiNi2,Babasonicos,1805453.0
048LktY5zMnakWq7PTtFrz,CKay,1805305.0
0m5FakHKCQdA7UN0PIzMcL,Current Joys,1804751.0
6TcnmlCSxihzWOQJ8k0rNS,Third Eye Blind,1801528.0
2TM0qnbJH4QPhGMCdPt7fH,Neck Deep,1801500.0
6zVFRTB0Y1whWyH7ZNmywf,Tash Sultana,1798641.0
79AyR6ATpj2LTPxfb6FX50,Lauren Spencer Smith,1797742.0
6sBSLIunx1Je0Y2T77wpkP,Motive,1793056.0
2XcZshqzPKm3iZcmt73R8D,Pablo Chill-E,1789401.0
4i4ALRtQQmFxn3BCIB6iC0,Göksel,1789102.0
0blJzvevdXrp21YeI2vbco,Type O Negative,1786717.0
4xnihxcoXWK3UqryOSnbw5,Sasha Alex Sloan,1781386.0
6wxh9aTFgTS4OiyYlnQBq6,Bengü,1776381.0
21UJ7PRWb3Etgsu99f8yo8,Stereophonics,1774828.0
59oA5WbbQvomJz2BuRG071,Jungle,1768384.0
2qFr8w5sWUITRlzZ9kZotF,Jefferson Airplane,1766044.0
6y8XlgIV8BLlIg1tT1R10i,Old Dominion,1764441.0
7A9yZMTrFZcgEWAX2kBfK6,Huey Lewis & The News,1764334.0
5dbuFbrHa1SJlQhQX9OUJ2,Don Henley,1758131.0
1HPW4jeRjXBFRoUnSvBzoD,Destroy Lonely,1755159.0
1glBi4zyzqaSQoy8ReU0rz,Grupo Los de la O,1752953.0
7pwufEBGfggjoI8twqlsmQ,Nessa Barrett,1744704.0
27plYDXNJSOD084j39Lmlj,Palomo,1743641.0
5NNlkZBrBpOJ7C11JwVxIj,PXNDX,1741457.0
00tVTdpEhQQw1bqdu8RCx2,Blue Öyster Cult,1741294.0
3vbKDsSS70ZX9D2OcvbZmS,Beck,1737698.0
6l880dxsvN2x5wiceaG6D0,Rico Blanco,1735152.0
319yZVtYM9MBGqmSQnMyY6,Carole King,1729525.0
1tqZaCwM57UFKjWoYwMLrw,The Cardigans,1728428.0
2cjQTf2J5yCaNY8qHpW855,AUR,1723211.0
4IJczjB0fJ04gs4uvP0Fli,Gym Class Heroes,1720560.0
0hCWVMGGQnRVfDgmhwLIxq,sakanaction,1720353.0
4j56EQDQu5XnL7R3E9iFJT,Young the Giant,1718726.0
3txNoNUfBAHT1ZSGT2R30y,Geisha,1717744.0
2m62cc253Xvd9qYQ8d2X3d,The Alan Parsons Project,1710695.0
1mbgj8ERPs8lWi7t5cYrdy,Zaz,1707700.0
54seKvtsZauR1iauN0ptpo,De La Rose,1706714.0
0GByy3DcfbQwDvXGCWmzv9,Pretenders,1702759.0
5R5MLOQbI4lb7GHYioPqoN,Mindless Self Indulgence,1701502.0
3RTAXX6KGdljBsOIupyZgT,Los Bunkers,1698582.0
662f8mEv1eRLXE9DzBy4vV,Jauria Santa,1690395.0
5KNNVgR6LBIABRIomyCwKJ,Dermot Kennedy,1688193.0
1R6Hx1tJ2VOUyodEpC12xM,Jim Croce,1684856.0
1hgaXjbAcED2p80Lj8dzXT,Canbay & Wolker,1684649.0
3DHtfeD4PsmR9YGhCP4VF7,Nemzzz,1682959.0
0bzfPKdbXL5ezYW2z3UGQj,Michael Kiwanuka,1681997.0
5CAruGjgds3QlF5ICtEnnc,Jairo Vera,1680952.0
2kIs76sEGiulKeqetZq6ua,Jok'air,1675614.0
3zxKH0qp3nBCuPZCZT5Vaf,Yellowcard,1674652.0
0DxeaLnv6SyYk2DOqkLO8c,MAGIC!,1670996.0
1wKDGglKV4FsFS85r2Dmpr,Airbag,1666319.0
3wbCeEPAW6po7J46netxMT,Up Dharma Down,1664505.0
1GmsPCcpKgF9OhlNXjOsbS,Lizzy McAlpine,1664059.0
70nxnxEqDQIEWneRjg2Q4O,Adolescent's Orquesta,1662576.0
0MlOPi3zIDMVrfA9R04Fe3,American Authors,1658976.0
5hW4L92KnC6dX9t7tYM4Ve,Joni Mitchell,1658336.0
2aqFBHOpM9uIgBpUsdq09x,Siddhartha,1653351.0
1RgXxY6uzWo9cjYYwwgVGq,Jaguares,1652578.0
5he1UTofdFOcdbKqnLixko,Matogrosso & Mathias,1650887.0
4cYbf45YbZptNISnhay0xH,ROA,1649686.0
2M4Yt7oKGoYd0wqU44k4i2,Travis Tritt,1648890.0
77kULmXAQ6vWer7IIHdGzI,Jordan Davis,1648261.0
3xYXYzm9H3RzyQgBrYwIcx,Colter Wall,1645166.0
0FwnPHExlRRxEZPLAi5tmG,JC Reyes,1639079.0
3ycxRkcZ67ALN3GQJ57Vig,Masego,1638198.0
1bdnGJxkbIIys5Jhk1T74v,Brandon Lake,1635789.0
6tPHARSq45lQ8BSALCfkFC,Lainey Wilson,1629609.0
4laQz4PaKeh2Hu6QL6evVD,Tribalistas,1629040.0
0f3EsoviYnRKTkmayI3cux,Men At Work,1624108.0
6aaMZ3fcfLv4tEbmY7bjRM,Isaiah Rashad,1620418.0
1nVq0hKIVReeaiB3xJgKf0,Molchat Doma,1614782.0
08PvCOlef4xdOr20jFSTPd,Flo Milli,1613288.0
34Y0ldeyUv7jBvukWOGASO,Bobby Shmurda,1610701.0
1yAwtBaoHLEDWAnWR87hBT,Modest Mouse,1586848.0
0bC6e2YtIRLbKx2txHFmEo,alex_g_offline,1586685.0
4UXJsSlnKd7ltsrHebV79Q,Nick Cave & The Bad Seeds,1584483.0
2d3VHzlOEwXvmBdS4pzOPL,LeAnn Rimes,1584249.0
2w9zwq3AktTeYYMuhMjju8,INNA,1582000.0
0hDjKSKjl1DC7ovYTDJHe8,Bruno Major,1579603.0
3NRFinRTEqUCfaTTZmk8ek,Savage Garden,1579556.0
0grdhNhiRLFBaFVyybqsj6,Richard Marx,1578780.0
0MeLMJJcouYXCymQSHPn8g,Sleeping At Last,1573678.0
3WTrdbZU99dgTtt3ZkyamT,Oxlade,1571649.0
4gvjmrtzydbMpyJaXUtwvP,Addison Rae,1568615.0
396Jr76018oUMR6QBnqT8T,Cesare Cremonini,1566558.0
2q3GG88dVwuQPF4FmySr9I,The Score,1562125.0
2Mo2yHjmrDRZW7yRuJwR2w,YEONJUN,1561851.0
0dXXFVCw0LKzmHFrTLUaQJ,Tito Torbellino Jr,1560147.0
7x5rK9BClDQ8wmCkYAGsQp,Paolo Nutini,1558827.0
7dFzqx2qyelGPiBKmdSEOT,Rob Deniel,1557411.0
1SImpQO0GbjRgvlwCcCtFo,The Red Jumpsuit Apparatus,1555582.0
1JvbNeV9zG9Sew1JyaWsyx,Anggi Marito,1553976.0
4frXpPxQQZwbCu3eTGnZEw,Thundercat,1551987.0
67FB4n52MgexGQIG8s0yUH,Lola Young,1550451.0
4kI8Ie27vjvonwaB2ePh8T,Portugal. The Man,1547703.0
3f49JTIdjQTVVx2Y6ifVLc,Banda Neira,1546350.0
2TSslwx9J30KElgEr68sdv,Los Alegres Del Barranco,1544473.0
4aKWmkWAKviFlyvHYPTNQY,Adrianne Lenker,1543587.0
3y2cIKLjiOlp1Np37WiUdH,Shaboozey,1539678.0
0U7iI0Dk4Ojvi17nZboNO4,Vacations,1537611.0
5QNm7E7RU2m64l6Gliu8Oy,HARDY,1535243.0
4fwuXg6XQHfdlOdmw36OHa,Paloma Faith,1533831.0
632M26jlmnCrL8CqD5i7Kd,Rata Blanca,1532000.0
7dIpKWlEeAljA20vFJ82RD,Roar,1529780.0
7pESOE4dEq8Yk4OKlJa3pS,Panter Bélico,1523305.0
5L6QAKAkdJIPLsNbItZ2KF,El Trono de Mexico,1521206.0
2yK0OH7d55O2eZNcBTB19k,Vagon Chicano,1511176.0
4IliztYDlfMvzQzbx50o60,Flyleaf,1509967.0
6GfiCQDFYANz5wUkSmb3Dr,Thousand Foot Krutch,1509197.0
48veLPCIJh5NVQxhyNRKCm,Earl Agustin,1500073.0
0QJIPDAEDILuo8AIq3pMuU,M.I.A.,1498829.0
0gxyHStUsqpMadRV0Di1Qt,Rick Astley,1497463.0
3TNt4aUIxgfy9aoaft5Jj2,Yeah Yeah Yeahs,1496263.0
2urZrEdsq72kx0UzfYN8Yv,Spandau Ballet,1493876.0
0ssx5sZQzc1nZZF2Ks8qXZ,Grupo Maximo Grado,1489797.0
5GGJosGMs08YEmKTZJe1fL,Suki Waterhouse,1479763.0
2QMsj4XJ7ne2hojxt6v5eb,Riley Green,1477397.0
6HHje5tfmzWK8PsSaoJ9Xp,SAMSONS,1472292.0
11kBu957KTYoAltZHDm8gW,Buena Vista Social Club,1455240.0
1XgFuvRd7r5g0h844A5ZUQ,Take That,1454664.0
5MmVJVhhYKQ86izuGHzJYA,MIKA,1450921.0
26bcq2nyj5GB7uRr558iQg,Survivor,1448729.0
3z6Gk257P9jNcZbBXJNX5i,Regina Spektor,1448448.0
01pQZzNIPRiVaCozNUrnyL,Los Angeles De Charly,1448352.0
3h7RaVXBvdSNa7LXQtVYqH,Armandinho,1445659.0
0PCCGZ0wGLizHt2KZ7hhA2,Artemas,1443759.0
2W6WP4pHQTFlbr2z9S4n54,Kordhell,1443648.0
4Ui2kfOqGujY81UcPrb5KE,HAIM,1442671.0
0TF2NxkJZPQoX1H53rEFM1,Gladys Knight & The Pips,1440438.0
056KMTw6IztdQjBmFfVyO3,Rkomi,1439365.0
2nrSPPSfNesng85eRV4W4m,Los Terricolas,1435289.0
6WvDtNFHOWHfiNy8NVHujT,Maldita Vecindad Y Los Hijos Del 5to. Patio,1428309.0
1THj0JI7zld7YDsWERcSUz,Isaias Saad,1422826.0
1FxPMQ9A0882eNDx3ZkD6B,La T y La M,1420587.0
6NHTDaYSUeMaroI5U0jytT,Myriam Hernandez,1417496.0
72X6FHxaShda0XeQw3vbeF,Slowdive,1415937.0
4sD9znwiVFx9cgRPZ42aQ1,Sinéad O'Connor,1413366.0
6Ww3OMFzCaO33ulKh1LBFN,Hale,1410805.0
0rZp7G3gIH6WkyeXbrZnGi,Novo Amor,1408907.0
3bO19AOone0ubCsfDXDtYt,Myles Smith,1402671.0
4hz8tIajF2INpgM0qzPJz2,Rainbow Kitten Surprise,1402118.0
2h9VgLswbVrXfdjW8UVqHC,Grupo 360,1399644.0
6LEeAFiJF8OuPx747e1wxR,Blood Orange,1397991.0
0rjms710nwQTdrQheXHJfz,Standly,1396754.0
5NUPPRjsbXHNyVDrUESYeh,Grupo Arriesgado,1395591.0
1KP6TWI40m7p3QBTU6u2xo,BØRNS,1388817.0
0kObWap02DEg9EAJ3PBxzf,Starship,1388400.0
3AVfmawzu83sp94QW7CEGm,Astrid S,1384612.0
6biWAmrHyiMkX49LkycGqQ,Thin Lizzy,1384589.0
4uFZsG1vXrPcvnZ4iSQyrx,C418,1379447.0
5I3uAFbAOhuVSKdrcG5mgy,Sugarfree,1378295.0
0pg0Zm8FsGAYy5kdHuBnSo,salvia palth,1376798.0
1LMyTeRhjaitILs98h3MaF,Jósean Log,1375879.0
5QdyldG4Fl4TPiOIeMNpBZ,Big Thief,1374091.0
6waa8mKu91GjzD4NlONlNJ,The Hollies,1371951.0
1g1yxsNVPhMUl9GrMjEb2o,Plain White T's,1366773.0
320EPCSEezHt1rtbfwH6Ck,The Monkees,1361964.0
3RqBeV12Tt7A8xH3zBDDUF,Kelsea Ballerini,1361828.0
7z2avKuuiMAT4XZJFv8Rvh,Tom Walker,1361433.0
7w9jdhcgHNdiPeNPUoFSlx,Dropkick Murphys,1359072.0
4TKTii6gnOnUXQHyuo9JaD,Sheryl Crow,1355714.0
2oX42qP5ineK3hrhBECLmj,Andy Grammer,1346457.0
0FrpdcVlJQqibaz5HfBUrL,Rick James,1338439.0
7HO5fOXE4gh3lzZn64tX2E,Mariah the Scientist,1335224.0
5sD1ZLf2dGQ9gQ3YJl1eAd,Blind Melon,1331842.0
2WhoMc7XqIzVXWbQqSoqe7,Kahitna,1330380.0
6g7GF7BLC41JTHJwgB4wQW,Funda Arar,1329326.0
0NlNru2YcUz6RbnpYGQz26,Clave Especial,1328731.0
4UW9Hdsrx9kX2HdJ90jRKM,Era7capone,1323602.0
5IDs1CK15HegSAhGEbSYXo,Billy Ocean,1323511.0
3ao3jf5d70Tf4fPh2bnXVl,We The Kings,1321609.0
4VhL8KLjVso4vLfOLVViTb,Bridgit Mendler,1321575.0
3BAgmPNIK5IJl7zMK1wvMA,That Mexican OT,1319056.0
3u6lPufHw4Oww6D88rv6sB,Penelope Scott,1317638.0
0wRzWf3I4lUl9hdFF5uL0m,Sukima Switch,1312008.0
2a2YSCx78HHWVOsCuMpeXz,Burak Bulut,1310555.0
5ETTRSAa5g5uIMNOgqnJPB,Gabriel Guedes de Almeida,1309029.0
34LetYSjEuG2fBb4Z8PwPg,Pashanim,1308326.0
1AbJ2cmwK400LSvdvBL5Jc,Strawberry Guy,1308308.0
3Oim8XBPbznAa8Jj8QzNc8,Cults,1303861.0
4OjU5UP0GFWeniBC82sGBY,Kitchie Nadal,1301516.0
1aX2dmV8XoHYCOQRxjPESG,The Human League,1300181.0
0RpddSzUHfncUWNJXKOsjy,Neon Trees,1299314.0
4FtSnMlCVxCswABUmdhwpm,Carly Simon,1298691.0
2hUYKu1x0UZQXvzCmggvSn,Reneé Rapp,1296572.0
5rBUMBV7L6zPsEKnlgiOm9,Yener Çevik,1294111.0
4NZvixzsSefsNiIqXn0NDe,Maggie Rogers,1288166.0
6GRC8segVAr34gm6pjfSoQ,Fanny Lu,1285403.0
3Y3xIwWyq5wnNHPp5gPjOW,Kenny Loggins,1284049.0
5AyEXCtu3xnnsTGCo4RVZh,Duster,1281182.0
7npqy7rgdX2D3yfVyWExKo,Angel Y Khriz,1280569.0
3gdbcIdNypBsYNu3iiCjtN,The B-52's,1278825.0
1VbWUxZTRNY2gw3qZ1tg9W,The Corrs,1277716.0
5ND0mGcL9SKSjWIjPd0xIb,Bowling For Soup,1277406.0
0lI3rF4hi4op6UxqlLHPzv,Achille Lauro,1275804.0
4dnPDc045bVjibyATxVUOs,Marcynho Sensação,1273389.0
7fIvjotigTGWqjIz6EP1i4,Four Tops,1269989.0
0fiWOxhsBsQQvFDtxUQWo0,Brett Young,1268099.0
3kVUvbeRdcrqQ3oHk5hPdx,GROUPLOVE,1267940.0
08hHTBHlv0WRXWlyrsb6Kv,MEOVV,1267396.0
3rs3EOlJ8jyPpdGiQ9Mhub,Monchy & Alexandra,1265566.0
4e5V1Q2dKCzbLVMQ8qbTn6,Collective Soul,1264295.0
4E9GScOUpq8PgyRhItXx7x,El Poder Del Norte,1263985.0
2QM5S4yO6xHgnNvF0nbZZq,SEULGI,1263177.0
5Ppie0uPnbnvGBYRwYmlt0,Megan Moroney,1260221.0
08ct2eZF5lUPdJpHwNKWof,Hootie & The Blowfish,1255378.0
6x9QLdzo6eBZxJ1bHsDkjg,Sisqo,1254247.0
6zlR5ttMfMNmwf2lecU9Cc,Sam Fender,1251447.0
0fauHpmSHwodVYIjTqOGHz,Yiruma,1250555.0
2qqPV8ZkTpVdwfMOKSsb8N,Khan Bhaini,1249704.0
6IKlXZEFOvk9itrP1s0knJ,The Red Clay Strays,1247307.0
4vpDg7Y7fU982Ds30zawDA,The Band,1245419.0
4ZgQDCtRqZlhLswVS6MHN4,grandson,1241349.0
5ClJtuiNlr83ua45Dvpcf7,Santiago Cruz,1241265.0
6xrCU6zdcSTsG2hLrojpmI,José González,1241120.0
1UdQqCUR7RwB9YYJONwbdM,Trapt,1238360.0
5jTtGLk1mGFMY5lQOvJYUj,bôa,1238144.0
1T0wRBO0CK0vK8ouUMqEl5,Tom Jones,1238117.0
58MLl9nC29IXbE4nEtuoP2,Alex & Sierra,1237731.0
77mJc3M7ZT5oOVM7gNdXim,Her's,1230162.0
4LG4Bs1Gadht7TCrMytQUO,The Shins,1229788.0
3NR7hAacOhmcztWvD7vJfS,Sickick,1227585.0
1uAT5bTSp6dWbNmixIUP5t,BSS,1226981.0
2TjgzYcbTdsZjbT9OItIeB,"Héctor ""El Father""",1226799.0
4sldxVDeyb0J8OMoYApqfV,Kalben,1223763.0
7mPcfx7PhnBh6n4HMCd61A,John Michael Montgomery,1220361.0
695W5F2Ih8dYahLdjVOIoH,Christopher Cross,1219369.0
250LLR8V4fFq1XFzAB1ZN5,Poizi,1216697.0
2iEvnFsWxR0Syqu2JNopAd,Smash Mouth,1215642.0
6dDaXbE1caD65TONToYXYx,Murat Dalkılıç,1214337.0
4ckLjJztj53Ifid7WHweBn,Aleyna Tilki,1213031.0
6V6WCgi7waF55bJmylC4H5,Gloria Gaynor,1212537.0
2mUI4K6csTQd3jieswcmiI,Luis Enrique,1208988.0
3SXwqSqAoBz9WCI9PDQzY6,Fontaines D.C.,1208015.0
49aaHxvAJ0tCh0F15OnwIl,Loreen,1205356.0
1VJ0briNOlXRtJUAzoUJdt,FISHER,1204944.0
0z5DFXmhT4ZNzWElsM7V89,Erasure,1204629.0
1eIYP01ZLPKEExhcV6xFgt,Grelo,1201103.0
6eU0jV2eEZ8XTM7EmlguK6,Black Pumas,1195484.0
11k3Y6uyixbyGfgPl8qZTZ,raissa anggiani,1195063.0
0dlOr0VIysztGWvU1dpjmP,Natalie Imbruglia,1194464.0
5tKXB9uuebKE34yowVaU3C,Iyaz,1189664.0
3UTF2no3muGdiFXVujl94i,Kapo,1187602.0
6Xb4ezwoAQC4516kI89nWz,Imogen Heap,1187520.0
67lytN32YpUxiSeWlKfHJ3,Yung Lean,1187380.0
26opZSJcXshCmCwxgZQmBc,Whiskey Myers,1186723.0
5xWPOujQqd4wXyB08slZ9Z,Peter Cetera,1186168.0
3ZGr7nQBXDU2WhyXgRVbt0,Sticky Fingers,1184024.0
3nlHsNqwCSvT988ZfSW1Yh,Ronan Keating,1183888.0
5S6hjAxgxjsLylsTtMIimO,Saliva,1183730.0
1gRNBaI4yn6wCCTvRhGWh8,Don McLean,1182597.0
5sXaGoRLSpd7VeyZrLkKwt,Gregory Alan Isakov,1178300.0
41qil2VaGbD194gaEcmmyx,Will Smith,1171884.0
2AMeiDbfU2vonrTkpXDKUu,Kay Flock,1169744.0
6zn0ihyAApAYV51zpXxdEp,10CM,1168641.0
1Zkxm1dM3HI3QkTmxUEVQA,Los Gemelos De Sinaloa,1165118.0
1Fmb52lZ6Jv7FMWXXTPO3K,Joan Jett & the Blackhearts,1163006.0
3ZHU5AKrUmIPnCFfr82QER,1nonly,1162853.0
2Q3eZMfDQgT8MhPowKFXYO,t.A.T.u.,1162377.0
2kreKea2n96dXjcyAU9j5N,The Pointer Sisters,1160469.0
5ksRONqssB7BR161NTtJAm,Ace of Base,1158105.0
2kS9NyuATpYwjeB93h24H5,Nina Chuba,1155582.0
3bUwxJgNakzYKkqAVgZLlh,Travis,1155018.0
0avMDS4HyoCEP6RqZJWpY2,Ethel Cain,1153989.0
5FxD8fkQZ6KcsSYupDVoSO,Omar Apollo,1152152.0
2zFZiWQJFFshzojycnXoTL,Bell Biv DeVoe,1151240.0
7kplJl06UmldxLKseURAYi,Warren Zeiders,1151223.0
1L1VfizWn4DkFt602yD80U,ERIK,1150258.0
6p5JxpTc7USNnBnLzctyd4,Phillip Phillips,1147741.0
09djLPsTydbIFC9duW5mQp,Vitinho,1145767.0
6Dp4LInLyMVA2qhRqQ6AGL,Dilaw,1141754.0
0F3maSKfGGVtfATaAyeyPG,Chris Grey,1140308.0
4bqKmu3kRUl6X7pTl1CuVs,Casa Worship,1138792.0
6CKch2otN4SPznHf9ms5JF,Tony Effe,1137852.0
6S6ekwAUY7h8PALjCq9XjR,Luma Elpidio,1136109.0
3SCOuAxngTC1yGjKMcIPEd,Lasso,1135870.0
1OAjDaKgg00KCUYqDe68un,Gigi D'Agostino,1134099.0
0tC995Rfn9k2l7nqgCZsV7,Prateek Kuhad,1134005.0
5q4AzEtCoYJyXjMMoEkSU5,Bachman-Turner Overdrive,1133998.0
59QxeZBL6k9L4oJBGSyukd,The Marshall Tucker Band,1132638.0
6nDLku5uL3ou60kvCGZorh,Bloodhound Gang,1130878.0
0W498bDDNlJIrYMKXdpLHA,Roberta Flack,1129896.0
35WVTyRnKAoaGExqgktVyb,Hotel Ugly,1128833.0
0kD8IT1CzF7js2XKM9lLLa,STARSET,1127664.0
4qBgvVog0wzW75IQ48mU7v,KYLE,1124242.0
0gm1lHoOXAdy5OB4AwFYRr,Giorgia,1122858.0
1WNoKxsp715jez1Td4vthc,Electric Callboy,1121201.0
3oKRxpszQKUjjaHz388fVA,Parcels,1119687.0
4bLLB1dbsRVUTcMpnDGDO2,SunKissed Lola,1118868.0
7GacyaFUp0qkEJglERX9N7,Alfa,1118467.0
0xliTEbFfy5HQHvsTknTkX,Alphaville,1115330.0
2l35CQqtYRh3d8ZIiBep4v,MKTO,1113187.0
3TQ9JTBI2n2hfo7aRONEYV,Sir Mix-A-Lot,1113079.0
26zgIfFyTCImkHAp5gwKW8,Joé Dwèt Filé,1111826.0
54QMjE4toDfiCryzYWCpXX,Metronomy,1109861.0
3nF0yXDatdq9xV279nEs5X,Kahraman Deniz,1109749.0
1n9EM0Y4A89vuRiA93gSS9,Kaifi Khalil,1106578.0
6DoH7ywD5BcQvjloe9OcIj,Ray LaMontagne,1106291.0
4Ly0KABsxlx4fNj63zJTrF,Seafret,1103187.0
7GgpsUpkj3olseoaTY7TEY,Elodie,1102061.0
4HgF4KnohByNElYid7iCNb,Bobby V.,1099793.0
00sazWvoTLOqg5MFwC68Um,Yann Tiersen,1098631.0
4iMO20EPodreIaEl8qW66y,Still Woozy,1093247.0
6rqU9HQ57NYGBnBzbrY3a4,Paul Young,1091950.0
1Tie3AZgLQZqYEp8Fv4zOZ,Koe Wetzel,1091139.0
7giUHu5pv6YTZgSkxxCcgh,Edward Sharpe & The Magnetic Zeros,1090441.0
2D4FOOOtWycb3Aw9nY5n3c,Declan McKenna,1088930.0
4IR8ZkpbyyKrqsIzchF3NB,Crossfade,1088163.0
027TpXKGwdXP7iwbjUSpV8,The Walters,1088058.0
694QW15WkebjcrWgQHzRYF,Everclear,1087764.0
4T83el9VQDI0zOyU9zcYNq,Soner Sarıkabadayı,1087146.0
7ohlPA8dRBtCf92zaZCaaB,Crowded House,1086001.0
2kdmTOXncgNHSuYVMhdd5I,Jorge Rivera-Herrans,1085701.0
3jc496ljiyrS3ECrD7QiqL,Gipsy Kings,1085349.0
3s2wTjWxK8NOX09dmsvVOh,Chingy,1084943.0
4dM6NDYSfLcspt8GLoT5aE,Hippie Sabotage,1084542.0
34c4iQ5tkaZKu6Sv28BTde,Danzig,1084181.0
0FWzNDaEu9jdgcYTbcOa4F,3OH!3,1082781.0
2mLA48B366zkELXYx7hcDN,Peggy Gou,1078852.0
3PWp9R5HvbQgxI5KBx5kVd,KANA-BOON,1078191.0
7CwiLiC1S8B69RMPxbDb6S,DLD,1078059.0
0p5axeJsbtTCXBrRVoKjwu,The Drums,1076943.0
6eJa3zG1QZLRB3xgRuyxbm,Dayglow,1076613.0
4AhHkaGz7W2bKKJK90IaV2,Batas Senja,1076469.0
4pQxRQ2bUyVpk89wzztCLw,Los Del Limit,1069705.0
0aaYORc6Zmp1SCXhRRDwNW,Jovanny Cadena Y Su Estilo Privado,1068692.0
4uN3DsfENc7dp0OLO0FEIb,Sugar Ray,1065410.0
2Hjj68yyUPiC0HKEOigcEp,Jesse McCartney,1064222.0
6TZdvF1kFzwnQLgHQynzsO,Alien Ant Farm,1062436.0
6QrQ7OrISRYIfS5mtacaw2,Jaymes Young,1059455.0
0dgJbQ0bKPyUXco8hEXN7X,Øneheart,1055699.0
7I3bkknknQkIiatWiupQgD,Beach Weather,1052823.0
6IkfE2JyVoKwBZXvuytKX3,Oliver Anthony Music,1050149.0
0OdUWJ0sBjDrqHygGUXeCF,Band of Horses,1050021.0
0UF7XLthtbSF2Eur7559oV,Kavinsky,1049514.0
4MzJMcHQBl9SIYSjwWn8QW,Spiritbox,1048845.0
2pHkxVNynHBwQHhGaoBIXX,MINNIE,1041338.0
4n31svBA9GGIYxGxgrQaRK,George Thorogood & The Destroyers,1038165.0
7KFOc3T4Xo8DVZt4PWw2qN,Gazzelle,1036313.0
3ETLPQkcEd7z4k3IbZmXMq,Cleo Sol,1034231.0
04mzq9GH08zOBRdV2gzmXm,El Padrinito Toys,1033925.0
2NfSBtmWe7oPw1EmetJVso,Boza,1028418.0
4AcHt3JxKy59IX7JNNlZn4,Fitz and The Tantrums,1027388.0
2nTjd2lNo1GVEfXM3bCnsh,The Teskey Brothers,1025003.0
7tjVFCxJdwT4NdrTmjyjQ6,Muni Long,1023678.0
7lqaPghwYv2mE9baz5XQmL,Tally Hall,1019994.0
4gwpcMTbLWtBUlOijbVpuu,Capital Cities,1019262.0
4hYxvgmTzS29XAXlo5adgM,L2B,1018149.0
3QLIkT4rD2FMusaqmkepbq,Rachel Platten,1016760.0
3QmmtMrEf7aQrsd1VtejAV,Mœnia,1013928.0
4Yfe8uXcl5PYwknQ4OMZIP,Los Alegres de la Sierra,1009251.0
2CCgb0KApjfQDuTppovpf8,Rvfv,1000255.0
7wqtxqI3eo7Gn1P7SpP6cQ,Salt-N-Pepa,1000130.0
1l9d7B8W0IHy3LqWsxP2SH,Phantogram,999179.0
2JyWXPbkqI5ZJa3gwqVa0c,Craig David,998161.0
6AyATGg7mDgBlZ4N5uNog0,SYML,997520.0
7eKkW1zo5uzW8kUntiiBvz,Malcolm Todd,992150.0
4ETSs924pXMzjIeD6E9b4u,Surfaces,991945.0
31fsDbpNPKe346urriO4ma,mrld,990393.0
7xkAwz0bQTGDSbkofyQt3U,Belinda Carlisle,989667.0
37NqXwtb6nIEqRt4EJSoIO,Duffy,988986.0
2AVVj8ezW2mJ0v8u7XydiF,Saving Abel,984657.0
2MLHBMApNE5h8wIufiTPs7,Duncan Dhu,982059.0
0yb46jwm7gqbZXVXZQ8Z1e,Bishop Briggs,977004.0
4N8BwYTEC6XqykGvXXlmfv,George Benson,976783.0
06O23tLg0or676h8EEzH7W,Pastel Ghost,973915.0
20p5D2KrE8CGuOjHtxsyTp,Fine Young Cannibals,972445.0
5YvrXxWXf9n9enAV8HHZSN,Colmillo Norteño,967016.0
2kGBy2WHvF0VdZyqiVCkDT,Father John Misty,965905.0
2rwLjVHS15sfzciKXXNbgA,Yiyo Sarante,965585.0
1WaFQSHVGZQJTbf0BdxdNo,Tommy Richman,964921.0
6ygKuZFz2sRggPZRaLHVHD,Aziz Hedra,964304.0
4TaSvnT5o4REFwhqfrmK27,imase,960712.0
6SXTTUJxIVwMbc1POrviTr,CoComelon,960172.0
0oK5D6uPhGu4Jk2dbZfodU,Thee Sacred Souls,960082.0
7AaGbSgUxJFuZ49VvclNH6,Damiano David,955486.0
3eskO5m0H4yiF64vRySBjr,Buffalo Springfield,955110.0
0OhiQFSqbnnmB52NWEpsO5,Mi Banda El Mexicano,948735.0
5aMmmNxw4vgpc5XC6hK0zp,The Calling,946765.0
7uaIm6Pw7xplS8Dy06V6pT,Trevor Daniel,944406.0
7bPs6jf983f0bjRAt1yxDM,Patrick Watson,943613.0
1ZT1OfVAO3kpOEHVejBxV8,Meiska,940719.0
0WleeEe3UurwlNbDGhb5Yz,ALLMO$T,932502.0
69Mj3u4FTUrpyeGNSIaU6F,The J. Geils Band,926182.0
0jJNGWrpjGIHUdTTJiIYeB,The Wallflowers,923715.0
5RTLRtXjbXI2lSXc6jxlAz,Ravyn Lenae,923464.0
5hKGLu4Ik88FzWcTPhWNTN,INTERWORLD,922398.0
1mZu3rO7qSD09GdDpePHhY,Frankie Goes To Hollywood,921657.0
08GfvCW09pv2QP4y9sle2a,Sam Barber,921477.0
28NFZuZbEm7yzMpv1q1Rb7,Grupo Mojado,919906.0
6rniTPs9zN26kYnkPdFl1U,Sir Chloe,918032.0
5R3NywPPOyhLfdvutgg0me,Los Abuelos De La Nada,916799.0
6IFXsrXBpwbIqtOUOiAa3p,Rick Springfield,916532.0
2fPsJqR6zfoHatC1eFr0eQ,Livingston,914859.0
0eI3X5rAzHRZVe5FPk4MN1,Bad Wolves,913351.0
54gWVQFHf8IIqbjxAoOarN,AOA,911391.0
4nVa6XlBFlIkF6msW57PHp,Hanumankind,909710.0
7DxmRNDWbpskTfkfmiRd7R,Banda Clave Nueva,909590.0
1qM11R4ylJyQiPJ0DffE9z,Lilas,909446.0
6eoJpTIlcuxJNjV5fDzDJH,Live,908422.0
79hrYiudVcFyyxyJW0ipTy,The Paper Kites,906919.0
44TGR1CzjKBxSHsSEy7bi9,Woodkid,906263.0
3L1qgTsUqavkiygkIKfWJD,Denise Julia,898795.0
72KyoXzp0NOQij6OcmZUxk,Midnight Oil,898493.0
5ictveRyhWRs8Gt8Dvt1hS,The Front Bottoms,896940.0
5vTG3EyFrsARtIGDWZNRzu,Halstage,894606.0
6p2HnfM955TI1bX34dkLnI,The Backseat Lovers,894459.0
3Q5Qep7ytrjVleNnMnntgQ,TEN,894061.0
4463nfFMmK1cwAWBQDwT5e,Laura Branigan,891777.0
28B54RKpJrEmDoGSTjsfY6,Magnus Haven,888243.0
3rp4f58JlRHkk8hpdLCer1,Videoclub,886336.0
3jFjgKOGfVLWfXX8q5wrsg,R.K.M & Ken-Y,882385.0
6i6WlGzQtXtz7GcC5H5st5,10cc,881837.0
1zVxAFV8uL5V816dzdHvYQ,Aaron Y Su Grupo Ilusion,880713.0
2SabhGDiBSyaM6QSuBUVqB,Noizy,878205.0
7bzt5lHL6bzLO3c9mkxNMW,Los Socios Del Ritmo,877536.0
50AOA3aPd6tc928KEYaljF,Yaşar,876125.0
6Wlvsn3IPHiZwAv02lB5eC,Ícaro e Gilmar,872307.0
29WzbAQtDnBJF09es0uddn,Corinne Bailey Rae,869240.0
0niJkG4tKkne3zwr7I8n9n,Finger Eleven,865466.0
1YrtUPrWcPfgdl9BaD9nhd,Khalil Fong,856696.0
0f2YkMXwFNJNSX7MymevKE,Kaash Paige,856173.0
1dy5WNgIKQU6ezkpZs4y8z,ROLE MODEL,854925.0
0pWwt5vGNzezEhfAcc420Y,Mr.Kitty,854193.0
6BRxQ8cD3eqnrVj6WKDok8,Ella Langley,851327.0
7hr9W3IjXcm3UlLY7guLk5,Henry Moodie,847407.0
4li4dx5mFgZlMVeHlARBHP,Nazan Öncel,845017.0
70NcAr4ZtA3FAqU16iQZSb,Dhruv,844243.0
4EEZg8R3dxbTCCQ1DVWtHg,Bobby Pulido,842823.0
34v5MVKeQnIo0CWYMbbrPf,John Newman,842560.0
0d71FlLkqZzdpEQifcngQq,Julliany Souza,842217.0
71UIOLnsacxQHlU55TvfiH,Da-iCE,841229.0
2rc78XDH9zuJP6bm78lU8Z,Derek & The Dominos,840242.0
3444S3C4U9Ts86BnCtSPRV,Treaty Oak Revival,839353.0
6jdObwsrIjSRnBbMw6lPBj,Seals and Crofts,837074.0
3rRyfgGByetsaaujkjQ7rY,Yaelokre,835606.0
78iJ2FMbYAFY3djO4PbWZi,La Mano 1.9,833012.0
0vRvGUQVUjytro0xpb26bs,Arizona Zervas,831728.0
73mSg0dykFyhvU96tb5xQV,Hermanos Gutiérrez,828122.0
2EXpthNgSeTDeX8nGwxppp,Paris Paloma,827580.0
0nnBZ8FXWjG9wZgM2cpfeb,Leon Thomas,824900.0
2sF5nNXnrrsCPZlt8ZpyGd,Rich Amiri,824884.0
1tKrZaph4cLsnEdqC5BNEQ,Clayton & Romário,822317.0
6raQ4bhFk0JuTS7i3nZBXr,Alan Arrieta,821552.0
5lbM4g6bhxjNX7R5QHP2nD,Xavier Rudd,820885.0
7IAFAOtc9kTYNTizhLSWM6,Hollow Coves,818817.0
1zxDewzd2j1ZdSBGaYcr0y,The Outfield,811763.0
6aq8T2RcspxVOGgMrTzjWc,Soft Cell,811486.0
73BLwSX6gsNeVzS7DgI4xe,grentperez,810497.0
6eBKQVpzyvlMoQaR7buvX8,Derya Bedavacı,809922.0
2DnqqkzzDKm3vAoyHtn8So,Uncle Kracker,809706.0
61lyPtntblHJvA7FMMhi7E,Duke Dumont,808781.0
0dCKce6tJJdHvlWnDMwzPW,Village People,806242.0
6kBjAFKyd0he7LiA5GQ3Gz,Aqua,800953.0
2LJxr7Pt3JnP60eLxwbDOu,Mandy Moore,800529.0
1uU7g3DNSbsu0QjSEqZtEd,Masked Wolf,797555.0
0AuW7OCyKfFrsMbtHrYgIV,House Of Pain,796353.0
4FGPzWzgjURDNT7JQ8pYgH,Zach Top,795783.0
6wlhqnATSJIc0NQ64VxOVJ,Matt Hansen,795771.0
25jJ6vyXwTRa0e6XCcdR6U,Ari Abdul,794003.0
5aZppZ1lCv3Y09RuunlN1a,Los Farmerz,792376.0
23xFbA9rYgRX8mreqysWPc,BossMan Dlow,791966.0
7290H8m1Dwt8G7jm1y9CQx,Chris Isaak,791226.0
0Yg29FX1M4ayqjXs0ttZFq,Young Cister,789421.0
1E8mXBWN7AXZCOPYbOky4J,Jazeek,789331.0
4W48hZAnAHVOC2c8WH8pcq,The Temper Trap,788695.0
2e84TbIwlMbSgm1CO6chyE,Gabriela Gomes,786634.0
3iGhlvzpXc0UHBQ7klAItX,Mitraz,785566.0
1QPdp5duV6lV4XINCzjwQ2,Dinos,782856.0
053tL050frPJyo9lPXTUFb,Element,782677.0
7yAymwuYh9RcpX84GSNIq2,Josiah Queen,782289.0
0ocHleb3SllGNQQcDH35Xz,Herencia De Grandes,781977.0
12j6dJrPXanCBwY599pZxf,Matt Maltese,777442.0
2rblp9fJo16ZPTcKDtlmKW,MC Hammer,776204.0
2PSiyldxmJze7xiqbz658m,Spin Doctors,773164.0
0kkxsdcaWmWU2yWAqclDh4,Rixton,769989.0
2A7XpBQ8X227lVi5BphdPw,Awdella,769116.0
0AnwMwgg6y4Cv0h9nkKPIx,Rebellion Rose,768634.0
4ylR3zwA0zaapAu94fktwa,Macy Gray,767282.0
0wyMPXGfOuQzNR54ujR9Ix,Caamp,763441.0
4KPyQxL1zqEiBcTwW6c9HE,Dương Domic,759698.0
5nWYvcpaqKtp08cYxjOfFr,Gibran Alcocer,759246.0
4b0WsB47XCa9F83BmwQ7WX,The Righteous Brothers,758018.0
1DuBkL1pAgaZQHXKPiVr08,Léo Foguete,757382.0
2WjzL05RyqIk5n53sZc9nf,manifest,756656.0
4jFlmD92WULLlaRS8Cj6QS,Francesca Michielin,754960.0
3inCNiUr4R6XQ3W43s9Aqi,Pavement,753652.0
3klZnJvYGIbWritVwQD434,Duncan Laurence,753329.0
60nua3AsVSfADZtg5Hdz3W,La Mosca,752671.0
2zRt0sfxNnqI8gLR7d8gWt,She Wants Revenge,752636.0
4MrQDA45Gd0llLrwFUzimG,Flawed Mangoes,752059.0
1q4618qKswelCGLoanFKQh,Joey Valence & Brae,751638.0
0lJlKQvuM2Sd9DPPyUXcHg,Sixpence None The Richer,750580.0
0Je74SitssvJg1w4Ra2EK7,4 Non Blondes,746523.0
5ypxebeHEIXjMtJb17uJlI,Jet,743874.0
4qWnlmXWuGv2TtuxtIWlJX,BANNERS,743730.0
2gXmjQIxCO8lMnSncluZaU,Cory Asbury,742922.0
340PS4ZcZ4UCBgyrXzEjcp,Max McNown,739863.0
2RpHsROrX075xfIwHn6B2U,Chris de Burgh,738800.0
6mcrZQmgzFGRWf7C0SObou,Frankie Valli & The Four Seasons,738618.0
1QfpRUtH14JLoY6F6AYmwt,The Rare Occasions,737652.0
3plJVWt88EqjvtuB4ZDRV3,Ben E. King,737047.0
23hzc59PkIUau13dqXx5Ef,ian,736775.0
4OVbrPbhvK46A1uXTU1u5F,Lay Bankz,736579.0
5ILrArfIV0tMURcHJN8Q07,Vanessa Carlton,735994.0
61OfH8eB8aJIc9T98cecNT,Sugarcane,735986.0
49HlOY4gkHqsYG9GCuhkcc,Celeste,733783.0
7sKxqpSqbIzphAKAhrqvlf,Walker Hayes,733365.0
7mvhRvEAHiCTQHUnH7fgnv,Tatsuya Kitani,732761.0
3nuc29fYGlQbIrwh4yrNWd,Lake Street Dive,732679.0
5ENS85nZShljwNgg4wFD7D,Gabry Ponte,731875.0
3EaScgA3zh2rORlbrAL8RI,Daun Jatuh,731706.0
1ZLU77nRzQIaP23mVSYpCQ,Hearts2Hearts,731585.0
7CdGfkCRgPhElnqy3HPJ4a,Super Simple Songs,727434.0
1bdytLV3FPjyhfrb6BhMej,Asia,726623.0
3TJZG17pjOKXwx1ELKJPfm,Wisp,726382.0
7GcVOOrldYLwxGrCkELOno,Rebzyyx,725380.0
0RUEHcBiENFEqxgicqS2ig,The Stranglers,725250.0
3K2Srho6NCF3o9MswGR76H,Bakar,724590.0
0DpLoyGVbhOHNR3ht2oO9y,Calein,722225.0
5tTsrGPwQRWUsHR2Xf7Ke9,Natalie Cole,721832.0
1ul8iLt2WnFe2UIyovjg7q,reezy,721813.0
5jVeqi3PNaTOajfvBa4uFn,Thompson Twins,720714.0
6w7j5wQ5AI5OQYlcM15s2L,Extreme,719428.0
3EOEK57CV77D4ovYVcmiyt,Dennis Lloyd,717990.0
02da1vDJ2hWqfK7aJL6SJm,Soul Asylum,717098.0
2VIoWte1HPDbZ2WqHd2La7,The Turtles,714683.0
4J3wzDMI97AlGimdiVcaLb,Crazy Frog,714345.0
5zVu34ozw0BzXIcNHqkO0u,Liana Flores,712054.0
5sm0jQ1mq0dusiLtDJ2b4R,Eric Prydz,711847.0
1G0YV9WooUBjrwDq0Q7EFK,Charlotte Cardin,709756.0
5PlfkPxwCpRRWQJBxCa0By,HUGEL,709394.0
6FugQjLquBF4JzATRN70bR,Yot Club,705953.0
2Ax9wZpdlg4r2zkc3pcI8U,La Unión,705034.0
1S82w4yw9TYIHZ889mPPaW,Kanii,704448.0
62C5P1caRIK12ndTkzNJjA,Noemi,702150.0
7o2ZQYM7nTsaVdkXY38UAA,Em Beihold,702131.0
1hMAGfvamVXuSWBFQRFMeq,Over October,702082.0
2LkkwxA19J8C52wPQl5bG6,Jamie Miller,700648.0
11p2E654TTU8e0nZWBR4AL,Mark Ambor,700050.0
22y08IZx7u6SWpsfap1Cub,Rio Romeo,699441.0
5SHgclK1ZpTdfdAmXW7J6s,The Last Dinner Party,696202.0
3IrUyDPQlQFcB5lMWhPml2,SSIO,689522.0
0sHeX8oQ6o7xic3wMf4NBU,Supergrass,689398.0
4AKwRarlmsUlLjIwt38NLw,Ofenbach,688390.0
6TxY5T8v9RjF7Ry4XQvWT5,Chris Travis,687475.0
0n4Fao9kbjgM76RmVlfSwr,YG Marley,687332.0
67MNhiAICFY6Pwc2YxCO0K,Elley Duhé,686638.0
3HedFe4b2Nqeg1CEzmt6ZI,Marino,682570.0
1HxXNvsraqrsgfmju1yKk8,Modern Baseball,682366.0
5yw4tA8D5uG7tT3NaDvq10,Stellar,682023.0
2wpWOzQE5TpA0dVnh5YD08,Bronski Beat,680676.0
3bhu7P5PfngueRHiB9hjcx,Elle King,679995.0
4hUmsYcvD8C5zuVSP93jb1,Miki Matsubara,679780.0
3p8PwzenE7ktd4BVFuQzMD,La Receta,679475.0
2VSHKHBTiXWplO8lxcnUC9,GAYLE,676571.0
3K2zB87GZv1krx031en5VA,La Roux,676030.0
7J2lZBANizgPNfUzux31PV,David Gray,673316.0
2rwALQ1SXdfUWPUd6WOfYS,Aaron May,673034.0
18lpwfiys4GtdHWNUu9qQr,Ocean Alley,672399.0
1PKErrAhYFdfrDymGHRQRo,Nathan Evans,672188.0
4kSGbjWGxTchKpIxXPJv0B,Crumb,672004.0
4mr4X9nJC8DPlNukWbgAaI,HYBS,670693.0
79mgHJytm385Muv7GfaneD,Foolio,670254.0
4ogvuDRerGhZfSf7TtzHlr,Israel Kamakawiwo'ole,670184.0
02vrwnrNEeDRV96o9iPSYP,sign crushes motorist,669075.0
4mLJ3XfOM5FPjSAWdQ2Jk7,Dr. Dog,666438.0
38wxcfNEqMwuPniHvplin5,Neoni,665192.0
38SKxCyfrmNWqWunb9wGHP,Good Kid,665162.0
64CuUOOirKmdAYLQSfaOyr,The Emotions,662756.0
2CnhqfjUG0qzsru0SMuhrk,Title Fight,661546.0
4Js9eYwAf9rypNtV8pNSw9,Petey Pablo,660407.0
7Fo8TAyGJr4VmhE68QamMf,Talk Talk,659864.0
71Q7jmvxx7g06qlWNEU45p,Oasis Ministry,659052.0
69tiO1fG8VWduDl3ji2qhI,Mt. Joy,658466.0
69bG9tC62d8oTFC9aTTosn,New West,657297.0
5tIkXJTex4JY7cv9mmgAZx,Ruelle,656473.0
0pCNk4D3E2xtszsm6hMsWr,K.Flay,653208.0
30mZI7Hw2MhoarTVYxfyZM,Unique Salonga,651541.0
2JX4h8xm0hNxCB0aNBWzyi,Gyptian,649069.0
60ZOYUFnCYEeKYsxgvPxOS,Cano,648933.0
2aS6jYh7ysTL1ZUsHneNgM,Berlin,647783.0
3BTY807ipaaT6QHW1tHTt0,RJ Pasin,647125.0
0YHgnSkV3S5mvSSCTRWDi5,Poor Man's Poison,646158.0
7Bah8E0kCETqEpAHI6CPzQ,Mr. Mister,643529.0
0Xi59sEw38vRvwleSAVqoo,Marty Robbins,642523.0
7GXXMm3DB1VswVcuGyInUd,Vanilla Ice,642491.0
205i7E8fNVfojowcQSfK9m,Dom Dolla,642430.0
73A3bLnfnz5BoQjb4gNCga,BICEP,642356.0
1dsKaRPU3HFSdlNyMmH5QI,Fatma Turgut,639079.0
3wVXTWabe3viT0jF7DfjOL,Vedo,638810.0
4sCKpwwEsgReZxjtKFm2A0,Tucker Wetmore,637858.0
6edGSAX5dVpeJVwu1Q0NwJ,Lighthouse Family,635868.0
7nkLRaWHImCvWGHdNGnhVE,Ten Years After,633353.0
0hHT2BH7XTm3ZdZb6CX064,Raymix,632869.0
0N0d3kjwdY2h7UVuTdJGfp,Cascada,632010.0
0EodhzA6yW1bIdD5B4tcmJ,Bobby Darin,630174.0
1AgxgADPuRIW1wyaA4OKcB,Tom Rosenthal,630143.0
1cJ5tVoeAEFcZBAwSZ0CtF,The Plot In You,630058.0
5IpS1TN1Crp8Ym4zjiIrtK,LXNGVX,629801.0
3Xd2WSaNywx5gn1pgRPFjF,Eternxlkz,627728.0
5SbkVQYYzlw1kte75QIabH,Gnarls Barkley,627493.0
581C5Qwl87TskfBEzuoisu,Cafuné,626447.0
49iKbKGqgn8OESkW5WduX0,Peabo Bryson,626335.0
58JKLeDfIeeOYujvF1UMQS,Muyeez,622149.0
5b5bt4mZQpJMoCRbiQ7diH,Royel Otis,619045.0
5C2iFRY2UldL2hv9THw4aB,Mad Tsai,617924.0
4WC54JUV6ewZOuz8Cl2Cym,Joel Sunny,616927.0
2pbct1ni3yLLAfzrSXQDrH,Kubilay Karça,615511.0
5J81VungUjSVHxlPpTI9KG,Mild High Club,614941.0
5jJrJU7VVmxQQLcLAmmxXc,Sai Abhyankkar,612442.0
1PbBg2aYjWLKRk84zJK15x,Echosmith,609282.0
59hLmB5DrdihCYtNeFeW1U,Glen Campbell,608352.0
3Fe3pszR2t4TOBVz41B1WR,The Oh Hellos,607253.0
4lhUHpVOXmkEBGGHV71QCh,Chance Peña,606022.0
4iSKnRZAxkmqNok6tv10Se,Crazy Town,605503.0
1URGXPcURc0aQzLeph65nK,Bryant Barnes,604723.0
1E2AEtxaFaJtH0lO7kgNKw,Russell Dickerson,604584.0
7riQPkkGZBnTh9ve5qIhYo,Mareux,604294.0
6xqA7u7TxHUYJp6Ww1XgNx,Jeff Redd,604168.0
72A0Z8q8NiochyK9gUHpCR,The Kolors,603079.0
47bVt95bvBMpmJFWoyhH0C,Xtreme,601845.0
3LLNDXrxL4uxXtnUJS5XWM,Alexander Rybak,601843.0
0jbo7KFNMiIkfBR6ih0yhm,iñigo quintero,601543.0
39VNwvlQTqE9SvgPjjnMpc,NOTHING MORE,600600.0
46UMQ0cW8ToR8egkBRwAxZ,Cynthia Erivo,599520.0
0cwmNvclzPd8mQnoHuIksj,Vengaboys,598617.0
7oZLKL1GjYiaAgssXsLmW8,DOPE LEMON,596535.0
03d2mJXSMtuPI0nIvLnhoS,Zoe Wees,595710.0
0PdNEiQ3MsJGCEgE13Tz60,Silence Wang,595597.0
4NYMUsIcUUsBHbV9DICa5x,Nate Smith,594967.0
1oPRcJUkloHaRLYx0olBLJ,Magdalena Bay,594939.0
1uRxRKC7d9zwYGSRflTKDR,SAULT,594893.0
1Sdc6ySbIvzO0X9vbyHzWm,Ogryzek,592958.0
2u0gw0uCWBMiqV7h0N8kai,Wet Wet Wet,592912.0
7gZu6kPnY9enEi5FvgTO4F,Felipe e Rodrigo,591899.0
4gEMn0YPOdotLOygnk0Ng2,ALLDAY PROJECT,591352.0
2Asr5Otk5aKK272pK4ocG2,Jeanette,589774.0
0awl5piYwO0CDTHEkCjUhn,Nico & Vinz,587427.0
7uMDnSZyUYNBPLhPMNuaM2,Kenya Grace,586934.0
73Np75Wv2tju61Eo9Zw4IR,Idina Menzel,586507.0
7kjSuFGKhLm8b5qXoMhRkJ,Libianca,586331.0
5zaXYwewAXedKNCff45U5l,Dusty Springfield,585855.0
2cBh5lVMg222FFuRU7EfDE,Sophie Ellis-Bextor,581019.0
0XFgyr4jwM0MGeZZW0VzA5,DVRST,578448.0
4MvZhE1iuzttcoyepkpfdF,ThxSoMch,575949.0
76ptJV8617638xrpeoUtzl,The Rasmus,575794.0
7Lk9V7E1u5gqSHmtcKlOqH,Sara Kays,575411.0
1dPSMH55yhvjYIwqCP4iDj,Luke Chiang,574873.0
298H8XdYsBHii98wfAZT1S,VIOLENT VIRA,574076.0
3efIR8hdrilpdBfWxVrxRd,ZAH1DE,573025.0
6PsktPFR0UZptKdSqmlS5h,Mom Jeans.,573009.0
3rRmDmzPcAFwcUDvG5gBqO,Percy Sledge,572236.0
0MmnmsAuQKRFpo6vJElcaU,Amber Run,570236.0
6Tz0QRoe083BcOo2YbG9lV,Nena,569529.0
3F2BUPEkX9IDaRYAeJN0Gh,Amo,567518.0
7fmXV2O48buswss04YetaN,HANA,565269.0
36eTeLNx8ErucrEyRm6JOo,Shenandoah,564828.0
3oZa8Xs6IjlIUGLAhVyK4G,Irene Cara,563994.0
2n6FviARgtjjimZXu18uRM,Le Tigre,563588.0
7LVC96BEVGugTAp38AajV6,Lithe,562431.0
5TvFfw1MgSntdU9A7yncyA,Dxrk ダーク,557920.0
1W4itxt3vwhmrgLEBuVHJ6,Vundabar,555666.0
1Y5vJqABeI6QI6R95EDV6o,tuki.,554332.0
0knGpCTbmG4ctl1wzYRZs4,Dijon,554315.0
4kpoYPOSgCl2jYvCm6Cp05,Muhammad Al Muqit,551807.0
3cniTumSiUysiPWXapGx1i,Cutting Crew,549806.0
1hJuGCUpefX24GFmss9bjH,Amy Macdonald,548266.0
5ja9cfKWW8Zj9aloyK8WuY,MoonDeity,547722.0
281Vp9LDrWkHMHQzfQHWCt,Rashid Ali,546598.0
5SCDfg1YoEfI5gFtXqEWah,ATLXS,545763.0
4Icvbp9RDt5aY2TWDOVDsr,Afroman,545514.0
7Kp7SzuRuNiPFCy7JIwnLx,Ca$h Out,544770.0
0qZyvjwZauLmrobrpJmvib,"Dream, Ivory",540676.0
3hWQDRr1PqwvnHeiZlucBq,Bouss,540398.0
5HmfRnwYc5vNyWxRfP9U74,Fido,539336.0
2gbT6GPXMis0OAkZbEQCYB,Pinegrove,539230.0
7rBed6Ya7Hwa2fXbh5btJE,LACAZETTE,538317.0
3ICyfoySNDZqtBVmaBT84I,War,534542.0
3b3PfZsOrb3cPzSCZjawbr,Sumit Parta,534468.0
3B9O5mYYw89fFXkwKh7jCS,TK from Ling tosite sigure,533643.0
0HS00NN7MAfF59aJnfcxSO,Stephanie Poetri,532812.0
4wCW8kZ8LL7QIdcE8EOKPP,BE:FIRST,532558.0
1V0BgbhknuuZIMxKO0M9FV,Hermanos Espinoza,530287.0
1KXJUpTiNeMv93LrJbbm7G,美波,525283.0
3u65Tx20y4WqxO7W7khEhj,Clara La San,525043.0
3atMq790wQ7IqjeSO0HFeP,Bayaan,523425.0
1YRqgFNXqRyMDRr8ClS1NL,Kaliii,522216.0
1J1pGfTqp5ReVIX8Z1Wzsg,BabyChiefDoit,520282.0
1TqQi97nqeiuOJrIFv5Sw0,Semisonic,519647.0
3ZOk6bDH8ORFWZUA4qvevR,Gio Pika,518937.0
6sFHvCyqklnJpXC9Nh1aag,Alexander 23,516221.0
5jG6uRqinuI83luutMpW6y,Gavin Adcock,515567.0
4XWaILHqySwH1y6LhlYcsb,ilyTOMMY,513590.0
09cKncAQn28NqTUORLMwSR,Ariis,512625.0
0t84CBqmvihsUVFme33TLd,GReeeN,512276.0
3Z7onAknzpinUu3KtmgeZb,Avenoir,511681.0
5os0Ltvz8Q8BvXOPOd1frx,Inner Circle,510040.0
3vRclCt9VnNhYIxFMQCxuM,Milli Vanilli,508373.0
7AQzXO3NPNQsI7oNu5rC3r,Marcy Playground,508324.0
2aya6KuqjXEhHBqYKsTPLs,Rose Villain,505357.0
77Zc5MMUIMJriEDAcaDspi,LOS DOS DE TAMAULIPAS,502724.0
5IjwAAk3njAeiFY1InInsn,Misellia,501781.0
7kk9ucvRJim0NMM89Lml2Y,MXZI,500107.0
0Suv0tRrNrUlRzAy8aXjma,Haddaway,497701.0
7iKgSlIINjat3bsCYiNMYX,EBK Jaaybo,495605.0
4cPHsZM98sKzmV26wlwD2W,Brenda Lee,494340.0
4tOVIRjlWWfR1RrAxyRqTE,Chromatics,492576.0
6q7nMIVgGohQ14mSsq3F8t,Gilsons,490909.0
4jCIAMb0zEArF3GYEYzoDk,Joy Again,490271.0
5r1bdqzhgRoHC3YcCV6N5a,The Darkness,487927.0
4DUQBYAyOTZotSEdKhaf6c,Basement,485680.0
2ekjTXgjxbWwBX5lTAj4DU,Eric Carmen,485650.0
3NVrWkcHOtmPbMSvgHmijZ,The Minions,485120.0
1IHjrY7ygKbmLVoUV1VcXc,Superheaven,483300.0
372IgXgnCt4wlfumrMTIOs,Big Boogie,480645.0
4H4M0Y4cN39zIVDHvdW53x,Dylan Gossett,479078.0
4C3uGP8vRDzxrhJxZiOjTe,Tiffany,479072.0
5zzrJD2jXrE9dZ1AklRFcL,KT Tunstall,478357.0
4nd1IvFkUoQinjvYdUmOBI,GANGGA,477630.0
6ft7JnxMyZhp7N52qzHymY,Vansire,477620.0
3MyFDtqB80WZvbtCZRsekM,Bakermat,477220.0
48nHO1cuTbpx4ELhChsxX1,Sidewalks and Skeletons,476938.0
46xBNx0j6cwY6sD9LgMTm1,Rosa Linn,476891.0
4iXntje546XRJmmMTjTO7g,Amiel Sol,476368.0
7tjbDPvrdvDshcpEMXKRVb,Gerry Rafferty,475196.0
1c4rxrxy8eDLvMVL1DTiBe,Andra Day,474518.0
3oo88ul6DPnYZwZG4CZBTY,Butrint Imeri,473715.0
6dhXvR5MsnlwYguRuqoapR,Cameron Whitcomb,472768.0
3nZ3ed6p4CKc1McTLypr6H,Marconi Union,471504.0
7CyeXFnOrfC1N6z4naIpgo,The Ronettes,471244.0
13y29W8mEcA2gKqUr1SPLJ,Rony Parulian,470375.0
08b2PA6eFyugsWAk41eQKZ,Lesley Gore,469680.0
6c4sUNBgdonFJz8Kx2VsGz,Madcon,466095.0
7GtPtPbDC5CLNzSNxVpqaf,Britney Manson,465552.0
5LGo1zHegJTWzqVXgeNplt,Ryan Mack,464871.0
46lEQmDJLJeyltECJYJv1Y,Wyatt Flores,463136.0
7FtCyCJCJaxabYO7Uyda5B,Cannons,460395.0
2BM933ADIluGGrPBOhPgIt,SiM,459767.0
3IR6DvP0x2a6oUSist9UMu,elijah woods,457275.0
7cTXfwpe9peK0UE1bZyIWZ,Pinkfong,456098.0
40wi3VPurw0e4t3Yggo2Fk,Amigdala,455678.0
77BznF1Dr1k5KyEZ6Nn3jB,Vancouver Sleep Clinic,454950.0
3Cz37xnWAOtQEa5jfrTUbL,VEN1,454186.0
5WWSL6rElJeUk3Uc1S2RyD,Dead Or Alive,453865.0
5iB5AWIa7qreioi0AF3Bxa,The Bellamy Brothers,451949.0
4kpQdAU7yPjqtiJsFcBTBb,Rokudenashi,450633.0
11kt6ggsdxvI8MhyeSMKom,CYRIL,449145.0
5D3muNJhYYunbRkh3FKgX0,Chord Overstreet,446765.0
38Bf9u0Tg0JOEcjxzqSuAj,JR Torres,445431.0
6Iz3eq2aQGFf7TbGT2iahL,Gabby Barrett,445171.0
6u11Qbko2N2hP4lTBYjX86,Peter Bjorn and John,444584.0
3lDpdwM8KILepMHqBWUhIA,The Struts,444108.0
0BmLNz4nSLfoWYW1cYsElL,Alexandra Stan,442124.0
24eDfi2MSYo3A87hCcgpIL,Ludwig Göransson,441092.0
5PN2aHIvLEM98XIorsPMhE,Kim Carnes,438996.0
0caLxEeeNrpE0noxdInoGe,Obie Bermudez,438419.0
5RJFJWYgtgWktosLrUDzff,Griff,438293.0
7f02bxFbZIOVdSbYRNYvLT,Jerry Di,436965.0
77Zo41CMTIsSUP47AkNhie,Jose Luis Reyes,436772.0
2HpfqDQ8DBQlnrbAsdIh7s,Take Care,435456.0
7Ez6lTtSMjMf2YSYpukP1I,Dasha,434142.0
3CDKmzJu6uwEGnPLLZffpD,Frankie Valli,433967.0
6j1fmLreVuAay7k6Gudfa2,Leeland,431554.0
4auibajZua9Ld8sPMOmPYc,Harshit Saxena,430936.0
5mgr0FFpvy267wKVAYg8qp,Lit,430408.0
3iXeAZ8862AyoZ5ZGg800O,Ole 60,430383.0
4HVmeVTQBgvTuvjB1JYwaf,Gilbert O'Sullivan,429627.0
5kuJibJcwOC53s3OkoGMRA,The Revivalists,425304.0
25pd339V2rRJo84USlcSRP,JAWNY,423217.0
202VnAr2CvQpJJrYXK78jk,Sarai Rivera,422537.0
5xS8cfsAaFyy188dNJGDbM,Ela Taubert,421970.0
3J8YGHzxEZzHRYVxGmQCvJ,Dazey and the Scouts,421934.0
3bTnUXCo3suJiLVb79pExe,Theo Rubia,417412.0
5EM6xJN2QNk0cL7EEm9HR9,Radical Face,415939.0
1XLWox9w1Yvbodui0SRhUQ,StaySolidRocky,415884.0
5LmwELEKyxDFxrbZzR8K4U,Lalo Rodriguez,414832.0
4V4Z3qMCwYofWHtip6ePF6,Bobby Caldwell,412658.0
0CVOcYvRcSvOXyuR4YGKaC,Dani Fernández,412546.0
5U6leWxYKsuTkd4kXcF1a6,The Crane Wives,411880.0
2exebQUDoIoT0dXA8BcN1P,Home,408878.0
5vx4pDmiFDyKMhuOIgpiRv,Sydney Rose,408356.0
3L3YHYkS8b2vgAbnqBTXrE,David Pabon,407894.0
78OAtwN3XpjMcjibnF2Kw5,David Lee Murphy,406623.0
0zO8yNnw5GQgutcIyXfGBY,ELENA ROSE,405077.0
488v7rQzthLNK22r0UvMie,La Bouche,404825.0
6Pu9A4Pe31OK06u1GL8q4c,Betrand Putra Onsu,404107.0
2rMFPjySMqkgBajkLKL6zo,Lomiiel,402938.0
48zixAu4wMDZwpVbOenDU7,Grupo Cañaveral De Humberto Pabón,402568.0
4EaUmdr2olpJ9n2OARYRJ2,Sued Silva,402113.0
1A92IAcd7A6npCA33oGM5i,The Proclaimers,398479.0
14ZxDAK6ITtZZqPdiWrvSn,Everlast,395911.0
4JnJjqxsTp8E5rZsyITf63,Jade LeMac,395709.0
25OaNybC8G6g5KkAmthQtX,Doble ONE Flow Letal,395612.0
0C4gtx1iHMfuaQ73GKWvtZ,Hudson Westbrook,395127.0
5MHG3bmjGh0aqT8hS3nPzS,Anıl Emre Daldal,394041.0
4E0HD2PMY8kQJIjlShrLUS,PAWSA,392217.0
0w7HLMvZOHatWVbAKee1zF,Redbone,390086.0
1DTZRmlVZBxx2wRQBtx6yi,Midland,390053.0
5Rzqmz1zAszembFHGZQuAt,Souls Of Mischief,389831.0
0L6Gwm0JDrgIQJfjarWSUR,Edwin McCain,389686.0
6TsAG8Ve1icEC8ydeHm3C8,Snow Strippers,382920.0
0k2zyzGq6HX383VlMBOvRG,PLAVE,382128.0
0jIWKlfmD4Ew7HeVVrq03g,Elyanna,381927.0
2p2SZoUTvT4dbL2xXXJXwy,Brunori Sas,380534.0
7FeObngbQ0GY3SojNwKdKn,Bresh,379346.0
0ynzbXwyCzxicMKHBoOkSH,EKKSTACY,378768.0
6dlzQ6fiPna40trq1Ek6cb,1da Banton,376152.0
1Gh0pCAxpjw0Iq3JMoVAwO,Ty Myers,375446.0
5cKlE8f6b26h61Ml7m052Q,Haley Reinhart,375204.0
6Ff2omMMZOd8FWNqb980Ol,Waylon Wyatt,374927.0
6vytZ677lz4LzCrUDcDokM,Blu Cantrell,374520.0
48vDIufGC8ujPuBiTxY8dm,Palace,374048.0
1y46m0kIaKwnodL0ElvQIs,Salma Salsabil,371256.0
0H1InhXaXQPL1aj0mvHemU,Gianluca Grignani,371045.0
5DaqVKaxeqDbJuxaIP9m4u,Danilo e Davi,370646.0
5sK8BsvyDl4TFA6KaBf8or,Charly Black,370632.0
1E7NoA5YJu5N0XEm6ojotR,El Payaso Plim Plim,370619.0
6NnBBumbcMYsaPTHFhPtXD,VOILÀ,370112.0
517YzQfoZqbSPVJAZAXGqu,Rasraj Ji Maharaj,369969.0
4nxKz1dRYXnsGzN1lUURtG,Leith Ross,369519.0
5aC2LaswbZgcf1G2uxqBxF,Brenno & Matheus,367909.0
4wrzxtBZw20ufDstKyTnnP,Rachel Chinouriri,366739.0
2cJHtXWQuFgxQ0GkpE7dNR,Bahadır Tatlıöz,366303.0
31uyAcnY0kjjKKIQZMKX4i,Grouper,365619.0
4wP1kxjUsc9IR4Iy2smL7o,Trinidad Cardona,365507.0
4iRZAbYvBqnxrbs6K25aJ7,The Dave Brubeck Quartet,364299.0
6qXwLwTLdA44HYsA26vaNU,Tonic,363650.0
6YznhKZUZFVr418x7OUi3z,Roxy Dekker,363359.0
0wuuYZFptujAsRthrdea2B,Vendredi sur Mer,362646.0
5JqX1glXPg6428ubI1w72i,The Dresden Dolls,360697.0
02gSuSAWEdWa5UOvqzjX6v,SIENNA SPIRO,360670.0
7y70dch6JuuuNnwlsOQvwW,Nitty Gritty Dirt Band,357211.0
72VzFto8DYvKHocaHYNWSi,Hot Chocolate,356514.0
4cJKDGSv4Dz9QycXYmo565,glaive,355300.0
2Cd98zHVdZeOCisc6Gi2sB,Technotronic,355157.0
6BkcAbUkfIBM4XudxieMq8,Dr. Alban,354900.0
4mYFgEjpQT4IKOrjOUKyXu,Wheatus,354205.0
0jPHHnU8GUWEF7rwPE9osY,Jordan Adetunji,353080.0
747jtvVsxwzOLCJeOOz3oT,Wegh,352977.0
4RzbexUO843fc5SLqKEQCr,Aaryan Shah,350443.0
59oBQlP5xoa5cfPkonNNnT,Nafeesisboujee,350005.0
2VDZoCBGjxbHJbnzSX5nP6,KXLLSWXTCH,349550.0
6YPfs6tdZXvnlzgZNU3SYT,Dudy Oris,348268.0
6VxCmtR7S3yz4vnzsJqhSV,Sheppard,348010.0
21aa4pj9BvbFB2iT8kRpnq,Michael Schulte,347978.0
1EmdfupUQDpXOcb4Nj2mBH,Chezile,346860.0
2vDV0T8sxx2ENnKXds75e5,Booker T. & the M.G.'s,346858.0
0sMAHzxguan2KpnKFZPW2d,Sadie Jean,345753.0
4XFkDALFTsSHVnRtJSsaMN,Number_i,344555.0
1nzId6SLDDTUTRV7lNbgxp,King & Prince,343403.0
5Vf6gyVzfo8TnzrPRBg3qo,SANTA,343295.0
5TnuP42pw475UrjjeabtwZ,The Waterboys,341545.0
6HCkJzbswOIc7Qc5TJ1n5l,JMSN,338976.0
6NRSfOnXw4qaypEfIV2QXn,Dutch Melrose,338745.0
57YsESW6BGZLHQgOg8AiAq,Charity Gayle,337443.0
4QTVePrFu1xuGM9K0kNXkk,Dexys Midnight Runners,335530.0
63sat2XSMKdwKfqspmYQKP,KiiiKiii,334402.0
7xTcuBOIAAIGDOSvwYFPzk,Daniel Powter,333864.0
0XRPxTyrrVeDXLt6Wxw4UD,rhodessa,333086.0
7pxIYxdkx2675ZGKSAPBAy,my head is empty,331475.0
4LUmhH4A1lvFljre6d00NI,攬佬SKAI ISYOURGOD,329855.0
2vPnS0IpayC2RVFuQA08R4,2KE,328609.0
4qU7IJSReZnsLy5907Mtau,Richy Mitch & The Coal Miners,328444.0
4luZExkmgn39Kj5XsYWria,Jagwar Twin,326192.0
1CcPlAmcnJjC4FnaPVzv2v,I Monster,325862.0
0Grjlu7ncIuCaSYvCs9fcd,New Radicals,325849.0
3BEV5FcxOtkQJ7lLRKMh3V,Tyler Hubbard,325708.0
69vfchlzopPm72nD2elXCH,BEOMGYU,325638.0
228pVneav5qwbCGQrrqQo4,Macario Martínez,325466.0
3AVx3OBPIk4pJQllAXoVs1,Gaia,325284.0
1mNnxxnPfHQDOkFjnZmdkc,Patrice Rushen,325267.0
7maQENQfaF8xDdEJp4i545,Aliyah's Interlude,325196.0
2PI9HrzzMTN7E5poWl4QX5,Elliot James Reay,324076.0
1noWnd8QFQD9VLxWEeo4Zf,Don Miguelo,323651.0
49EltEYUgnAeLArhavWfT0,Los Chavalitos,323478.0
0KKcTiB0jc5ZWK1a0JfuUh,Drops INA,323420.0
24b0qNYNgeOfpP5rbljIB3,JADE,321384.0
496w0Fyed8J7IRzn5Ffb6x,juju<3,321187.0
2kEDso93O2hDgCbnuiSkkZ,Jalen Ngonda,320730.0
2FrKQPjJe4pVMZOgm0ESOx,SNAP!,320004.0
2cmqbSrv0RSUeYRuWkqSiQ,Officialalex425,319099.0
6LufpoVlIYKQCu9Gjpk8B7,Sharon Jones & The Dap-Kings,317466.0
61TQfpvTjHYQjPrvtJPwVa,NBSPLV,317180.0
2VcWFvgGxVdma52qB5DSDw,AKASAKI,317040.0
2TPyCsRoh2tjeZLTQ2ojlj,John Waite,315316.0
37GUqxafAvAKGMZbXCUnmr,Mohombi,314551.0
5BwOOeKayeMZXa5SSaiRxv,Ricchi E Poveri,313530.0
2wouN3QXejYa5tKetYdcVX,Com Truise,313170.0
2281RSmb2cN6knnt0Iarb2,Leo Rizzi,312953.0
0Sv8sjzMHBbAWXt4CGB9Us,Coma_Cose,311897.0
6mOWFF6HJ6krnIpW0CHLQm,dandelion hands,311423.0
1bhZt10yZVCJfp3HaNxJv8,Riovaz,309456.0
1REvGGP2H7cFLGZgK2sStO,The Lantis,307941.0
1r43wW70tnGUauQYvY5w48,BENNETT,307712.0
5PPCkoOKabpGGhqrUwSikz,Kimya Dawson,307031.0
3qQKrWwcqJlE4OS4e1ox7x,Kocchi no Kento,304664.0
5Nw7qx3NoHzpw59WYcJTve,ECLIPSE,304171.0
0AkpPlFLnr0VQwZQeMGht0,Modjo,303531.0
16B3ICSQCPu4C6L5TEHXQe,Rio Clappy,302918.0
0pVHBkObr9UNIWpms1e4I0,Zartmann,302386.0
60vF1fLR6yzLxCQUlnAYYj,$werve,301976.0
1rPMCfJhANfBT78l2wf4d6,Clovis Reyes,301413.0
59sBwR0jPSTrbMtuTkRPN5,Wild Rivers,300922.0
6bM6rpwjhvxuKSQ2OJ2eQC,Sosa La M,300508.0
47Z8LEl3LnQkcpva0xSthT,The La's,297849.0
4nts0oxMT67lVUoi5Kjxrb,Solomon Burke,297576.0
2YVF0Ou5zIc4mpgtLIlGN0,Robert Miles,297249.0
3skli1w2n0nOZ4qkDbvV2m,YEJI,296750.0
1mSJCvDX0W7Dn7S9C6vmvI,Anna of the North,296001.0
4ofCBoyEiGSePFAG500xev,Regard,294860.0
00CsjN69YCczmdW0bDKaCC,Willie Peyote,294114.0
6lH7FsK8dwGhPaz6mE2PgY,Heredero,294111.0
70TsVY28EcEUYSGG5Yw7mp,Sam Tinnesz,291903.0
3C1ER0cuXc8dLtaI8RvLI6,Eliza Maturan,291855.0
1lAvOODEAbUI5b51WRBbdx,Darci,291837.0
0xPoVNPnxIIUS1vrxAYV00,Del Water Gap,291147.0
48vmXfV0QPy3ljXBp81Fwn,Coyote Theory,289713.0
3pUdWI84GUyM40TiEKXR6Q,Monaky,289412.0
0eVixEZVW2PB1UogwTWXc1,Berq,288554.0
0Nn9YwJzcaeuU1jJL06e3r,The Knack,288319.0
4F9apzBcSE0OSfHYbxo4RF,80purppp,287647.0
7iNrvS80wnHDGVxw3qNRiI,CHINCHILLA,287614.0
6KOszWgIriJLaPOySuBOTI,SUICIDAL-IDOL,287085.0
7CzURHjIfP0ClUnjVRyF1i,Derik Fein,286257.0
7avo0PmlW8O1YLEt9DnWQT,Studio Killers,286155.0
5HK6QtizXJzCmoYTkvFRik,Ndotz,284638.0
7hDt3OE2ubsKzO9rMYPXox,emmanuellcortess_,284609.0
6HHAJjAD9nZ2GftcwEf8r5,1900Rugrat,283283.0
4j96cMcT8GRi11qbvo1cLQ,Michael Marcagi,282437.0
0C1YfsZSxVHgL0Z8bngOTM,Dr. Yaro,280368.0
26T6b8maqEVltcmE4kSDUl,Corona,279846.0
3HQyFCFFfJO3KKBlUfZsyW,Randy Newman,279678.0
587PA35pRGL1JwQr6idJbb,NEIL FRANCES,278613.0
5p1CMGIDFgalZneW5P1EwX,Babyboy AV,278449.0
2bZXmEbQuj9XcGwgyIGuit,Ferdi Özbeğen,278367.0
5lMia1loNJEa8ofqQkKFAp,AKUGETSU,277712.0
0LyOADBjj28cbvJWTXUEGA,Loren Allred,277587.0
2UoLlLFDkqewHH7EzaZcl7,Luisito Ayala Y La Puerto Rican Power,276849.0
5lWasZeo8uWQk6GD8czJLq,Sen Senra,276421.0
7q7IUe2AqtifSZ2q52kHFc,Forest Blakk,274143.0
2Q0rAyTIfdTUwDt8jpEpv0,Novulent,273253.0
0Dkj3iE06TJGxGIrGCmwVf,Nxdia,273142.0
2mAYpnSe3g2Y22JcZ2ddku,Soap&Skin,270617.0
0LhHRmSd1EYM5QdNeNnCoQ,Darude,270076.0
65c5si0ePAwkOCn4M35Ho7,Sérgio Mendes,268415.0
0CzoJbqBbtBNLArLyAFDPn,Ikkimel,268314.0
2ErsJAz6qJ5cqjoVAvfvaC,Charles Wesley Godwin,268104.0
3jiOHVFdVQjbSDVeC7RgY7,Wir sind Helden,267926.0
5KsRA81UaMVKvLNiwDySfp,Jonah Kagen,263640.0
0g0ZYLiNYI4kMg8MX76bkN,mikeeysmind,263582.0
2fqPOGxG12nEERj8YG7p22,Catch Your Breath,263426.0
63wjVVauFUQ4gBw6QXTT5N,Tyler Braden,263034.0
4I2QW85rkIhCRRZt1kuBqS,GoldFord,260629.0
4rXABp4A7KjG9elWFNAbO4,Miracle Tones,260551.0
4zoRNhOhsGX3w8yBAnFSQ8,Paul Russell,259119.0
53tuXn4uXfDqZYhAFMxZdt,Nyoman Paul,258465.0
1pgtr4nhBQjp9oCUBPyYWh,Fountains Of Wayne,256955.0
5XLBtYR2VrpkqXdlvNnFHG,Heidi Montag,256651.0
2a84LFOuPFQX3qGB26eu9O,Steven Rodriguez,256187.0
4jEwTCIHu0hdDbamxScpou,lucidbeatz,254564.0
0WsTM0BMHTqJM5M7EGX4EH,Jhonas Serra,252192.0
65XA3lk0aG9XejO8y37jjD,the bird and the bee,252104.0
12Swjg82MNiUOfl1GB3XFx,Dyan Dxddy,251907.0
6FITmSxIMsk6TfulFiCIIz,Ram Jam,251582.0
0ChjBYedhZTQnWZWQYg15U,Bryan Martin,251238.0
0M4wzwZKh9SSHkOXYNvQlP,Zain Zohaib,250580.0
5midJ0agDR5PUU5QbBswDt,Gamadinho,250143.0
1GuqTQbuixFHD6eBkFwVcb,Sammy Virji,247643.0
4AGNJdJiVltImYk1UTLE0K,Sports,246757.0
4wwYGgSpeBtvk5WX6HBqzw,Aditya A,246524.0
0BZ3BHzfYwpd3k5TDnvAz8,Culture Beat,245736.0
2dyCbip3jAVmQNAs7Sg8Y9,Vionita,241991.0
2M3vnW1p5w4uPRkLYTbvdB,Rusted Root,240493.0
3qdQnBjEBHrk5nZYxXdV1U,Skrilla,240475.0
3EVsC9ZK7QMDuK4FPcZaEq,Josh Meloy,240088.0
4vxaQs6vK54nK89J1VtLex,PUBLIC,240013.0
5yvGiZLSWJTPBlZpVbPnEZ,Julia Wolf,239986.0
08ZqXO40nMrhBoGma4kls2,SyKo,239141.0
0w1sbtZVQoK6GzV4A4OkCv,Mau P,238643.0
6tZxUxheS7w3953cQFOXkd,Adalberto Santiago,238281.0
0WOBasNNoE4TJ3CV2xnUvX,Faris Adam,237245.0
1tE2eVlHSwplXAtuYtlBeZ,joyful,236672.0
4z1P9QhvHGEJzPhQAjXYPE,Shelly,236520.0
079cEjjSpv5dOLH5xsGdvN,STOMACH BOOK,236452.0
5KbiLoVLLIHM5vZ0RM9WMU,Pecos & the Rooftops,236234.0
0ru4hXR4RJY1mikvbQKgWa,Jon Lajoie,235892.0
1v5bOzXbhrQ57qSvRwGA6s,The Irrepressibles,234508.0
2NeFajzkAQ4UfviWdzf0pK,Marta Santos,232367.0
4omQQTNN7ILiMsSB2k9eqX,Scatman John,229648.0
6RQkaOWddQmiLLJqSgnTbm,Chaka Demus & Pliers,228697.0
52N3KGrTWDRhdQJrgBTofE,Good Neighbours,228371.0
3ngKsDXZAssmljeXCvEgOe,Eagle-Eye Cherry,228315.0
35XjIi7RK4ckjgBrE6CcQo,Akshath,227259.0
6yMqTedMPaztNCXt74pVMI,Matthew Ifield,227093.0
6cpOyiEibAAlRlUF4Kk3vI,YAKARY,226980.0
1rGpYQGiwKelukgqpI6xKx,Lucio Corsi,226186.0
6M0dlWzmJ9Z81JM2WpHbsC,Helena,226160.0
7bPU7cvfoD20ixGD9Qnqki,Stealers Wheel,225654.0
0K71lFgGGmekeFSUrWaRhg,Ceechynaa,225243.0
5sBoNBXFMzoZjgHLbQueeG,Antoon,225052.0
4apX9tIeHb85yPyy4F6FJG,Wild Cherry,224346.0
2tbvDi9eXf9XXp06LupkED,Alice Deejay,223673.0
3gN8Ihw22Vt9mnK97gbwMQ,RUBII,223344.0
4Gi918o3VYKKgw6WWWs36s,Bryansanon,222617.0
74slMAMk8L6oMf6OhNyZ8Q,Brenn!,222054.0
5YgOA27qcu8nSl1lp5ektj,Zach Templar,221046.0
5ujvZU2thXjZgFKPUt1rDt,Chayce Beckham,217265.0
4VCriUU9CsPnUvoAsxVk1p,310babii,216246.0
1ZFfhzyXjPvbzSYPlCIwo3,timelesz,215977.0
16WiaItNjYShr5vFzzg7nQ,Kairo Keyz,214065.0
0qwt0uuav6sDn54MRKrL1u,Fried By Fluoride,213894.0
49zZ2lRNpfwWfUnASUxCYW,Uncle Lucius,212625.0
509YLwDnYeTaVfX0Kl6Jdn,Dendi Nata,209314.0
5WqZHtRzOmKc1hWYfNoo8n,TOKYOPHILE,209018.0
7thnnayFyJnVOAJrpe5wMC,Mikel Erentxun,208553.0
2MdFJmUQf3ckA99IhFF9my,Ely Oaks,207021.0
2uBR4Yh27WB4rn7t3c4uCX,Erika Lundmoen,206572.0
2QmLFuIDtNDmmJY3OtvinN,Meredith Brooks,206515.0
7KBkgunlONG7LPxs93pgpp,Mr. President,206503.0
66FZq0wsY6770bc4O9Dlig,Vieze Asbak,205891.0
5dYGaoCO0iaUZKfl9K8Gtd,Harmless,204397.0
2snm3HmsnDUDxbIChdl2Oj,Justin Hurwitz,204386.0
15K8w0bfYieOr55vhSMgJN,Edith Whiskers,204188.0
19VDJ9IKyBSUMDJxLsasP6,Mr. Belt & Wezol,203810.0
0lwRI7lvmlRY5DiA5Xa6wQ,Lipps Inc.,202775.0
26C2AjqgMr5aDzj6Yp2ORz,Brent Cobb,202250.0
0oouuXi8tdasgUgk520Jy6,Will Paquin,201793.0
0HvttROjoLimYVYCrt5bC9,Grupo Presença,201641.0
22Zqu1yyebVnbve8FxbJ2g,Rednex,199988.0
0fgtHVpOPfXb07S8Jx443z,Player,199721.0
6JjQbtAO09K7qBEW2pdX5s,isq,199388.0
62D4KEvQMmmK88mTkkWx6Q,RD12,199261.0
31VaidRoI1NnHfyY8SxSL7,TRXVELER,197458.0
3PLCOySHJ9zwED5yZvDtPZ,CUTIE STREET,196807.0
1xMn0bhYRWHDV01mU8gP1J,LBI利比,196487.0
7osFcSwjlRPwxZdVALIOuC,Henrik,196226.0
163DQlpiiNqxgn2m4WsD3e,Kane Rodriguez,196082.0
311uEW9rt5g2NmzjGEKS2E,Mae Stephens,195399.0
7ofG5BaSiQp8WeL4YCYDhF,adore,194048.0
0wHeZY93Ede0g1jXaWsiFS,LPB Poody,193432.0
6HWumjoLO58NYInUHk9565,El Vega,193194.0
0j49VqyyFRbclqg8Jv3Sdq,Saint Avangeline,193043.0
3sXwEUqxSzb11VpuFa5cvJ,Stacey Ryan,191218.0
1iP8yKbscxGv4Yzysz7XLr,Bayker Blankenship,190410.0
0TcYeHEK9sBtv7xPbKhzHz,Chumbawamba,190371.0
46lnlnlU0dXTDpoAUmH6Qx,Lou Bega,188047.0
5FZN8ElUU5zENi2IK7gMnu,GELO,188006.0
5PvHPCv7xxX9KclR4sJfoF,Kunmie,187423.0
7Gh928bdEU69S9D6ur5wJz,ARIA BELA,187243.0
1VKH3J7gGkVyOX0sEqsFSR,Austin Williams,185652.0
0Zw2ivPEDptvMHwCXjhdRs,g3ox_em,184906.0
6FPxOArEPVZUDv925qq8IQ,CLARA,183486.0
0jRqFvRKCDryHOgrgFqsKG,Fools Garden,182890.0
7HBai5xymOxIWoMWvWshe1,Teriyaki Boyz,182807.0
0Jeckitay8SbvKwqAzWuYH,Big Mountain,182601.0
00dwwnz3V4kRfu3UFYpJLz,Cherub,182429.0
3OykSjAE6F2Mb51WplFoRk,WILLIS,181930.0
0bFPzYoInpRUHOgTCt1o3P,Stepz,180609.0
4iIRGaMoqtdigrpCvLMKGb,Shy Smith,180254.0
2TcGJdSOiOvITBzhvfX8XB,Shouse,179647.0
3ctnkEZGtVBTxS7IMin8nC,Instupendo,177550.0
5M5PjPSiKeXynM6Ohu350r,O-Zone,177201.0
0FL2d6iFFNAV3yBUbXjZ1U,Wafia,176624.0
5lVNSw2GPci8kebrAQpZqU,Eli Brown,175417.0
0bFEOKy3T1knA0g7ZaPnHe,Connor Kauffman,175386.0
04HHljh1nKyEVPeIzM0Oid,saraunh0ly,174890.0
5xRllYZrqUU5by4KMyz9cY,Healy After Dark,173317.0
0h3YCmvRJ2jqt4jFiR6nGL,MIIA,172549.0
3gfeKrOBLlmoaUXfGJzmS5,Austin Farwell,172459.0
6Se1y4vDcu9fVHLqdj1N3q,Wuki,172371.0
4LT250S0fAe4cYqPbRk56m,Cean Jr.,170586.0
7H3z77VbkJcCcFilmKqKNM,Pale Jay,170433.0
40nPYop0FOD9Syyu5y4dAU,PRESIDENT,170130.0
1IxP1g9VrPzJqXFCsuyHKe,Måns Zelmerlöw,169279.0
1EReYiseDwE51FzGm7EK9n,HxW,168082.0
7FrCrchJaoLmKcn3jcGWoX,SAWTOWNE,167581.0
0Dd84sfPxs6Aj0PjlCM1P7,Cleffy,167369.0
2bucjueNUx2aVTUA7zj6w7,APON,167322.0
5OE8eZn0x45cNNc8GCpvmC,daniel.mp3,167227.0
5x0R3zoC09GMiRJomoexLV,nimino,164373.0
03y4yOxhLk6MDJ1bV424uO,Lavern,163706.0
0uoN6ea8SXzhV7WxyrvT1h,INOHA,163438.0
6V3F8MZrOKdT9fU686ybE9,Mark Morrison,162474.0
2HB65P72dFRiOKvbLLcil2,Meryl Streep,162470.0
1sgVcCMCarG7yWGmkP9wMb,John Vincent III,161798.0
7cdIY4mDfM1dbjgl7s2fGR,Sal Da Vinci,161270.0
057gc1fxmJ2vkctjQJ7Tal,The Buggles,159648.0
3J8o4uEwZq2fYACRxm4rgf,Grupo Los Chavalos,159028.0
6QJ5CE7ujPr7oZCURhFZVS,Vincent Mason,158478.0
5Y1nFir8L9kJP7n1yZSeYb,Nicolas Julian,158224.0
2gW0M5fn2r7Lo4Hn1r8HZ5,Creeds,155421.0
4Fgj7fAOMYS3rMV4cUN2On,The Daughters Of Eve,154424.0
0TqIPD4IS1w4e30R38B3vj,Rupert Holmes,152319.0
2vKxv2oKVSEJZ1VmuLUOvY,Irokz,151186.0
66q6iqbR9rh3jJNlGEnQvB,Fresto Music,150536.0
2TzHIUhVpeeDxyJPpQfnV3,Katrina & The Waves,150151.0
7zAAwgV5Wqmvpb4GzvlRkP,Jazzy,149531.0
2Q1Qzlhorq7idKOcZwsGeg,Tobii,148217.0
4GITZM5LCR2KcdlgEOrNLD,The Foundations,147184.0
3jOO5nZ2XPmc232rNjzqJy,When In Rome,147011.0
6czfQ8MjHVmvJKA4LAnviG,Baltimora,146931.0
4oCk0xbmAtqXZFzXtH3AgF,Redferrin,146443.0
771qBvjnXOH9Azr6lKy6FB,Michael Sembello,146057.0
205nyHBi0lspcUT37YqWom,Claude,144066.0
31ijgiurmIPTNojkYQXdnl,Vierre Cloud,143882.0
6IYnSXO40Bh7Zdqhf6rQoj,Alannah Myles,143838.0
0D00AEI0IWmoBtdIH75zXs,Dolly Style,142906.0
5chF6eWietLUxodwje2c4M,K3NT4!,142785.0
27sdgIaFiz55vkR68fBiy8,Alek Olsen,142465.0
5JHw4x1RYIlwNfCq6FNXxf,Braxton Keith,140961.0
6BWtcMF39LT5Db5FT54YYG,NCTS,137529.0
6GnCucI2uDaYj1j39GFxkn,F.R. David,137109.0
4qDQBPUMcJUH7BQ9dfJnfI,Grupo Ensamble,136894.0
0a9vSkyCTnB36E2iZbRVtl,Juan Freer,136714.0
4blbIMKwfzTxHGvN0Est1t,KAJ,136484.0
1sjeOeIPG7quxVgmNspYyT,Julie Doiron,136435.0
5RCWMaArEntbkeWYVxCiFW,Everybody Loves an Outlaw,136398.0
0DwdA5ZgTJcIQ2uIhc110D,Keung To,136138.0
32cxkkzCHntC7KY72NOyHD,Clover!,135545.0
6hy5Ie6WVvz6TL3RQkU7zl,Maman Fvndy,135070.0
4FAahCBNlbpgoAhVfuUHPD,Dezko,134946.0
14xRX3JR8H4RWh8R7V3fvZ,Miguel Angeles,132709.0
1aQhhnH3sUteqgE1EbmPec,Gülden,132374.0
5jJN1nmKXzRjodMl1THQeI,Looking Glass,131777.0
6SWmwFBXIsxhIx5XPkYo0a,Josh Brar,129945.0
2OEGI2wrCVmvavKEOMlccy,Phillipa Soo,129733.0
1M4OBXDWyLtubqa3SBLxwC,Levi,129403.0
2WvLeseDGPX1slhmxI59G3,Robin S,129023.0
7txQhi8E9pfQkEOwdegyRW,Maman Fvndy,128814.0
3S34Unhn5yRcaH5K9aU5Et,Candi Staton,128042.0
6xeFne1rkxMhKSW3ipvkdV,Toploader,127587.0
2mbvqMGpwLsakeH45p1Jrb,Mungo Jerry,127152.0
21dVknSLCsK37cWozWDZZS,Matt Sassari,126661.0
3WHWgx8Dh0IqQT1BMDTeE3,Graham Barham,125882.0
5KfgJTNwvEbzMtJREyq9Jt,LECADE,125641.0
3IJ770I1QPmwVp7yug0eJ4,Lustra,125268.0
5Bb18koIu6bYuvZWzYKkLJ,Linea Personal,125024.0
55WpZ8ig2SFNvQpDHPUrgY,Mela Bedel,124418.0
4dtvhNNnGCEi7bGpi3DsQd,Mansur Ark,122503.0
3uA4unR7LBOcqjpbOeCs0Y,-Prey,122364.0
7f8LNBVXN0h35veHrpxQFL,Norman Greenbaum,120786.0
6rTxLeff3t3rivZ3rabRpw,Robledo Timido,120545.0
700c9Qz2z6HZKTumeliKAw,LONOWN,119466.0
4TofTRvEUQsznrSPnYnHx9,Afra,117925.0
4GGc0ZcZkaWFiQRhfUJZ8F,Caos,116272.0
2xX3xodC7zA5u2xygCWzuP,Alexsander Lucio,115956.0
0BNz24TKUn8Ov1ApFkLzA1,Emile Mosseri,115127.0
4Lfqvnzd6MN7hmHJt6LfcY,Aloboi,115021.0
15h1AB4jpLCdXLZNT7glWj,Linh,114744.0
6xRbdqe7I2llmjw533rYnG,Amélie Farren,114102.0
1EZIni3W4CmC2bTy75Q053,benno!,113844.0
4dwDVC6lrMINxVBxETE1AB,Aaron Frazer,112790.0
2EfG2EoT8GFJrMiilbTVl2,Donna Lewis,111404.0
2fswC3Le1wbUHa9AYEhRyi,yungatita,110870.0
1yjAx9cww4f1QuAaN3dUI2,Desireless,109628.0
6Q0gMZJNIebNFFaJeonc11,Holy Fuck,109221.0
6PxIBIC6X6ABCIXnAgGUdc,dreamsoda,108706.0
6mLXvSt7Xxy2r9uBba1O6Z,Dawn Penn,108092.0
1Y5AYn8VTrTR3f8HXQQQug,Mckyyy,107844.0
7FGAlyRveFmDqEaAwqEzIT,Them & I,107711.0
0b9SpFqsoxkyoTbZqLlzSs,MOONLGHT,107487.0
1NUD5By34MFynmuUynCfSj,The Real Thing,107412.0
03SBMfoHX3EUENFwFoLN5i,Soppgirobygget,107163.0
31klRMTQJ94NrxwIZJwJBY,Yehezkel Raz,107127.0
2NrprO4CludRmaWtpqud10,Rivo,106853.0
4rGrN4XDYhP6dUAZMvcuHr,Caesars,105739.0
3rivgJzm48Cc5SIqls7Mbv,Saga Faye,104736.0
3yg8VEfEzpr8T9NkiEsycS,Jitwam,102280.0
3dsL845RhsJDZPc7BdGsN5,Sarah Toscano,102260.0
4NhRml5ZOfNaYJAHUE0XwT,Nu Aspect,101902.0
0HxX6imltnNXJyQhu4nsiO,LF SYSTEM,101521.0
3CL4nOf23RqGQJjcAOzork,noevdv,100898.0
5KiKWAR8D8UjkuD21Depbe,Vanna Rainelle,100711.0
4Z8MrrKMBHMPa8d04Ivur8,Bella Kay,99145.0
0Zkkh7YLEO75PmH7vwgO7X,XXKATUSJINSUX,98428.0
3wOQaMNQU0rbzWyGXIudmE,Wabie,97263.0
7wGBPJk6sHwRCozFfhU09F,Yves Berendse,96458.0
6jxGLrn1I14RIeRYodOpLN,Łaszewo,95964.0
3NguMMTDTItRbe2E2PZrJ2,Katya Lel,95637.0
7108jelN43seqWILMvJwKi,Serena Brancale,93085.0
4RsEAdLhbUy7j3zHWauPwF,BLESSED MANE,90302.0
6GoNVmYCl0yUm4pEp80vn6,badchieff,88077.0
7eGuHhstHEA8ipdVjsimYR,Oimara,87935.0
5pf1217gT8zcjOFc7oMi47,Opus,86952.0
1LsXqDdYVyONhrjAORENbu,Kaoma,85824.0
1CcEgi464SWZsKY5579u7z,Patrick Hernandez,84946.0
58xrjO7pWlfj2C2uksXScP,Abor & Tynna,82417.0
6S1GI59Xa6ClqYBqASQxjq,KREZUS,82382.0
0nAVvgfE9yI4DwvMiYwk8a,Johnny Nash,81451.0
2zoy9aYWHueNXCIqh2MStc,Gravagerz,81392.0
6OwbqUSj4XbZdjexPsKkdH,PXLWYSE,81271.0
5FHwr1FymaS5kutIEK6e2y,King Harvest,81099.0
2yvguoW65iZdUhca8yIfIo,Jamie Duffy,80954.0
3hEgzEeaZ0hb3UXx1U1JRR,Demrick,80549.0
5N5RfI8FFXk4WQ8kkjE407,Deep Blue Something,79970.0
5Vd9shhZpzTYaaZ6KQNnjU,GLXXMSTRIDER,79853.0
3EXC0gkpntFvtLS1R0yf11,The American Dawn,79277.0
7HaSqpaqnOWSaqvezpdhX4,TileKid,78341.0
3ApC3GZFn1VELA00hwZGmL,Eibell,78102.0
6F3vLfyutkUhpM50G84eMt,Endor,75993.0
15S89CUJtshT2P7WIa2M5l,Winter Aid,75739.0
1MPcILKoMCJym9KscdYxuM,White Town,74147.0
08yjRkGm8KNsShKjtbEmt6,Hajaj,73909.0
42v0kfdXXwjA3cLRr4DTyY,East Duo,71662.0
1NRzxuPpdGushT8YmF5NAa,Edison Lighthouse,70572.0
7qXQhtVwPF2ze2dLKpb5LT,Civ,70439.0
5Pqx4mXYDGIDcg8E5FYjZ8,Carl Douglas,69899.0
5OWksQm7ONWIGZqMXovSli,Calmly,69697.0
5IIDooHzGQ1riNb6PWHexf,MATÉO,69460.0
3bmFPbLMiLxtR9tFrTcKcP,Matthew Wilder,69298.0
5sHlUJiG0VTOGG6g9u3TFF,Txmy,67153.0
4F85cxjAmlT0r7DZKu3ABX,Ceren Sagu,66805.0
4iKc9dfbcUzxOL6S31zjXF,Spectrum,65740.0
6fnPHFhTbkcDHj9CjpGzlG,Mighfar Suganda,65194.0
153gpNcKRhv5Cn30q375Mr,Warriyo,65114.0
1nQp0Yk9yxk2PJsXOtMR14,Hunter Metts,64342.0
26UV9EKIInWeV0jJysGZum,Nursery Rhymes ABC,63716.0
3KEb1kbIZN5jumsjFEWgSW,Tal Bachman,63352.0
0W8oOa4Oc65CDjiVjdZihf,John + Jane Q. Public,62161.0
2TJHmhbmT7L3gw2NKyDTHh,Manu Pilas,60433.0
3Ubb7uWOUwy2ahz3qu21C7,Grupo Origen,60095.0
6wWEEpCzvBH6Z5EVZ86wJl,Ichiss,58796.0
1DMI6oQrrt8rVMVN83jXA7,張哲瀚,58632.0
0wgLwvDNCHdJ9FblyyD4Dc,Liquido,58249.0
0zmnfFQX8LWVVZyRPHRx1V,Sam Austins,56292.0
4v6Vm2UFM3PS4iHY9TZfcb,leadwave,56266.0
5yqxD8W7WnMJQZeoBU0Q66,Dj Bountyhunter,55208.0
52xiNtpaYcZ5jRQ2fqmPI6,Klara Hammarström,54309.0
4lqgnM7106Fmg20NEu4OAH,BlackMayo,53796.0
3NYjsnTwQg5ukSulmf8JY2,SETTEMBRE,52552.0
4XECs6DHU3xRrr0uydWY2R,Nosi,51890.0
6BYc2AlVqCvVqTpTvz792O,Guti,50919.0
6dhhE0bRngFuvKe3vnzdKn,Yapi,48932.0
5AviPhK4XqgGjtTa0m9aQc,NAOMI,48612.0
2wMcQIxzH2LYHJZNxo9FcN,John Paul Young,48295.0
5mJH0BUCHkK1xHYde4pAgv,Sonora Siguaray,44390.0
2LAqcqAQ8KPTsl1HBgBrqM,Michelle Williams,43559.0
1ZaYY3Ad5D5KYahXT594BX,Wijaya 80,43494.0
7oeuJSyVZTCkm3BurLz8cG,Silver,43194.0
3HFWqhd60hrJB8fpyjrTLu,Lloyd Vaan,42817.0
5AUPJRWkYNsxRWihENePtH,Lullaby Time,42588.0
4W12lEvVl5wectUtRNrvDh,White Noise Baby Sleep,40405.0
6nFwmnSA3mMtoePROXi5LT,Alvedon,37614.0
2gmup32OWc65WVKSoP4rD8,Søte & Rare,35246.0
1k0BkkbwTGZGBqrNWwuucL,LOSTBOYJAY,34020.0
7eBiPPZezCgV5rrO5x47qf,LUNA,33599.0
4XdPbkEAdTU7KDmfOCIakS,Edy Boman,33139.0
2Wy9S6wJDza4ehtIj4rGew,VUKEINE,33127.0
5zvKbKHQcyZFvTYADnEkTQ,RAFFA GUIDO,32699.0
6xaiGRpXAB9JdoSy3gzw4H,IN PARALLEL,31006.0
7x91sJkli6lEJbMEdHnYf8,Ансамбль Весёлые ребята,30994.0
0P5X0nx1hQO7LSdmekF6xA,DJ MH,29318.0
15AcC9c53zJObzwpvgY5yO,very cool tutorials,28434.0
7HOmuShc6sajk74rYV7zR2,The Adventures Of Stevie V,26692.0
3smrOozTm8zGvRfrcIyRg9,Samuel Welten,22622.0
1dTEPvUhxpFzL7UMKHWFfZ,Tom Santa,22038.0
1E3ho9kLdNdFz1L1JISV82,Tim Sanders,18854.0
3GLXuBAGaatiaRS3NmGpXO,Sleepy John,16365.0
4ui3aaOc80IntYGOHqpVQT,Blair Muir,14150.0
1URHcpHxwtcoQFi8UtC51c,Meira Omar,11665.0
1JTE9COcdTunfsS8csD8VK,MeditarSons,10875.0
2ABREU7iSvhEV9Ktoj30ne,I'll Take You There Choir,9576.0
1ZxwLxdytOprkobPFkSPj4,Sedat Sayan,8642.0
0AuDQR88HtZsQXLnbq007R,Relaxed Minds,6021.0
1jfnMuDBl5OaAoU0VwLD8m,Granular,4725.0
5qq6C4dNld3AWHbh2WaNAR,Milli Hughes,4510.0
5bdLiUDd0rIMAkT1y6zLaE,Adelmar Borrego,4145.0
7htQnykNfk2Bu39bSw7owz,ame,3999.0
15nL9hF1vK3mHTqpV9Z2jP,Focus Noise,3474.0
35kdbaWQLDJudwBytHuiyW,Zephyrical,3429.0
7kgwMm8d2igABad4wfEKti,Nature Of Sweden,3402.0
5TGuPLjK2IVw8eDuJ9oZ1K,different spaces,2943.0
7saDvxqzCAwySXjDdlZNqw,Best Noise,2422.0
7HHsz4iMR3pWHCusoe8Yyb,Mino Lawrence,2382.0
3DBFIdwHuMkd0WMcOLaoQM,Weißes Rauschen HD,2341.0
7GPrD3dPYED5wENCMHirj7,Mijongya,2192.0
3Gx6UNiTUubJFQzUyUjKQW,24H Rain Sounds,2055.0
6ipASreqbHk6a7aR2xo9BW,The Noisy Outdoors,1880.0
5XmANDHn1nUVL3rVyohz9t,X.L.T,1809.0
5JSgVFubDnbqYDUWPzl4tj,Misa Bee,1661.0
03eX3RX46RbMeY7FA8xF99,NatuREM,1616.0
6zA19zdA3bkCzHnAfcwFag,Distantic,1542.0
75zbTyxmkNUkQuygPB6fUQ,Golden Drops,1502.0
2gpFIVZUCq1gf8RALTZaWj,Lucy Bennett,1381.0
7kcK3nZZHSgYrQLdexefpQ,Bits & Noise,1108.0
4fvzIW1n8V7G1t95O5Q2lB,Selective Sounds TTA,976.0
2kAU05Lt29wxhRj3BpiwhA,Natural Sample Makers,969.0
3HkwYBXLxmRKfWOkaknVQ7,Sleepy Mood,908.0
2KETNse3N25ZwsHhq2iQnt,Aileron,897.0
5IHSYO8kKxpkIphS2vmEuX,Jane Color,875.0
0fHeyixPnac66k5oBPclVW,Rainded,831.0
6rUkUd35nP2xoKO46sKPqs,Fabricants of Noise,807.0
6ucAqkMiK3gtdXjcBjwZNx,EMIKO,781.0
1J9iGTlSe1UKgzNbILBnL8,Universal Waves,764.0
0BMo2rAO5oSO9aSnjumKOD,Noise Eternity,751.0
4pxwvJBcr1c7RBwb1sZ2pH,Natura Ferox,729.0
4MAkMNGGrVdSVVhNKLZGeV,Ephermal Nights,728.0
5aw5WfeOV5ThlwFcfaK9JO,Deep Horizon Waves,725.0
2i0PdFbccjRzAc6ZZPwk5O,All Night Chill Makers,648.0
774tcsKJmwutlxTuJ3buO4,Moon Whisperer,627.0
1Iww3Y4gDbNvjkqnjUzIZu,Relaxcation,601.0
4jtz7FSoYdL5pUWD6jk6av,Molecualar Binary,599.0
7j68r0RRJ2pdn6lh6Xhxn9,Panoramia,574.0
3bw6drBJri5MxagDKwjRr7,Mentatranque,551.0
5mZP1quYaLv8h8ppurtqaX,Joudinoire,546.0
7IG0fEAR9mz2PBckWjAfS8,Ardeon,508.0
1k5dDiIY8luiAY2LoCItXm,Vau Dio,460.0
0np7yt4AmDMRNvEuYgOIXm,Somnolence,435.0
16fII77WGyUG8E5DTIW4EU,EXOA,417.0
3COnOYhmr8nINwgd54Z8wj,Hovar,378.0
4SFy2zTDkBKrQ8vzuINBVf,Armonía Astral,375.0
146XkoyeqRg7s8jbFzsXsU,Sleep Miracle,348.0
565mPwsJmMPYT6VTPWtmm9,Ambi Val,309.0
4VP55atE7tT1o1C8xSPStS,Loe Vida,302.0
1QGbGUg3knUksMO2zgHQxD,StyccO,293.0
3Pri5xdT69DwpaSg2JJW2b,Jim Efforts,272.0
3VU6EADz81WPaKVs9mP30w,Vizzionz,244.0
2rCj2TSCYy40ehzMZ0F5lS,Amos Stovall,201.0
5uhJr7gBXHomu0djGtzIgT,Cumulus Clouds,186.0
3dFUAutVe4CdBO7DMDtIN5,Rocket FX,180.0
3lfl9i50OmqAoxWPNcZOTn,spaceboy,179.0
