track_name,artist_names,popularity,rank
Die With A Smile,Lady Gaga|Bruno Mars,100,1
Clean Baby Sleep White Noise (Loopable),Dream Supplier|Baby Sleeps|Background White Noise,97,4
Not Like Us,Kendrick Lamar,96,6
APT.,ROSÉ|Bruno Mars,95,8
Sailor Song,Gigi Perez,95,10
Ordinary,Alex Warren,94,15
"Good Luck, Babe!",Chappell Roan,94,16
Abracadabra,Lady Gaga,93,17
"One Of The Girls (with JENNIE, Lily Rose Depp)",The Weeknd|JENNIE|Lily-Rose Depp,92,23
Te Quería Ver,Alemán|Neton Vega,92,24
Si Antes Te Hubiera Conocido,KAROL G,92,25
blue,yung kai,92,27
Anxiety,Doechii,92,29
ME JALO,Fuerza Regida|Grupo Frontera,91,31
Messy,Lola Young,91,43
ROSONES,Tito Double P,90,46
7 Dias,Gabito Ballesteros|Tito Double P,90,47
TATTOO,Tito Double P,90,48
mi refe,Beéle|Ovy On The Drums,90,49
The Days - NOTION Remix,Chrystal|NOTION,90,57
NADIE,Tito Double P,89,63
greedy,Tate McRae,89,65
Tu Boda,Oscar Maydon|Fuerza Regida,89,66
Por Esos Ojos,Fuerza Regida,89,70
Dark Thoughts,Lil Tecca,89,74
Loco,Neton Vega,89,88
Show Me Love,WizTheMc|bees & honey,89,92
The Giver,Chappell Roan,89,95
Presidente,Gabito Ballesteros|Natanael Cano|Luis R Conriquez|Neton Vega,88,96
La Plena - W Sound 05,W Sound|Beéle|Ovy On The Drums,88,98
Gata Only,FloyyMenor|Cris Mj,88,101
Imagínate,Danny Ocean|Kapo,88,102
I Love You So,The Walters,88,103
Feel It - From The Original Series “Invincible”,d4vd,88,104
Sweet Dreams (feat. Miguel),j-hope|Miguel,88,107
Closer,The Chainsmokers|Halsey,88,122
lovely (with Khalid),Billie Eilish|Khalid,88,123
Stargazing,Myles Smith,88,124
MILLION DOLLAR BABY,Tommy Richman,88,127
MONA LISA,j-hope,87,136
Sports car,Tate McRae,87,137
Pika Pika,Chuyin|Fuerza Regida|Jorsshh|Calle 24,87,138
I'm The Problem,Morgan Wallen,87,140
Beanie,Chezile,87,145
"What Was I Made For? [From The Motion Picture ""Barbie""]",Billie Eilish,87,148
Born Again (feat. Doja Cat & RAYE),LISA|Doja Cat|RAYE,87,171
A Bar Song (Tipsy),Shaboozey,87,173
Love Somebody,Morgan Wallen,87,175
I'm Good (Blue),David Guetta|Bebe Rexha,87,184
Shut up My Moms Calling,Hotel Ugly,86,191
Amapola,Natanael Cano|Nueva H,86,192
Romantic Homicide,d4vd,86,194
Parte & Choke,Jombriel|Alex Krack|Jøtta,86,195
VITAMINA,Jombriel|DFZM|Jøtta,86,196
En Privado,Xavi|Manuel Turizo,86,197
TV,Billie Eilish,86,201
Pink Skies,Zach Bryan,86,202
Dark Red,Steve Lacy,86,208
Stumblin' In,CYRIL,86,210
I Adore You (feat. Daecolm),HUGEL|Topic|Arash|Daecolm,86,211
Young And Beautiful,Lana Del Rey,86,229
back to friends,sombr,86,235
ExtraL (feat. Doechii),JENNIE|Doechii,86,246
Move,Adam Port|Stryv|Keinemusik|Orso|Malachiii,86,248
Sorry I'm Here For Someone Else,Benson Boone,86,252
Water,Tyla,86,253
Here With Me,d4vd,86,254
Garam & Madu (Sakit Dadaku),Tenxi|Jemsii|Naykilla,85,263
Friends,Chase Atlantic,85,265
ROSONES,Jorsshh|Fuerza Regida,85,266
Bandida,Luis R Conriquez|Peso Pluma,85,269
Oh Garota Eu Quero Você Só Pra Mim,Oruam|Zé Felipe|MC Tuto|Mc Rodrigo do CN|Dj Lc da Roça|MC K9|mc pl alves,85,273
Resenha do Arrocha,J. Eskine|Alef Donk,85,274
Mãe Solteira,DG e Batidão Stronda|Mc Davi|J. Eskine|MC G15,85,275
Dreams & Calmness,X.L.T,85,277
Deep Phase Noise 1,Milli Hughes,85,278
earthquake,JISOO,85,279
PONTE LOKITA,Katteyes|Kidd Voodoo,85,280
DEPORTIVO,Blessd|Anuel AA|Ovy On The Drums,85,281
UWAIE,Kapo,85,283
Say Yes To Heaven,Lana Del Rey,85,286
Something in the Orange,Zach Bryan,85,292
Ain't No Love In Oklahoma (From Twisters: The Album),Luke Combs,85,293
I Smoked Away My Brain (I'm God x Demons Mashup) (feat. Imogen Heap & Clams Casino),A$AP Rocky|Imogen Heap|Clams Casino,85,299
HIGHEST IN THE ROOM,Travis Scott,85,301
ocean eyes,Billie Eilish,85,330
Skyfall,Adele,85,341
The Sound of Silence - CYRIL Remix,Disturbed|CYRIL,85,346
Kisses (feat. bbyclose),BL3SS|CamrinWatsin|bbyclose,85,347
"I miss you, I’m sorry",Gracie Abrams,85,354
Call Me When You Break Up (with Gracie Abrams),Selena Gomez|benny blanco|Gracie Abrams,85,355
a thousand years,Christina Perri,85,364
you broke me first,Tate McRae,85,366
Diet Pepsi,Addison Rae,85,368
Emergence,Sleep Token,85,371
HOT,LE SSERAFIM,85,375
Todo a Su Tiempo,Neton Vega,84,378
Popular (with Playboi Carti & Madonna) - From The Idol Vol. 1 (Music from the HBO Original Series),The Weeknd|Playboi Carti|Madonna,84,379
Sundress,A$AP Rocky,84,381
"Raanjhan (From ""Do Patti"")",Sachet-Parampara|Parampara Tandon|Kausar Munir,84,386
El Mayor de los Ranas,Victor Valverde|JR Torres,84,387
Tubarões - Ao Vivo,Diego & Victor Hugo,84,388
Fui Mlk,Nilo|Mc Paiva ZS|DJ Di Marques|FamousKyo,84,389
tau mich auf,Zartmann,84,390
Wackelkontakt,Oimara,84,391
raining for hours,ame,84,395
Madonna,Natanael Cano|Oscar Maydon,84,397
X (feat. Maluma & Ozuna) - Remix,Nicky Jam|J Balvin|Maluma|Ozuna,84,398
Amigos? No.,Oscar Maydon|Neton Vega,84,399
Si No Quieres No,Luis R Conriquez|Neton Vega,84,400
+57,KAROL G|Feid|DFZM|Ovy On The Drums|J Balvin|Maluma|Ryan Castro|Blessd,84,401
Marilag,Dionela,84,404
Love Hangover (feat. Dominic Fike),JENNIE|Dominic Fike,84,405
everything i wanted,Billie Eilish,84,406
Freaks,Surf Curse,84,415
snowfall,Øneheart|reidenshi,84,416
Je te laisserai des mots,Patrick Watson,84,417
flashes,RØZ|Yng Lvcas,84,436
Prada,cassö|RAYE|D-Block Europe,84,438
I Don't Wanna Wait,David Guetta|OneRepublic,84,439
4X4,Travis Scott,84,440
TWENTIES,GIVĒON,84,441
Happier,Marshmello|Bastille,84,466
i like the way you kiss me,Artemas,84,495
Black Friday (pretty like the sun),Lost Frequencies|Tom Odell,84,496
we fell in love in october,girl in red,84,498
Dirty Cash (Money Talks),PAWSA|The Adventures Of Stevie V,84,500
Soltera,Shakira,84,504
Bunga Maaf,The Lantis,83,528
Alibi (with Pabllo Vittar & Yseult),Sevdaliza|Pabllo Vittar|Yseult,83,530
Descer,Kew|Dj LK da Escócia,83,541
Winter Ahead (with PARK HYO SHIN),V|Park Hyo Shin,83,545
Magnetic,ILLIT,83,546
Igloo,KISS OF LIFE,83,547
gervonta,Peso Pluma,83,554
COQUETA,Fuerza Regida|Grupo Frontera,83,555
Volver,Piso 21|Marc Anthony|Beéle,83,556
RARI,Peso Pluma,83,558
Después De La 1,Cris Mj|FloyyMenor|LOUKI,83,560
SI NO ES CONTIGO,Cris Mj,83,561
sobelove,Beéle,83,562
Frente al Mar,Beéle,83,563
Smile,Morgan Wallen,83,567
It Will Rain,Bruno Mars,83,569
Novacane,Frank Ocean,83,571
Heading South,Zach Bryan,83,580
Born With a Broken Heart,Damiano David,83,584
Good Looking,Suki Waterhouse,83,593
Scared To Start,Michael Marcagi,83,597
Funk de Beleza - Slowed,Nateki|Scythermane,83,600
FUNK DO BOUNCE (Slowed),Ariis,83,601
Miles On It,Marshmello|Kane Brown,83,613
Thank You (Not So Bad),Dimitri Vegas & Like Mike|Tiësto|Dido|W&W|Dimitri Vegas|Like Mike,83,617
Fat Juicy & Wet,Sexyy Red|Bruno Mars,83,619
LV Bag (feat. j-hope of BTS & Pharrell Williams),Don Toliver|Speedy|j-hope|Pharrell Williams,83,620
I Ain't Worried,OneRepublic,83,624
Dance The Night - From Barbie The Album,Dua Lipa,83,625
two,bbno$,83,658
Glue Song,beabadoobee,83,659
Heathens,Twenty One Pilots,83,660
Dreamin,PARTYNEXTDOOR,83,677
Big Dawgs,Hanumankind|Kalmi,83,682
Tweaker,GELO,83,684
We Hug Now,Sydney Rose,83,686
Ms. Whitman,Bhad Bhabie,83,687
"It Must Have Been Love - From the Film ""Pretty Woman""",Roxette,83,691
welcome and goodbye,"Dream, Ivory",82,711
Sa Bawat Sandali,Amiel Sol,82,712
Jo Tum Mere Ho,Anuv Jain,82,713
LOS CUADROS,Peso Pluma|Tito Double P,82,715
"Ride Or Die, Pt. 2 (with Villano Antillano & Tokischa)",Sevdaliza|Villano Antillano|Tokischa,82,716
Swimming Pools (Drank),Kendrick Lamar,82,723
Star Shopping,Lil Peep,82,724
NIGHTS LIKE THESE,Benson Boone,82,725
Mantra,JENNIE,82,727
Tak Ada Ujungnya,Rony Parulian,82,729
Mejores Jordans,Victor Mendivil|Oscar Maydon,82,733
September,"Earth, Wind & Fire",82,735
Balorda nostalgia,Olly|Juli,82,736
Vidrado Em Você,Dj Guuga|Mc Livinho,82,738
Too Much,Dove Cameron,82,739
Me Ama Ou Me Larga - Ao Vivo,Simone Mendes,82,740
Barbie,MC Tuto|DJ Glenner,82,741
Penélope Charmosa 2,Boladin 211|Dejinha|MC Rick,82,742
MOTINHA 2.0 (Mete Marcha),DENNIS|Luísa Sonza,82,743
Nossas Fotos,Felipe Amorim|Zé Felipe,82,744
Tibok,Earl Agustin,82,745
Tattoo,Loreen,82,751
Every Night White Noise,The Noisy Outdoors,82,752
Loud Noise Sound,Misa Bee,82,753
seasons,wave to earth,82,754
"Cuatro Babys (feat. Trap Capos, Noriel, Bryant Myers & Juhn)",Maluma|Trap Capos|Noriel|Bryant Myers|Juhn,82,757
Yo Vengo De La Nada,Juan Freer|miguel cornejo,82,758
Parte & Choke (with Ryan Castro) - Remix,Jombriel|Ryan Castro|Alex Krack,82,759
TÚ NAME,Fuerza Regida,82,763
Tiroteo - Remix,Marc Seguí|Rauw Alejandro|Pol Granch,82,767
"Quevedo: Bzrp Music Sessions, Vol. 52",Bizarrap|Quevedo,82,768
bunda 🍑,Emilia|Luísa Sonza,82,771
SI NO ES CONTIGO - REMIX,Cris Mj|Kali Uchis|JHAYCO,82,774
Mírame,Blessd|Ovy On The Drums,82,775
Cosas Pendientes,Maluma,82,776
Ráfagas al Viento,Victor Mendivil,82,777
Yo sé,Yan Block|TORRRES,82,778
111,Yan Block,82,780
Columbia,Quevedo,82,781
SE ME OLVIDA,Maisak|Feid,82,784
Ese Vato No Te Queda,Carin Leon|Gabito Ballesteros,82,785
A Mí,Rels B,82,787
Ohnana,Kapo,82,788
Jhol,Maanu|Annural Khalid,82,792
Mi Vida Mi Muerte,Neton Vega,82,795
Anchor,Novo Amor,82,799
drunk text,Henry Moodie,82,800
Lies Lies Lies,Morgan Wallen,82,809
Jealous,Eyedress,82,818
rises the moon,Liana Flores,82,819
Say My Name - Remix,Morgan Seatree|Florence + The Machine,82,823
Beautiful People,David Guetta|Sia,82,824
Sprinter,Dave|Central Cee,82,832
Still Into You,CYRIL|maryjo,82,838
Somedays,Sonny Fodera|Jazzy|D.O.D,82,839
euphoria,Kendrick Lamar,82,842
Lovin On Me,Jack Harlow,82,843
Cold Heart - PNAU Remix,Elton John|Dua Lipa|PNAU,82,848
NUNCA MUDA?,Scythermane|NXGHT!|MC Fabinho da Osk,82,917
Stephanie,Nafeesisboujee,82,919
Waves - Robin Schulz Radio Edit,Mr. Probz|Robin Schulz,82,921
See You Again (feat. Charlie Puth),Wiz Khalifa|Charlie Puth,82,926
Don't Let Me Down,The Chainsmokers|Daya,82,929
Touch,KATSEYE,82,940
Lady Killers II,G-Eazy,82,945
Disco,Surf Curse,82,946
Embrace It,Ndotz,82,947
Good News,Shaboozey,82,952
Forever Young,David Guetta|Alphaville|Ava Max,82,953
Disease,Lady Gaga,82,965
Solcito,Miguel Bueno|Juan Duque,81,990
Bunga Abadi,Rio Clappy,81,992
Satu Bulan,Bernadya,81,993
Duka,Last Child,81,994
Afsos,Anuv Jain|AP Dhillon,81,996
Just In Case,Morgan Wallen,81,997
Isa lang,Arthur Nery,81,1000
"Or Nah (feat. The Weeknd, Wiz Khalifa & DJ Mustard) - Remix",Ty Dolla $ign|The Weeknd|Wiz Khalifa|Mustard,81,1003
Giza,Natanael Cano|Oscar Maydon,81,1004
BEST INTEREST,"Tyler, The Creator",81,1007
No One Noticed (Extended Spanish),The Marías,81,1008
Me and the Devil,Soap&Skin,81,1015
Sahiba,Jasleen Royal|Stebin Ben|Vijay Deverakonda|Radhikka Madan|Priya Saraiya|Aditya Sharma,81,1018
Coração Partido (Corazón Partío) - Ao Vivo,Grupo Menos É Mais,81,1023
Running Wild,Jin,81,1026
Vagabundo,Sebastian Yatra|Manuel Turizo|Beéle,81,1027
BATTITO,Fedez,81,1028
Incoscienti Giovani,Achille Lauro,81,1029
LA CURA PER ME,Giorgia,81,1030
check,bbno$,81,1032
MTG NA IMAGINAÇÃO - TOPO SESSIONS VOL. 1,DJ TOPO|Mc Livinho,81,1033
FANTASMA (versão GORDÃO DO PC),GORDÃO DO PC|Mc Menor DN|Mc Leozin|Ana Laura Lopes,81,1035
Observando Essa Salada,MC Cebezinho|Dj Yuri Pedrada|Love Funk,81,1036
Do Job,MC Tuto|Grelo,81,1037
Rara Vez,Milo j|Taiu,81,1038
Amor de Vago,La T y La M|Malandro,81,1040
You'll Be in My Heart - Spotify Singles,NIKI,81,1041
Calm Down (with Selena Gomez),Rema|Selena Gomez,81,1042
Rewrite The Stars (with James Arthur & Anne-Marie),James Arthur|Anne-Marie,81,1043
Silence,Marshmello|Khalid,81,1046
Burning Down (with Joe Jonas),Alex Warren|Joe Jonas,81,1047
Nothing's New,Rio Romeo,81,1052
オトノケ - Otonoke,Creepy Nuts,81,1053
Sola (Remix),Anuel AA|Daddy Yankee|Zion & Lennox|Farruko|Wisin,81,1056
Amanece,Anuel AA|Haze,81,1057
Angelito,Bad Gyal|Trueno,81,1058
Si No Estás,iñigo quintero,81,1060
O Me Voy O Te Vas,Natanael Cano,81,1061
Kyoto,Omar Courtz|De La Rose|Haze,81,1069
Bing Bong,Yailin la Mas Viral|Puyalo Pantera,81,1070
SORRY 4 THAT MUCH,Feid,81,1072
Orion,Boza|ELENA ROSE,81,1077
Without You (feat. Sandro Cavazza),Avicii|Sandro Cavazza,81,1080
sining (feat. Jay R),Dionela|Jay R,81,1086
Somethin’ ‘Bout A Woman (feat. Teddy Swims),Thomas Rhett|Teddy Swims,81,1089
Nine Ball,Zach Bryan,81,1091
death bed (coffee for your head),Powfu|beabadoobee,81,1094
Pretty Slowly,Benson Boone,81,1106
Nice To Meet You,Myles Smith,81,1107
Dancing In The Flames,The Weeknd,81,1110
Mrs Magic,Strawberry Guy,81,1111
Home,Good Neighbours,81,1115
A New Kind Of Love - Demo,Frou Frou|Imogen Heap|Guy Sigsworth,81,1121
Show Me How,Men I Trust,81,1123
PASSO BEM SOLTO - Slowed,ATLXS,81,1125
Addicted,Zerb|The Chainsmokers|Ink,81,1127
You & Me - Rivo Remix,Disclosure|Eliza Doolittle|Rivo,81,1128
I Only Smoke When I Drink,nimino,81,1129
Again (feat. XXXTENTACION),Noah Cyrus|XXXTENTACION,81,1130
Lose Yourself,Eminem,81,1131
GLORY,Ogryzek,81,1141
Give It To Me - Full Vocal Mix,Matt Sassari,81,1142
Baby Don't Hurt Me,David Guetta|Anne-Marie|Coi Leray,81,1143
Vois sur ton chemin - Techno Mix,BENNETT,81,1144
Overdrive (feat. Norma Jean Martine),Ofenbach|Norma Jean Martine,81,1145
Forever,Chris Brown,81,1174
Don't You Worry Child - Radio Edit,Swedish House Mafia|John Martin,81,1178
Bored,Billie Eilish,81,1180
Levels - Radio Edit,Avicii,81,1196
Love Me Not,Ravyn Lenae,81,1207
Medusa,Cameron Whitcomb,81,1215
Bara Bada Bastu,KAJ,81,1228
SNAP,Rosa Linn,81,1245
Universidad,TINI|Beéle,80,1254
Loco,Beéle,80,1256
Love Potions,BJ Lips|princess paparazzi,80,1258
Slow Down,Chase Atlantic,80,1259
Santa,Rvssian|Rauw Alejandro|Ayra Starr,80,1261
Young,Vacations,80,1263
Treehouse,Alex G|Emily Yacina,80,1264
Let Me Know (I Wonder Why Freestyle),Juice WRLD,80,1267
Aku Yang Jatuh Cinta,Dudy Oris,80,1270
Tresno Tekan Mati New Version - Remastered 2023,NDX A.K.A.,80,1271
Nina,.Feast,80,1273
Con otra,Cazzu,80,1275
Just Us (feat. Doja Cat),Jack Harlow|Doja Cat,80,1276
i'm yours,Isabel LaRosa,80,1282
did i tell u that i miss u,adore,80,1285
Looking Out for You,Joy Again,80,1286
LABOUR - the cacophony,Paris Paloma,80,1288
Runtuh,Feby Putri|Fiersa Besari,80,1296
Tak Segampang Itu,Anggi Marito,80,1298
YKWIM?,Yot Club,80,1299
DAM,SB19,80,1300
Royalty,Egzod|Maestro Chives|Neoni,80,1301
"Sajni (From ""Laapataa Ladies"")",Ram Sampath|Arijit Singh|Prashant Pandey,80,1304
"Tujhe Kitna Chahne Lage (From ""Kabir Singh"")",Arijit Singh|Mithoon,80,1305
Saudade Burra - Ao Vivo,Lauana Prado|Simone Mendes,80,1310
Aku Dah Lupa,MikkyZia|F4dli,80,1311
SPIT IN MY FACE!,ThxSoMch,80,1312
El Azul,Junior H|Peso Pluma,80,1315
Descer Pra BC,Brenno & Matheus|DJ Ari SL,80,1323
Puta É Só um Detalhe,DJ Douglinhas|DJ Miller Oficial|MC Torugo,80,1324
2025,MC Tuto|DJ Oreia,80,1327
Wie?,AYLIVA,80,1329
"Luck Ra: Bzrp Music Sessions, Vol. 61",Bizarrap|Luck Ra,80,1330
Volevo essere un duro,Lucio Corsi,80,1331
Jumping Machine (跳楼机),LBI利比,80,1332
Crashing (with Kali Uchis),d4vd|Kali Uchis,80,1333
ライラック,Mrs. GREEN APPLE,80,1339
ReawakeR (feat. Felix of Stray Kids),LiSA|Felix of Stray Kids,80,1342
UP - KARINA Solo,aespa,80,1343
The Chase,Hearts2Hearts,80,1344
Una Noche en Medellín,Cris Mj,80,1345
VITAMINA,Danny Ocean,80,1346
El Mayor de los Ranas (En Vivo),Grupo Marca Registrada|Victor Valverde,80,1347
Fin de Semana,Oscar Maydon|Junior H,80,1353
444,Yan Block|Panda Black,80,1363
Te Regalo,Rels B|J Abecia,80,1365
Hecha Pa' Mí,Grupo Frontera,80,1366
ILY,Kapo|Myke Towers,80,1369
morena,Beéle,80,1370
Más Que Tú,Ozuna|Kapo,80,1371
Chachachá,Jósean Log,80,1373
It Ain't Me (with Selena Gomez),Kygo|Selena Gomez,80,1380
Roses,The Chainsmokers|ROZES,80,1382
Get Lucky (Radio Edit) [feat. Pharrell Williams and Nile Rodgers],Pharrell Williams|Nile Rodgers|Thomas Bangalter|Guy-Manuel de Homem-Christo|Daft Punk,80,1386
One Kiss (with Dua Lipa),Calvin Harris|Dua Lipa,80,1389
Oksihina,Dionela,80,1395
C U Girl,Steve Lacy,80,1396
FRI(END)S,V,80,1400
Daylight,David Kushner,80,1410
DEVIL YOU KNOW,Tyler Braden,80,1415
Dial Drunk (with Post Malone),Noah Kahan|Post Malone,80,1418
Notion,The Rare Occasions,80,1421
I Can't Handle Change,Roar,80,1427
Chanel,Frank Ocean,80,1432
Nothing's Gonna Hurt You Baby,Cigarettes After Sex,80,1433
the way things go,beabadoobee,80,1438
Rasputin,Majestic|Boney M.,80,1442
The Door - CYRIL Remix,Teddy Swims|CYRIL,80,1443
Afraid To Feel,LF SYSTEM,80,1444
Location,Zerb|Ty Dolla $ign|Wiz Khalifa,80,1445
SPOOKY,fennecxx|DJ ALEX,80,1446
It Feels So Good,Matt Sassari|HUGEL|Sonique,80,1447
Houdini,Eminem,80,1450
Look At Me!,XXXTENTACION,80,1453
Paint The Town Red,Doja Cat,80,1457
Alter Ego (with JT),Doechii|JT,80,1459
Wavy,Karan Aujla,80,1460
Diles,Bad Bunny|Ozuna|Farruko|Arcángel|Ñengo Flow|DJ Luian|Mambo Kingz,80,1461
SLAY!,Eternxlkz,80,1469
cLOUDs,J. Cole,80,1471
Baby (Is it a Crime),Rema,80,1473
Leave Before You Love Me (with Jonas Brothers),Marshmello|Jonas Brothers,80,1475
Until I Found You (with Em Beihold) - Em Beihold Version,Stephen Sanchez|Em Beihold,80,1478
Beautiful Girls,Sean Kingston,80,1505
The Thrill,Wiz Khalifa|Empire Of The Sun,80,1515
watch,Billie Eilish,80,1550
idontwannabeyouanymore,Billie Eilish,80,1551
KEEP UP,Odetari,80,1562
"All I Want - From ""High School Musical: The Musical: The Series""",Olivia Rodrigo|Disney,80,1568
Mess It Up,Gracie Abrams,80,1569
Stuck with U (with Justin Bieber),Ariana Grande|Justin Bieber,80,1572
In the Name of Love,Martin Garrix|Bebe Rexha,80,1575
Fica De Quatão,DJ Biel Divulga|DJ Dozabri|Mc Lekão,79,1592
"Tu Hain Toh Main Hoon (From ""Sky Force"")",Tanishk Bagchi|Arijit Singh|Afsana Khan|Irshad Kamil,79,1594
Nanti Kita Seperti Ini,Batas Senja,79,1596
Sigue,Beny Jr|Morad|K y B,79,1597
Chihiro,Gravagerz,79,1600
Palagi - TJxKZ Version,TJ Monterde|KZ Tandingan,79,1602
NINAO,GIMS,79,1603
I'm A Little Crazy,Morgan Wallen,79,1604
Selamat (Selamat Tinggal),Virgoun|Audy,79,1605
Ultra Complicado,Kenny Die|Sebas,79,1607
El Beneficio De La Duda,Grupo Firme,79,1612
Volver Al Futuro,Oscar Maydon|Junior H,79,1614
GOET,Victor Mendivil,79,1616
COMO CAPO,Clave Especial|Fuerza Regida,79,1617
Until I Found You,Stephen Sanchez,79,1620
DÁKITI,Bad Bunny|JHAYCO,79,1621
I Think They Call This Love,Elliot James Reay,79,1622
No Flockin',Kodak Black,79,1623
MIDDLE CHILD,J. Cole,79,1625
Whatever She Wants,Bryson Tiller,79,1626
Love For You,LOVELI LORI|ovg!,79,1627
Moonlit Floor (Kiss Me),LISA,79,1628
Gözlerinden Gözlerine,Semicenk,79,1630
BİTMİYOR,Ben Fero,79,1631
Yale,Ken Carson,79,1632
"Tum Se (From ""Teri Baaton Mein Aisa Uljha Jiya"")",Sachin-Jigar|Raghav Chaitanya|Varun Jain|Indraneel,79,1639
Çatma Yarim,Reynmen,79,1640
Somebody's Pleasure (Extended Version),Aziz Hedra,79,1643
Última Saudade - Ao Vivo,Henrique & Juliano,79,1648
Kamikaze (feat. Victor Mendivil),Natanael Cano|Uriel Gaxiola|Ganggy|Victor Mendivil,79,1653
La tana del granchio,Bresh,79,1656
ჩუბინა,East Duo,79,1657
Ilusão De Ótica - Ao Vivo,Matheus & Kauan|Ana Castela,79,1660
Sujeito Homem - Ao Vivo,Guilherme & Benuto,79,1662
Resenha de Ex-Love,J. Eskine|Alef Donk,79,1663
"CAN'T STOP THE FEELING! (from DreamWorks Animation's ""TROLLS"")",Justin Timberlake,79,1670
Gentle White Noise - Seamless,Natura Ferox,79,1672
Deep Sleep Brown Noise,Bits & Noise,79,1673
Devil in a Dress,Teddy Swims,79,1676
Slumber Rain,Nature Of Sweden,79,1679
OMG,NewJeans,79,1683
Perfect Night,LE SSERAFIM,79,1684
Ditto,NewJeans,79,1686
Si Las Gatas Se Amotinan,Peipper|DobleP|Locura Mix,79,1702
El Efecto,Rauw Alejandro|Chencho Corleone,79,1703
Rio,J Balvin,79,1704
miau,Young Cister,79,1705
La Cuadrada,Belinda|Tito Double P,79,1706
lo que hay x aquí,Rels B,79,1707
La Bebe - Remix,Yng Lvcas|Peso Pluma,79,1708
Perdido,Gabito Ballesteros,79,1709
"Perdonarte, ¿Para Qué?",Los Ángeles Azules|Emilia,79,1710
Soltera - W Sound 01,W Sound|Blessd|Ovy On The Drums,79,1714
Raise Your Glass,P!nk,79,1725
My Love,Route 94|Jess Glynne,79,1726
This Is What You Came For,Calvin Harris|Rihanna,79,1728
Con Calma,Daddy Yankee|Snow,79,1729
In My Mind,Dynoro|Gigi D'Agostino,79,1730
Tingin,Cup of Joe|Janine,79,1734
Dilaw,Maki,79,1735
SHEESH,BABYMONSTER,79,1736
Some,Steve Lacy,79,1739
What You Heard,Sonder,79,1740
WYA REMIX RED,J Abdiel|De La Rose|Yan Block|iZaak|Jay Wheeler,79,1742
Super Shy,NewJeans,79,1744
"Burn, Burn, Burn",Zach Bryan,79,1745
Motorcycle Drive By,Zach Bryan,79,1746
Querida Yo,Yami Safdie|Camilo,79,1751
Chest Pain (I Love),Malcolm Todd,79,1753
Poison,Brent Faiyaz,79,1757
Hold On,Chord Overstreet,79,1764
Shower,Becky G,79,1767
Mary On A Cross,Ghost,79,1772
Porch Light,Josh Meloy,79,1782
Real Love Baby,Father John Misty,79,1795
Prom Queen,Beach Bunny,79,1797
Montagem Lunar Celestia 1.0 (SLOWED),TOKYOPHILE,79,1810
METAMORPHOSIS,INTERWORLD,79,1811
So High,Doja Cat,79,1819
Please Me,Cardi B|Bruno Mars,79,1821
My Day,HELLMERRY,79,1829
"La Mia Parola (feat. Guè, Joshua, Tormento)",Shablo|Guè|Joshua|Tormento,79,1831
CRUZ,Trueno|Feid,79,1832
Circadian Rhythm,Drake,79,1839
It's Not Right But It's Okay,Mr. Belt & Wezol,79,1842
Pepas,Farruko,79,1843
Push Up - Main Edit,Creeds,79,1844
X-SLIDE,2KE|808iuli,79,1846
Whatever,Kygo|Ava Max,79,1847
The Middle,Zedd|Maren Morris|Grey,79,1857
Come and Get Your Love - Single Version,Redbone,79,1876
Next Summer,Damiano David,79,1944
Make You Mine,Madison Beer,79,1945
Pedro,Jaxomy|Agatino Romero|Raffaella Carrà,79,1946
Fable,Gigi Perez,79,1948
"Shakira: Bzrp Music Sessions, Vol. 53",Bizarrap|Shakira,79,1959
boyfriend (with Social House),Ariana Grande|Social House,79,1963
Gabriela,KATSEYE,78,1986
Em Cima do Peão,Brenno & Matheus|Luan Pereira,78,1987
怪獣,sakanaction,78,1989
"Aaj Ki Raat (From ""Stree 2"")",Sachin-Jigar|Madhubanti Bagchi|Divya Kumar|Amitabh Bhattacharya,78,1991
Saveiro,Kaique e Felipe|Luan Pereira,78,1992
Sigma Boy - Сигма Бой,Betsy|Maria Iankovskaia,78,1994
Meddle About,Chase Atlantic,78,1995
AURA,Ogryzek,78,1998
Eenie Meenie,Sean Kingston|Justin Bieber,78,1999
La La Lost You - Acoustic Version,NIKI|88rising,78,2000
This Side of Paradise,Coyote Theory,78,2002
L,Halstage,78,2006
Penyangkalan,For Revenge,78,2009
would've been you,sombr,78,2011
Husn,Anuv Jain,78,2012
DEVIL IS A LIE,Tommy Richman,78,2014
Tip Toe,HYBS,78,2016
CIEL,GIMS,78,2017
undressed,sombr,78,2018
HUQQA,Jeff Redd,78,2019
life force,ptasinski|RJ Pasin,78,2020
Language,Paperboy Fabe|Brent Faiyaz,78,2021
Kembali Pulang,Suara Kayu|Feby Putri,78,2024
Follow You,Noizy,78,2025
bellyache,Billie Eilish,78,2027
Rey Sin Reina,Julión Álvarez y su Norteño Banda,78,2029
lowkey,NIKI,78,2036
No Te Hagas,Jory Boy|Bad Bunny,78,2037
Tu No Vive Asi (feat. Mambo Kingz & DJ Luian),Arcángel|Bad Bunny|Mambo Kingz|DJ Luian,78,2038
DIOS POR DELANTE,Hermanos Espinoza,78,2039
Favorite,Isabel LaRosa,78,2040
older,Isabel LaRosa,78,2043
Bling-Bang-Bang-Born,Creepy Nuts,78,2044
BAND4BAND (feat. Lil Baby),Central Cee|Lil Baby,78,2046
Get Jiggy,B Jack$|ZEDDY WILL,78,2048
Meu Carro nao tem Porta Luva - Remastered 2024,DJ NATAN 22|Mc Rodrigo do CN,78,2049
"Satranga (From ""ANIMAL"")",Arijit Singh|Shreyas Puranik|Siddharth - Garima,78,2054
O Saathi,Atif Aslam|Arko,78,2058
Nevermind,Dennis Lloyd,78,2063
Ya No Somos Ni Seremos,Christian Nodal,78,2066
Ye Tune Kya Kiya,Pritam|Javed Bashir,78,2069
365 Dias (Vida Mansa),MC Marks|MC Ryan SP|MC Jvila|MC Bruno MS|Mc Magal|Aaron Modesto|DJ Dael,78,2071
Peça Íntima,Murilo Huff|Ana Castela,78,2072
Medley de Igaratá 3,Mc Negão Original|DJ Guh Mix|DJ Japa NK,78,2073
Nada Com Nada - Ao Vivo,Gustavo Mioto|Grupo Menos É Mais,78,2074
A Danada Me Ligando,MC Cebezinho|DJ Oreia|MC Tuto|Love Funk|Mc Kako,78,2075
Un Scar,Victor Mendivil|Luis R Conriquez,78,2080
Still With You,Jung Kook,78,2083
4 Kampé,Joé Dwèt Filé,78,2085
fuorilegge,Rose Villain,78,2091
Would You Fall in Love with Me Again,Jorge Rivera-Herrans|Anna Lea,78,2096
strangers,proderics|melodybloom,78,2098
SEQUÊNCIA STRIPTEASE,PEDRO SAMPAIO|Mc Gw|Mc Debby|Mc Talibã,78,2100
Tando,Nuzio Medeiros|Henry Freitas|Kadu Martins,78,2103
Mentirosa - Ao Vivo,Hugo & Guilherme|Wesley Safadão,78,2104
Proibido Terminar - Ao Vivo,Gusttavo Lima,78,2105
SABÍA QUE NO,reezy,78,2107
A200,King Savagge|Jairo Vera|Bayron Fire,78,2108
ÇIKAR BİRİ KARŞIMA,Poizi|Era7capone|SNOW,78,2109
One Night Only,Sonder,78,2111
Fetish (feat. Gucci Mane),Selena Gomez|Gucci Mane,78,2112
Scared to Be Lonely,Martin Garrix|Dua Lipa,78,2123
Wolves,Selena Gomez|Marshmello,78,2124
Unholy (feat. Kim Petras),Sam Smith|Kim Petras,78,2125
Strangers,Kenya Grace,78,2126
Dreamy Brown Noise,Focus Noise,78,2127
ダーリン,Mrs. GREEN APPLE,78,2131
Vou Raspar Seu Bigodin,Mc Dricka|DJ S2K,78,2132
Bite Me,ENHYPEN,78,2134
How Sweet,NewJeans,78,2135
Tick-Tack,ILLIT,78,2136
Whiplash,aespa,78,2137
Your Love,JISOO,78,2138
Te Busco,Cosculluela|Nicky Jam,78,2139
Madura,Cosculluela|Bad Bunny,78,2141
Esclava - Remix,Bryant Myers|Anonimus|Anuel AA|Almighty,78,2142
Still Luvin,Delaossa|Quevedo|Bigla The Kid,78,2143
Yonaguni,Bad Bunny,78,2145
Downtown,Anitta|J Balvin,78,2146
¿Qué Te Parece?,Grupo Frontera|Oscar Maydon,78,2151
Ella Baila Sola,Eslabon Armado|Peso Pluma,78,2155
HAY LUPITA,Lomiiel,78,2162
AMOR,Los Gemelos De Sinaloa,78,2164
CÓMO SE SIENTE - Remix,JHAYCO|Bad Bunny,78,2169
MIRAME REMIX,Blessd|Anuel AA|Ovy On The Drums,78,2170
Gallos Y Caballos,Grupo Maximo Grado|Natanael Cano,78,2171
Tokicha,J Castle|Hades66,78,2172
MAL DE AMORES,Myke Towers|Junior H|The Rudeboyz,78,2173
No Ponga Excusas,Cris Mj,78,2174
Que Onda,Calle 24|Chino Pacas|Fuerza Regida,78,2175
Aloh Aloh,Kapo,78,2180
Beso,Jósean Log,78,2182
Body,Loud Luxury|Brando,78,2191
Ride It,Regard,78,2194
"I Don't Want To Miss A Thing - From ""Armageddon"" Soundtrack",Aerosmith,78,2196
Misteryoso,Cup of Joe,78,2197
What It Is (Solo Version),Doechii,78,2200
cómo dormiste?,Rels B,78,2206
Hype Boy,NewJeans,78,2207
New Jeans,NewJeans,78,2208
Oklahoma Smokeshow,Zach Bryan,78,2212
Blue Jean Baby,Zach Bryan,78,2214
In My Room,Chance Peña,78,2224
People,Libianca,78,2226
Do It To It,ACRAZE|Cherish,78,2228
Kids,Current Joys,78,2261
Wasted Summers,juju<3,78,2270
Rearrange My World,Daniel Caesar|Rex Orange County,78,2272
FUNK INFERNAL,DYGO|Mxng0,78,2273
MAZKO,S4nri0|MC LyC4N,78,2274
NEXT!,NCTS,78,2275
VAPO NO SETOR,DJ ANXVAR|MC LONE,78,2276
(It Goes Like) Nanana - Edit,Peggy Gou,78,2277
Somebody (2024),Gotye|FISHER|Chris Lake|Kimbra|Sante Sansone,78,2278
When We Were Young (The Logical Song),David Guetta|Kim Petras,78,2279
World Hold On (Children Of The Sky) - FISHER Rework,Bob Sinclar|FISHER|Steve Edwards,78,2280
Yamore,MoBlack|Salif Keita|Benja (NL)|Franc Fala|Cesária Evora,78,2282
No Bad Vibes,Jazzy|KILIMANJARO,78,2283
Move (feat. Camila Cabello & Malachiii),Adam Port|Stryv|Camila Cabello|Keinemusik|Malachiii|Orso,78,2284
Let's Go,Jaden Bojsen|David Guetta|Sami Brielle,78,2285
Wacuka,AVAION|Sofiya Nzau,78,2286
FourFiveSeconds,Rihanna|Kanye West|Paul McCartney,78,2288
Finesse - Remix; feat. Cardi B,Bruno Mars|Cardi B,78,2297
Rodeo (Remix),Lah Pat|Flo Milli,78,2300
ETA - RMX,ROA|De La Rose|Luar La L|Yan Block|Omar Courtz,78,2301
Running Around,Ely Oaks,78,2313
Boyz In Paris (with VINAI),Marnik|Naeleck|VINAI,78,2314
Ferrari,James Hype|Miggy Dela Rosa,78,2315
Thunder,Gabry Ponte|LUM!X|Prezioso,78,2316
Belly Dancer,Imanbek|BYOR,78,2317
Doja,Central Cee,78,2318
No Face,Drake,78,2319
HIM ALL ALONG,Gunna,78,2324
Lil Boo Thang,Paul Russell,78,2330
World Hold On (Children of the Sky) - Radio Edit,Bob Sinclar|Steve Edwards,78,2370
Careless Whisper - Remastered,George Michael,78,2392
Rockstar,LISA,78,2399
Fall Back,Lithe,78,2410
chess - slowed,joyful,78,2414
chess,joyful,78,2415
Breathe,Olly Alexander (Years & Years),78,2419
Love Story (Taylor’s Version),Taylor Swift,78,2435
Let You Break My Heart Again,Laufey|Philharmonia Orchestra,78,2439
A Night To Remember,beabadoobee|Laufey,78,2440
Come Over,LE SSERAFIM,78,2457
Sunset Blvd,Selena Gomez|benny blanco,78,2458
Kalpsiz,Semicenk,77,2462
Ay Mamita,Alan Arrieta,77,2463
Me Está Doliendo,Carin Leon|Alejandro Fernández,77,2464
Pressure,Seyi Vibez,77,2465
CHAMPAGNE,Tito Double P,77,2466
Netflixxx,Brytiago|Bad Bunny,77,2469
do i ever cross your mind,sombr,77,2472
Take Me to the Beach (feat. Ado),Imagine Dragons|Ado,77,2474
Don't Worry (with Ray Dalton) - Radio Edit,Madcon|Ray Dalton,77,2476
void - super slowed,isq,77,2477
Hurts Me,Tory Lanez|Trippie Redd|Yoko Gold,77,2478
Love Is Only a Feeling,Joey Bada$$,77,2482
Apa Mungkin,Bernadya,77,2484
Dating Tayo,TJ Monterde,77,2486
Umaasa,Calein,77,2487
Komang,Raim Laode,77,2488
Mati-Matian,Mahalini,77,2489
southbound,Artemas,77,2491
Sorai,Nadin Amizah,77,2494
Ayaza Serdim,Kubilay Karça,77,2495
want u,noevdv,77,2497
TAKE ALL THE LOVE,Arthur Nery,77,2498
Tek It - Sped Up,Cafuné,77,2499
Russian Bandana,Dhanda Nyoliwala,77,2501
Sana Güvenmiyorum - Dedub Sessions,Dedublüman|Aleyna Tilki,77,2502
Love Lies,Khalid|Normani,77,2503
Hex,80purppp,77,2520
Vacile,Yan Block,77,2522
COSAS QUE NO TE DIJE,SAIKO,77,2523
Si Tu Novio Te Deja Sola,J Balvin|Bad Bunny,77,2524
WHERE SHE GOES,Bad Bunny,77,2525
Se Volvieron Locos,Kane Rodriguez,77,2526
Chemical,Post Malone,77,2528
Every Summertime,NIKI,77,2530
TEXAS HOLD 'EM,Beyoncé,77,2533
Querer Querernos,Canserbero,77,2540
Antarctica,$uicideboy$,77,2547
Sang Rahiyo,Jasleen Royal|Ujjwal Kashyap,77,2552
Dancin (feat. Luvli) - Krono Remix,Aaron Smith|Krono|Luvli,77,2555
"Tainu Khabar Nahi - From ""Munjya""",Sachin-Jigar|Arijit Singh,77,2558
Khuda Jaane,Vishal-Shekhar|KK|Shilpa Rao|Anvita Dutt Guptan,77,2559
"Chuttamalle (From ""Devara Part 1"")",Shilpa Rao|Anirudh Ravichander|Ramajogayya Sastry,77,2562
Money Pull Up,Blaiz Fayah|Maureen|Dj Glad,77,2567
Maiyya,Sachet-Parampara|Sachet Tandon|Parampara Tandon|Kausar Munir,77,2570
Nose On The Grindstone (OurVinyl Sessions),Tyler Childers|OurVinyl,77,2574
YANKI X İNTİHAR,Simge|Era7capone|Ozan Bayraşa|SNOW,77,2580
Coastline,Hollow Coves,77,2581
Maine,Noah Kahan,77,2582
El Gavilán,Luis R Conriquez|Tony Aguirre|Peso Pluma,77,2588
NO SON DORITOS,Clave Especial|Luis R Conriquez,77,2589
NO PASA NADA,Clave Especial|Fuerza Regida,77,2591
ETA,NewJeans,77,2592
Come Play (from the series Arcane League of Legends),Stray Kids|Young Miko|Arcane|Tom Morello|League of Legends,77,2593
TU CON CHI FAI L'AMORE,The Kolors,77,2599
il ritmo delle cose.,Rkomi,77,2600
Natural,Little Homie|Huan62,77,2606
Minimum ça,Dr. Yaro,77,2610
Jiggy,Filow|Ikkimel|Lucry & Suena,77,2611
Vielleicht Vielleicht,MilleniumKid|JBS,77,2613
me & you,YAKARY,77,2614
Mendil,Gülden,77,2615
Honeypie,JAWNY,77,2618
ÁNGEL,Grupo Frontera|Romeo Santos,77,2619
The Other Side,Michael Marcagi,77,2630
GOD_i,Number_i,77,2635
ビターバカンス,Mrs. GREEN APPLE,77,2636
BOW AND ARROW,Kenshi Yonezu,77,2637
New Woman (feat. ROSALÍA),LISA|ROSALÍA,77,2641
Supernatural,NewJeans,77,2642
Close to You,Jin,77,2643
EASY,LE SSERAFIM,77,2644
SPOT!,ZICO|JENNIE,77,2646
Sticky,KISS OF LIFE,77,2647
El Efecto - Remix,Rauw Alejandro|Chencho Corleone|KEVVO|Bryant Myers|Lyanno|Dalex,77,2650
Hasta Que Me Muera,Bryant Myers,77,2651
Cada Noche,Edicion Especial,77,2652
WOAHH (feat. Clarent),Rvssian|Young Miko|Omar Courtz|Clarent,77,2653
CHORRITO PA LAS ANIMAS,Feid,77,2655
Te Vi,Piso 21|Micro TDH,77,2672
BESO,ROSALÍA|Rauw Alejandro,77,2673
Menina de Vermelho,MC Menor JP|RAMONMIX|The Ironix,77,2674
Mon Amour - Remix,zzoilo|Aitana,77,2675
BANSHEE,FloyyMenor|J Balvin,77,2676
WHISKY A LA ROCA,Kidd Voodoo|Jere Klein|Swift 047,77,2678
Adicto (with Anuel AA & Ozuna),Tainy|Anuel AA|Ozuna,77,2679
Un Pacto,Victor Mendivil|El Padrinito Toys,77,2680
POLOS OPUESTOS REMIX - BLESSD VERSION,Blessd|Kris R.,77,2681
La Diabla,Xavi,77,2682
Brickell,Feid|Yandel,77,2683
IA,Clarent|Mora,77,2684
En Otra Vida,Yami Safdie|Lasso,77,2685
i miss you,Beéle,77,2688
DONDE TE ESCONDES?,Yapi,77,2689
Laho,Shallipopi,77,2692
Praise Jah In The Moonlight,YG Marley,77,2693
679 (feat. Remy Boyz),Fetty Wap|Remy Boyz,77,2707
Numb / Encore,JAY-Z|Linkin Park,77,2708
Musika,Dionela,77,2716
Tunggu Apa Lagi,Nyoman Paul,77,2717
Lonely Road (with Jelly Roll),mgk|Jelly Roll,77,2720
Sarah's Place (feat. Noah Kahan),Zach Bryan|Noah Kahan,77,2721
Just Like Johnny,Redferrin,77,2726
I Ain't Sayin',Jordan Davis,77,2727
Spin You Around (1/24),Morgan Wallen,77,2730
Coal,Dylan Gossett,77,2731
Arike,Kunmie,77,2736
Idea 10,Gibran Alcocer,77,2741
Patadas de Ahogado,LATIN MAFIA|HUMBE,77,2742
someday i'll get it,Alek Olsen,77,2743
Moon River,Frank Ocean,77,2745
No Time To Die,Billie Eilish,77,2750
Dancing With Your Ghost,Sasha Alex Sloan,77,2756
that way,Tate McRae,77,2758
Bloom - Bonus Track,The Paper Kites,77,2759
Bad State of Mind,Treaty Oak Revival,77,2765
ACTIN UP,Tommy Richman,77,2773
something to remember,Matt Hansen,77,2784
Mind Over Matter (Reprise),Young the Giant,77,2795
Dawns (feat. Maggie Rogers),Zach Bryan|Maggie Rogers,77,2801
Bleed (feat. Omar Apollo),Malcolm Todd|Omar Apollo,77,2803
Because You Move Me,Tinlicker|Helsloot,77,2805
LET'S GO,Jaden Bojsen|Sami Brielle,77,2806
Friday (feat. Mufasa & Hypeman) - Dopamine Re-Edit,Riton|Nightcrawlers|Mufasa & Hypeman|Mufasa|Dopamine,77,2807
Montagem Lunar Diamante - Slowed,DJ DYLANFK|WXCHSXN,77,2808
hypnotic - super slowed,isq,77,2810
FUNKED UP - SLOWED,xxanteria|isq,77,2811
Head & Heart (feat. MNEK),Joel Corry|MNEK,77,2813
Never Going Home Tonight (feat. Madison Love),David Guetta|Alesso|Madison Love,77,2814
Told You So,Martin Garrix|Jex,77,2815
TOO COOL TO BE CARELESS,PAWSA,77,2816
Boss Bitch,Doja Cat,77,2827
WAP (feat. Megan Thee Stallion),Cardi B|Megan Thee Stallion,77,2829
Run,Rim'K|SDM,77,2837
COLD,Nemzzz,77,2838
Run It Up,Hanumankind,77,2839
Dreamin (feat. Daya),Dom Dolla|Daya,77,2851
Deep Down (feat. Never Dull),Alok|Ella Eyre|Kenny Dope|Never Dull,77,2852
it boy,bbno$,77,2853
Murder In My Mind,Kordhell,77,2854
BACKBONE,Chase & Status|Stormzy,77,2858
LET'S GET FKD UP,Alok|Mondello'G|CERES|Tribbs,77,2859
Texas Sun,Khruangbin|Leon Bridges,77,2866
Girl on Fire,Alicia Keys,77,2869
L'Amour Toujours,Gigi D'Agostino,77,2915
Destination Calabria - Radio Edit,Alex Gaudino|Crystal Waters,77,2920
Linger - SiriusXM Session,Royel Otis,77,2951
Harpy Hare,Yaelokre,77,2952
KEHLANI,Jordan Adetunji,77,2953
Rock,Stepz,77,2954
Nosebleeds,Doechii,77,2960
Ash,LE SSERAFIM,77,2984
Aşiyan,Afra|Sefo,76,2985
0008,Sidhu Moose Wala|Jenny Johal|The Kidd,76,2986
Camisola e Fio - Ao Vivo,Diego & Victor Hugo|Lauana Prado,76,2987
Clean Baby Sleep White Noise (Loopable no fade),Dream Supplier|Baby Sleeps|Background White Noise,76,2991
El Primero,Panter Bélico,76,2992
RZR,Victor Mendivil|Alemán,76,2994
LV Bag (feat. j-hope of BTS & Pharrell Williams),Don Toliver|Speedy|j-hope|Pharrell Williams,76,2996
DURULDUM,Era7capone|KERO,76,2997
Floating In Space,Calmly,76,2999
Me Prefieres A Mi,Arcángel,76,3001
Caile,Bad Bunny|Bryant Myers|De La Ghetto|Revol|Zion,76,3002
I Wait for You,alex_g_offline,76,3009
Mr.Trouble,BigXthaPlug,76,3011
FRIENDS,Marshmello|Anne-Marie,76,3012
Pasilyo,SunKissed Lola,76,3015
Surat Cinta Untuk Starla,Virgoun,76,3016
Nemen - Hiphop Dangdut Version,NDX A.K.A.,76,3017
Shut up My Moms Calling (Sped up),Hotel Ugly,76,3019
DON`T STOP - Slowed,GLXXMSTRIDER,76,3020
What Would I Do?,Strawberry Guy,76,3022
Bila Memang Kamu,Betrand Putra Onsu,76,3023
Baarishein,Anuv Jain,76,3024
1 AM,Civ,76,3025
BLUE HORIZON FUNK - SLOWED,NXGHT!|DJ ANXVAR|DJ ZAP,76,3028
The Machine,Reed Wonder|Aurora Olivas,76,3029
Pagsamo,Arthur Nery,76,3031
On The Floor - Radio Edit,Jennifer Lopez|Pitbull,76,3033
Will I See You Again?,Thee Sacred Souls,76,3037
Japanese Denim,Daniel Caesar,76,3040
Bubble Gum,Clairo,76,3041
Qué Onda Perdida,Grupo Firme|Gerardo Coronel,76,3046
Watermelon,John + Jane Q. Public,76,3049
ecstacy (slowed),SUICIDAL-IDOL,76,3050
Vuelve,Daddy Yankee|Bad Bunny,76,3055
Ansiedad,Grupo Arriesgado,76,3056
Prueba De Fuego,Hermanos Espinoza,76,3058
Pura Adrenalina,LOS DOS DE TAMAULIPAS,76,3059
Con Todo Respetillo,Grupo Los Chavalos,76,3060
3:15 (Breathe),Russ,76,3067
hotline (edit),Billie Eilish,76,3068
LET THE WORLD BURN,Chris Grey,76,3078
RUNRUNRUN,Dutch Melrose,76,3079
Angin Rindu,Rony Parulian,76,3080
Insane,Black Gryph0n|Baasik,76,3081
For the Last Time,$uicideboy$,76,3084
Chill Bill (feat. J. Davi$ & Spooks),Rob $tone|J. Davi$|J Spooks,76,3087
Heeriye (feat. Arijit Singh),Jasleen Royal|Arijit Singh|Dulquer Salmaan,76,3089
"Cachondos Session #1 (feat. Sebastian Esquivel, Eugenio Esquivel, Tiagz & Los Esquivel)",Kevin AMF|Victor Mendivil|Dani Flow|Sebastian Esquivel|Eugenio Esquivel|Tiagz|Los Esquivel,76,3092
Suniyan Suniyan,Juss|MixSingh,76,3093
"Janiye (from the Netflix Film ""Chor Nikal Ke Bhaga"")",Vishal Mishra|Rashmeet Kaur,76,3102
"Jaana Samjho Na (From ""Bhool Bhulaiyaa 3"")",Aditya Rikhari|Tulsi Kumar|Lijo George-Dj Chetas,76,3103
"Bujji Thalli (From ""Thandel"")",Devi Sri Prasad|Javed Ali|Shree Mani,76,3104
"Uyi Amma - From ""Azaad""",Amit Trivedi|Madhubanti Bagchi|Amitabh Bhattacharya,76,3106
Soch Na Sake,Amaal Mallik|Arijit Singh|Tulsi Kumar,76,3107
Parado no Bailão,MC L da Vinte|MC Gury,76,3110
Veneno - Ao Vivo,Murilo Huff|Zé Neto & Cristiano,76,3111
NEON,UZI,76,3112
Loca,KHEA|Duki|Cazzu|Omar Varela|MYKKA,76,3113
Enjoy the Silence,Depeche Mode,76,3114
"Naina (From ""Crew"")",Diljit Dosanjh|Badshah|Raj Ranjodh,76,3116
点描の唄,Mrs. GREEN APPLE|Sonoko Inoue,76,3125
familie,Mrs. GREEN APPLE,76,3126
Malvadinho,MC LUUKY|DJ JB Mix,76,3135
Pilantra e Meio,Eric Land|Natanzinho Lima,76,3137
Ahora Dice,Chris Jedi|J Balvin|Ozuna|Arcángel,76,3142
Billete Grande (En Vivo),Fuerza Regida|Edgardo Nuñez,76,3147
Si Fuera Fácil,Grupo Marca Registrada,76,3148
meet the grahams,Kendrick Lamar,76,3150
Lentamente,Irama,76,3159
ANEMA E CORE,Serena Brancale,76,3160
Dimenticarsi alle 7,Elodie,76,3161
CUORICINI,Coma_Cose,76,3162
CHIAMO IO CHIAMI TU,Gaia,76,3163
HAVHAVHAV,Lvbel C5,76,3167
Médio Versalico,DJ OLIVEIRA ORIGINAL|MC Nito,76,3168
24 SONGS,Ego|khxznq|goatedx,76,3169
Pirocada Quente,MC Jvila|Mc Negão Original|DJ Dael,76,3171
Wenn der Himmel weint,Bausa|Jazeek,76,3179
Northside,Sosa La M,76,3180
STREIT,makko|Miksu / Macloud,76,3181
Aldanırım,Sıla Şahin|Samet Kardeşler,76,3183
Finding Her,Kushagra|Bharath|Saaheal,76,3184
Soaked,Shy Smith,76,3185
The Perfect Girl,Mareux,76,3186
Little Bit Better,Caleb Hearn|ROSIE,76,3188
Bonita,J Balvin|Jowell & Randy,76,3191
4K,El Alfa|Darell|Noriel,76,3192
Stay,Zedd|Alessia Cara,76,3194
Love Tonight (David Guetta Remix Edit),Shouse|David Guetta,76,3195
Tranquility,Somnolence,76,3197
Ruido Profundo,Ardeon,76,3198
Strawberries & Cigarettes,Troye Sivan,76,3205
Legends Never Die,League of Legends|Against The Current,76,3208
Where's My Love - Acoustic,SYML,76,3212
Plazma,Kenshi Yonezu,76,3215
Blink Twice,BINI,76,3217
Smart,LE SSERAFIM,76,3218
GGUM,YEONJUN,76,3222
PYTHON,GOT7,76,3223
REBEL HEART,IVE,76,3224
ATTITUDE,IVE,76,3225
Inolvidable,Ovy On The Drums|Beéle,76,3227
Sigue Bailandome,Yannc|Darkiel|Eladio Carrion|Brray|Myke Towers,76,3229
Ultra Complicado (feat. Sebas) - Remix,Kenny Die|Blessd|Kris R.|Sebas,76,3233
SAD GIRLZ LUV MONEY Remix (feat. Kali Uchis and Moliy),Amaarae|Kali Uchis|MOLIY,76,3238
Volando - Remix,Mora|Bad Bunny|Sech,76,3239
Porque Te Vas,Victor Cibrian|Gabito Ballesteros,76,3244
BIPOLAR,Peso Pluma|Jasiel Nuñez|Junior H,76,3245
Brillarosa,Fuerza Regida,76,3247
Mami Tú,El Malilla|Maury,76,3283
Vaquero - Remix,Bellakath|El Malilla|El Bogueto|Andres Castillo|La Dinastia|Riky Produce,76,3284
NINFO,JC Reyes|De La Rose|MC Menor JP,76,3285
Que Pedo,Gabito Ballesteros|Eddy,76,3286
ÉLITE,Cris Mj,76,3287
¿Cómo Pasó?,Ela Taubert,76,3294
CONTIGO (with Tiësto),KAROL G|Tiësto,76,3295
Hello Miss Johnson,Jack Harlow,76,3298
PITY THIS BOY (with Victony),ODUMODUBLVCK|Victony,76,3300
Ven Bailalo - Reggaeton Mix,Angel Y Khriz,76,3309
Criminal,NATTI NATASHA|Ozuna,76,3314
Gangnam Style (강남스타일),PSY,76,3317
Roses - Imanbek Remix,SAINt JHN|Imanbek,76,3319
LIKE THAT,BABYMONSTER,76,3323
Bitch Better Have My Money,Rihanna,76,3324
Trust,Brent Faiyaz,76,3325
Kalimutan Ka,Skusta Clee,76,3328
Like Crazy,Jimin,76,3329
NEURON (with Gaeko & YOON MIRAE),j-hope|Gaeko|YOON MIRAE,76,3330
Attention,NewJeans,76,3331
Slow Dancing,V,76,3332
Venus,Faceless|Serøtonin,76,3333
Options,Cameron Whitcomb,76,3340
Happen To Me,Russell Dickerson,76,3341
Tu hai kahan,AUR,76,3347
LET EM GO,Matt Hansen,76,3353
Arcade,Duncan Laurence,76,3366
Love Is Gone - Acoustic,SLANDER|Dylan Matthew,76,3367
What A Time (feat. Niall Horan),Julia Michaels|Niall Horan,76,3371
My Universe,Coldplay|BTS,76,3377
Satanized,Ghost,76,3384
Slow Motion,Marshmello|Jonas Brothers,76,3403
4EVER,Clairo,76,3408
Oysters In My Pocket,Royel Otis,76,3413
Vampire Empire,Big Thief,76,3426
Glue Song (feat. Clairo),beabadoobee|Clairo,76,3427
From The Start,Laufey,76,3429
Tough,Quavo|Lana Del Rey,76,3431
In This Darkness,Clara La San,76,3432
ACIDO,UdieNnx|Mc Gw,76,3433
FUNK UNIVERSO,Irokz,76,3434
Montagem Mysterious Game,LXNGVX,76,3435
BRODYAGA FUNK,Eternxlkz,76,3436
Funk of Galáctico,SXID|Bibi Babydoll,76,3437
Ela Joga na Hora,Mc Pogba|DJ Guih Da ZO,76,3438
Atmosphere,FISHER|Kita Alexander,76,3439
Mockingbird,Tiësto|Dimitri Vegas & Like Mike|Gabry Ponte,76,3440
Relax My Eyes,ANOTR|Abel Balder,76,3441
These Words,Badger|Natasha Bedingfield,76,3442
World Gone Wild (feat. Sam Martin),Robin Schulz|CYRIL|Sam Martin,76,3444
Say What,Rampa|Adam Port|&ME|chuala|Keinemusik,76,3445
So Good,Nosi,76,3446
Laugh Now Cry Later (feat. Lil Durk),Drake|Lil Durk,76,3453
Wants and Needs (feat. Lil Baby),Drake|Lil Baby,76,3454
"Young, Wild & Free (feat. Bruno Mars)",Snoop Dogg|Wiz Khalifa|Bruno Mars,76,3455
No soy Eterno,Bizarrap|Milo j,76,3463
Lo Que Tiene,Morad|Beny Jr|Rvfv,76,3464
SPINNIN (Segway Remix),ONEFOUR|Nemzzz|Segway,76,3465
Redemption (feat. Nemzzz),Kidwild|Nemzzz,76,3468
Escape,Nemzzz,76,3471
ALL RED,Playboi Carti,76,3478
MONEY ON THE DASH - SPED UP,Elley Duhé|Whethan,76,3480
BELLAKEO,Peso Pluma|Anitta,76,3482
CUTE DEPRESSED,Dyan Dxddy,76,3483
Blick Sum (feat. Playboi Carti),Latto|Playboi Carti,76,3491
worst behaviour (feat. Kehlani),kwn|Kehlani,76,3494
Upside Down,Jack Johnson,76,3497
Infinity 2008 - Klaas Vocal Edit,Guru Josh Project|Klaas,76,3546
hostage,Billie Eilish,76,3600
Seasons,Sam Austins,76,3605
Nothing Breaks Like a Heart - Spotify Singles,Damiano David,76,3607
Chasing Paradise,Kygo|OneRepublic,76,3608
Peggy,Ceechynaa,76,3617
Feels Like,Gracie Abrams,76,3636
You’re Losing Me (From The Vault),Taylor Swift,76,3639
Sleep Well,d4vd,76,3646
So Cynical (Badum),LE SSERAFIM,76,3668
Yerinde Dur,Sefo|Demet Akalın,75,3669
Take Notes,Sidhu Moose Wala|JayB Singh,75,3670
FAMOUS,ALLDAY PROJECT,75,3673
Outside,Cardi B,75,3675
Billyeoon Goyangi (Do the Dance),ILLIT,75,3676
Te Colaboro - Remix,Brray|Feid|De La Rose|Yan Block|NTG,75,3677
"Kasturi (From ""Amar Prem Ki Prem Kahani"")",Arijit Singh|Prasad S|Kunaal Vermaa,75,3679
"Premalo (From ""Court"")",Vijai Bulganin|Anurag Kulkarni|Sameera Bharadwaj|Purnachary,75,3680
Hace Mucho Tiempo,Ele A El Dominio,75,3681
The Happy Song,Imogen Heap,75,3682
"Khoobsurat (From ""Stree 2"")",Sachin-Jigar|Vishal Mishra|Amitabh Bhattacharya,75,3684
Soft Slumber,Calmly,75,3686
aklına ben gelicem,BLOK3,75,3687
Candy,Plan B,75,3689
A Morte do Autotune,Matuê,75,3691
Fata Morgana,Nina Chuba,75,3692
Cherish (My Love),ILLIT,75,3696
Don't Copy My Flow,фрози|Mwizz|George Kipa,75,3702
From the Start,Good Kid,75,3703
Past Lives,sapientdream|Slushii,75,3707
Break,alex_g_offline,75,3709
Roi - Instrumental Slowed,Mckyyy,75,3710
The Lost Soul Down X Lost Soul,NBSPLV,75,3712
The Business,Tiësto,75,3716
Ikaw Lang,NOBITA,75,3724
terima kasih,Halstage,75,3725
Ikaw Lang Patutunguhan,Amiel Sol,75,3728
Sadrah,For Revenge,75,3733
Bandana,Shubh,75,3736
One Love,Shubh,75,3737
Excuses,AP Dhillon|Gurinder Gill|Intense,75,3738
ESCAPE (Bang Chan & Hyunjin),Stray Kids,75,3739
Truman (HAN & Felix),Stray Kids,75,3740
Prayer in C - Robin Schulz Radio Edit,Lilly Wood and The Prick|Robin Schulz,75,3741
Jump,Levi,75,3742
Wait For You,Myles Smith,75,3743
Tak Di Tanganku,Juicy Luicy|Mawar de Jongh,75,3746
Tak Kan Hilang,Budi Doremi,75,3748
白果,Keung To,75,3749
Unti-Unti,Up Dharma Down,75,3751
Beetje Van Mij,Antoon,75,3752
Im Doing Fine,Marino|Promoting Sounds,75,3754
Cold Water (feat. Justin Bieber & MØ),Major Lazer|Justin Bieber|MØ,75,3756
Holy Smokes,Bailey Zimmerman,75,3760
Navajo,Masego,75,3761
eyes don't lie,Isabel LaRosa,75,3762
Your Love (9PM),ATB|Topic|A7S,75,3767
Los Collares,Oscar Maydon|El Padrinito Toys,75,3772
SABOR FRESA,Fuerza Regida,75,3773
WYA,J Abdiel|iZaak,75,3775
Vibra Perfecta,Julión Álvarez y su Norteño Banda,75,3776
Flaming Hot Cheetos,Clairo,75,3777
Help Me Lose My Mind,Gravagerz,75,3781
INDUSTRY BABY (feat. Jack Harlow),Lil Nas X|Jack Harlow,75,3785
wutiwant,saraunh0ly,75,3792
HEAVY LOVE,Odetari,75,3793
Decode,Paramore,75,3794
Por Las Noches,Peso Pluma,75,3795
No One Noticed (Extended English),The Marías,75,3797
Silla,Yailin la Mas Viral|Puyalo Pantera,75,3799
Con Toda La Fe,LOS DOS DE TAMAULIPAS,75,3800
The Motto,Tiësto|Ava Max,75,3804
I See Red,Everybody Loves an Outlaw,75,3805
BABYDOLL,Ari Abdul,75,3806
KNOW ABOUT ME,NMIXX,75,3811
"Aasa Kooda - From ""Think Indie""",Sai Abhyankkar|Sai Smriti,75,3817
Blender,Masoom Sharma|Swara Verma|Dev Chouhan|Pooja Saxena,75,3818
É Ele,Drops INA,75,3820
Me Mata,Bad Bunny|Mambo Kingz|DJ Luian|Arcángel|Almighty|Bryant Myers|Noriel|Baby Rasta|Brytiago,75,3825
Ahista Ahista,Kazinama|Musarrat Nazir,75,3828
Let It Go,NOTSOBAD|MA:RK,75,3832
beamer boy,Lil Peep|Nedarb,75,3834
My Flaws Burn Through My Skin Like Demonic Flames from Hell,$uicideboy$,75,3835
Runnin' Thru the 7th with My Woadies,$uicideboy$|Pouya,75,3836
On & On,Cartoon|Jéja|Daniel Levi,75,3837
"Godari Gattu Meedha (From ""Sankranthiki Vasthunam"")",Ramana Gogula|Madhupriya|Bheems Ceciroleo|Bhaskarabhatla,75,3838
Sajna,Darshan Raval|Aditya Gadhvi|Hansika Pareek,75,3839
Y Que Fue?,Don Miguelo,75,3845
Seya,SativaMusic|Morad|GIMS,75,3846
In For It,Tory Lanez|RL Grime,75,3853
Water,Diljit Dosanjh|MixSingh|Raj Ranjodh,75,3854
"Akhiyaan Gulaab (From ""Teri Baaton Mein Aisa Uljha Jiya"")",Mitraz,75,3855
Apna Bana Le,Sachin-Jigar|Arijit Singh|Amitabh Bhattacharya,75,3856
"Ishq Mein (From ""Nadaaniyan"")",Sachin-Jigar|Sachet Tandon|Asees Kaur|Amitabh Bhattacharya,75,3857
Maiyya Mainu,Sachet Tandon,75,3858
"Soni Soni (From ""Ishq Vishk Rebound"")",Darshan Raval|Jonita Gandhi|Rochak Kohli|Gurpreet Saini,75,3862
Tere Pyaar Mein,Pritam|Arijit Singh|Amitabh Bhattacharya|Nikhita Gandhi,75,3863
Olha A Explosão,MC Kevinho,75,3865
Vai Lá - Ao Vivo em Goiânia,Maiara & Maraisa,75,3866
Porsche Azul,Felipe Beats|Vitor Daslent's,75,3867
Bad Girls Like You,Tobii,75,3868
Pehli Dafa,Atif Aslam|Shiraz Uppal,75,3870
Dil Tu Jaan Tu,Gurnazar|Chet Singh,75,3872
CISTAK,Era7capone|Batuflex|Narco,75,3873
Somebody's Pleasure,Aziz Hedra,75,3885
ダンスホール,Mrs. GREEN APPLE,75,3892
Tom's Diner,AnnenMayKantereit|Giant Rooks,75,3894
Ojos Cerrados,Banda MS de Sergio Lizárraga|Carin Leon,75,3896
Here's Your Perfect,Jamie Miller,75,3900
Ishq Sufiyana (Male),Vishal-Shekhar|Kamal Khan,75,3901
Rewrite The Stars,Zac Efron|Zendaya,75,3906
"Sucker for Pain (with Wiz Khalifa, Imagine Dragons, Logic & Ty Dolla $ign feat. X Ambassadors)",Lil Wayne|Wiz Khalifa|Imagine Dragons|X Ambassadors|Logic|Ty Dolla $ign,75,3908
Wouldn't You Like,Jorge Rivera-Herrans|TROY|Cast of EPIC: The Musical,75,3910
No Longer You,Jorge Rivera-Herrans|Mason Olshavsky,75,3911
Love in Paradise,Jorge Rivera-Herrans|Barbara Wangui|Teagan Earley|Kira Stone|Steven Rodriguez|Talya Sindel|Mason Olshavsky|KJ Burkhauser|Armando Julián|Steven Dookie,75,3912
Jet em Balneário,Ana Castela|MC PH|AgroPlay,75,3913
Sem Você,Ana Castela|Léo Foguete|AgroPlay,75,3914
Sei Tocar Violão - Ao Vivo,Clayton & Romário,75,3916
Amor Na Praia,NATTAN,75,3917
Copo Americano - Ao Vivo,Felipe Araújo|NATTAN,75,3918
MTG PASSA PASSA PRA EU SARRAR,Mc Livinho|DJ TOPO,75,3919
UM PALMO - Ao Vivo,Luan Pereira|Léo Foguete,75,3922
Aquele Lugar - Ao Vivo,Grupo Menos É Mais,75,3924
THE BOX MEDLEY FUNK 2,THE BOX|Mc Brinquedo|MC Cebezinho|MC Tuto|Mc Laranjinha|DJ Oreia,75,3925
Boy Besta,MC Joãozinho VT|Mc Negão Original|MC Tuto|Mc Kako|MC Ryan SP|Matheuszin DJ,75,3926
Dalangin,Earl Agustin,75,3927
MTG QUEM NÃO QUER SOU EU,DJ TOPO|Seu Jorge|Mc Leozin|MC G15,75,3928
Botella Tras Botella,Gera MX|Christian Nodal,75,3939
Hublot,Los Farmerz|Los Nuevos Escoltas,75,3940
El Tóxico,Grupo Firme|Carin Leon,75,3941
El Hijo Mayor,Junior H,75,3942
Intimidated (feat. H.E.R.),KAYTRANADA|H.E.R.,75,3943
Corazon de Acero,Yiyo Sarante,75,3947
Amarcord,Sarah Toscano,75,3958
Back To You - From 13 Reasons Why – Season 2 Soundtrack,Selena Gomez,75,3964
Hold Them Down,Jorge Rivera-Herrans|Ayron Alexander|Cast of EPIC: The Musical,75,3965
The Challenge,Jorge Rivera-Herrans|Anna Lea|Cast of EPIC: The Musical,75,3966
Hoy,Valentino Merlo|The La Planta,75,3973
Mona Lisa Motion,ZAH1DE,75,3974
Paro,Aditya Rikhari|UNPLG'd,75,3975
Dance Monkey,Tones And I,75,3989
abcdefu,GAYLE,75,3990
"Twinkle, Twinkle, Little Star",Adelmar Borrego,75,3994
Tranquil White Noise,Panoramia,75,3995
The Dark White Noise,Universal Waves,75,3996
Deep & Dark - Seamless,Mentatranque,75,3997
Quantum White,Aileron,75,3998
Noise & Sleep,All Night Chill Makers,75,3999
feelslikeimfallinginlove - Single Version,Coldplay,75,4003
10:35,Tiësto|Tate McRae,75,4004
Rumore Bianco,Relaxed Minds,75,4005
走れSAKAMOTO - RUN SAKAMOTO RUN - Opening theme to SAKAMOTO DAYS,Vaundy,75,4010
DOLCE,Cazzu,75,4014
百花繚乱,Lilas,75,4015
BATTER UP,BABYMONSTER,75,4018
As If It's Your Last,BLACKPINK,75,4020
1-800-hot-n-fun,LE SSERAFIM,75,4025
"IF I SAY, I LOVE YOU",BOYNEXTDOOR,75,4026
SENTIMIENTO NATURAL,Aitana|Myke Towers,75,4027
Ella Quiere Beber - Remix,Anuel AA|Romeo Santos,75,4030
Instagram,Blessd,75,4031
El Mismo Aire - con Pablo Alborán,Camilo|Pablo Alborán,75,4034
Si Se Da - Remix,Myke Towers|Farruko|Arcángel|Sech|Zion,75,4038
AURORA (feat. Armenta),Fuerza Regida|Grupo Frontera|Oscar Maydon|Armenta,75,4059
Gata Only (Remix),FloyyMenor|Ozuna|Anitta,75,4062
Volví,Aventura|Bad Bunny,75,4065
Tiene,Tobal Mj|Lucky Brown|Nacho G Flow,75,4067
Emociones,Hades66,75,4068
NOS DESCONOXIMOS,Feid,75,4069
Tengo Un Plan - Remix,Key-Key|Ozuna,75,4072
"Soweto (with Don Toliver, Rema & Tempoe)",Victony|Rema|Tempoe|Don Toliver,75,4077
The Weekend - Funk Wav Remix,SZA|Calvin Harris|Funk Wav,75,4088
Hear Me Now,Alok|Zeeba|Bruno Martini,75,4093
ily (i love you baby) (feat. Emilee),Surf Mesa|Emilee,75,4094
Me Rehúso,Danny Ocean,75,4095
Summertime Sadness (Lana Del Rey Vs. Cedric Gervais) - Cedric Gervais Remix,Lana Del Rey|Cedric Gervais,75,4096
Andas En Mi Cabeza,Chino & Nacho|Daddy Yankee,75,4097
Dirty Cash (Money Talks) - Sold Out 7 Inch Mix,The Adventures Of Stevie V,75,4101
Ya Supérame (En Vivo),Grupo Firme,75,4110
No digas nada,LATIN MAFIA,75,4120
Love Me Again,V,75,4122
One Thing Right,Marshmello|Kane Brown,75,4128
Dear Miss,Zach Bryan,75,4131
Please Don't Go,Wyatt Flores,75,4141
"sueña lindo, corazón",Macario Martínez,75,4143
The 30th,Billie Eilish,75,4149
Spread Thin,Mariah the Scientist,75,4155
House Again,Hudson Westbrook,75,4158
Hell is a Dance Floor,Vincent Mason,75,4159
Before You,Benson Boone,75,4167
If the World Was Ending (feat. Julia Michaels),JP Saxe|Julia Michaels,75,4169
If You Love Her,Forest Blakk,75,4170
Stars Will Align,Kygo|Imagine Dragons,75,4199
i wanna be your girlfriend,girl in red,75,4207
Cold Little Heart - Radio Edit,Michael Kiwanuka,75,4208
Best Friend,Rex Orange County,75,4209
Tieduprightnow,Parcels,75,4210
Pretty Girl,Clairo,75,4211
Your face,Wisp,75,4220
Her,The American Dawn,75,4222
Ok Love You Bye,Olivia Dean,75,4223
Yummy - Righteous Remix,Ayesha Erotica|Mo Beats,75,4228
Beso (Fruta Fresca),Wakyin|Carlos Vives,75,4229
TUCA DONKA,CURSEDEVIL|DJ FKU|Skorde,75,4231
LOVELY BASTARDS,ZWE1HVNDXR|yatashigang,75,4232
Automotivo Bibi Fogosa,Bibi Babydoll|Dj Brunin XM|KZA Produções,75,4233
MONTAGEM BRAVO - Slowed,ZXKAI|Mc Talibã,75,4234
Slide da Treme Melódica v2,DJ FNK|Polaris,75,4235
BAD PARENTING FUNK,DJ CEREJASS|Sayfalse,75,4236
I Like It (with Nate Smith),Alesso|Nate Smith,75,4237
Be My Lover (feat. La Bouche) - 2023 Mix,Hypaton|David Guetta|La Bouche,75,4238
Mwaki,Zerb|Sofiya Nzau,75,4239
"She’s Gone, Dance On",Disclosure,75,4240
Hypnotized (feat. Ellie Goulding),Anyma|Ellie Goulding,75,4241
Exotica,Gabry Ponte,75,4242
True Love,Kanye West|XXXTENTACION,75,4244
Money In The Grave (Drake ft. Rick Ross),Drake|Rick Ross,75,4247
Winning Speech,Karan Aujla|Seshnolan,75,4261
"MANIAC - Bonus Track [From ""GLORY""]",Yo Yo Honey Singh,75,4264
Me Ama Me Odia,Revol|Ozuna|Cosculluela|Arcángel|Brytiago,75,4266
She Don't Give a Fo,Duki|KHEA,75,4267
"ACEITE DE COCO (feat. Ryan Castro, De La Ghetto, Darell, Sahir, Hades66, Kris R.)",Blessd|Ryan Castro|De La Ghetto|Darell|Sahir|Hades66|Kris R.,75,4270
B4 I LET YOU GO,Ryouji|CK YG,75,4271
Crush (feat. Jorja Smith),AJ Tracey|Jorja Smith,75,4272
HOME SWEET HOME (feat. TAEYANG & DAESUNG),G-DRAGON|TAEYANG|DAESUNG,75,4276
Watch This - ARIZONATEARS Pluggnb Remix,Lil Uzi Vert|sped up nightcore|ARIZONATEARS,75,4288
21 Reasons (feat. Ella Henderson),Nathan Dawe|Ella Henderson,75,4295
Lay Low,Tiësto,75,4296
Words (feat. Zara Larsson),Alesso|Zara Larsson,75,4297
Goosebumps - Remix,Travis Scott|HVME,75,4298
Call It Love,Felix Jaehn|Ray Dalton,75,4299
MONTAGEM - PR FUNK,S3BZS|Mc Gw|Mc Menor Do Alvorada,75,4301
Cynical,twocolors|Safri Duo|Chris de Sarandy,75,4302
Eu Sento Gabu!,PXLWYSE,75,4303
Olvidarte (feat. Emilia),Gordo|Emilia,75,4304
Doot Doot (6 7),Skrilla,75,4311
Heart Of A Woman,Summer Walker,75,4314
Music Sounds Better With You - Radio Edit,Stardust|Benjamin Diamond|Alan Braxe|Thomas Bangalter,75,4335
Born to Be Alive - The Original,Patrick Hernandez,75,4341
Hooked On A Feeling,Blue Swede|Björn Skifs,75,4403
"Double Life - From ""Despicable Me 4""",Pharrell Williams,75,4409
Like a Prayer - Choir Version From “Deadpool & Wolverine”,I'll Take You There Choir,75,4423
21,Gracie Abrams,75,4439
All Of The Girls You Loved Before,Taylor Swift,75,4440
SMOKE THE PAIN AWAY,Calvin Harris,75,4464
Foi Mal Deus - Ao Vivo,Hugo & Guilherme,74,4465
Desapaixona Eu - Ao Vivo,Clayton & Romário|NATTAN,74,4467
Apagar (Fundo Raso),Ferrugem,74,4468
Neal,Sidhu Moose Wala|Mxrci,74,4469
Not Like That Anymore,Lola Young,74,4470
La Del Proceso,Grupo Frontera|Manuel Turizo,74,4471
BAILAME ASI,Katteyes|Jere Klein|Lucky Brown,74,4475
Lover Girl,Laufey,74,4476
Blancanieves,Natanael Cano,74,4477
DÉSOLÉE,ANNA,74,4483
Me Ama Consciente - Ao Vivo,Kaique e Felipe|Murilo Huff,74,4485
"Zamaana Lage (From ""Metro ... In Dino"")",Pritam|Arijit Singh|Shashwat Singh|Qaisar-Ul-Jafri|Sandeep Srivastava,74,4486
Ama Um Maloqueiro,Rafa e Junior|Hugo & Guilherme|DJ Ari SL,74,4487
ONLINE,ARIA BELA,74,4488
COM MEDO!,Sayfalse|Scythermane,74,4489
REGALO DE DIOS,Gabito Ballesteros|Carin Leon,74,4490
Shaky,Sanju Rathod|G-SPXRK,74,4491
Leave Me Alone,Reneé Rapp,74,4494
Apaga la luz,RØZ|Peso Pluma,74,4495
Tere Bina Na Guzara E,Josh Brar,74,4496
Amore Disperato,Achille Lauro,74,4497
h4rdjump_1988 - Ultra Slowed,$werve,74,4498
Blue Eyes,Yo Yo Honey Singh,74,4499
Idea 22,Gibran Alcocer,74,4500
"Tumhare Hi Rahenge Hum (From ""Stree 2"")",Sachin-Jigar|Varun Jain|Shilpa Rao|Amitabh Bhattacharya,74,4501
"Aayi Nai (From ""Stree 2"")",Sachin-Jigar|Pawan Singh|Simran Choudhary|Divya Kumar|Amitabh Bhattacharya,74,4502
Wind Down,Calmly,74,4504
Interstellar,Calmly,74,4505
Quiet Galaxy,Calmly,74,4506
A Quiet Dawn,Calmly,74,4507
Flowing,Calmly,74,4508
Weightless,Calmly,74,4509
Stars And Dreams,Calmly,74,4510
Gentle Journey,Calmly,74,4511
Winter Nights,Calmly,74,4512
"Milo J: Bzrp Music Sessions, Vol. 57",Bizarrap|Milo j,74,4513
Extasy,Myke Towers,74,4515
JOGO DE TOLOS,Scythermane|luc wall|Lurk,74,4516
Museo,Eliza Maturan,74,4517
Te Ire A Buscar,Santa Fe Klan|Nanpa Básico,74,4518
Darte Remix,Alex Rose|Casper Magico|Ñengo Flow|Bryant Myers|Noriel|Juhn|Miky Woodz|JHAYCO|Myke Towers,74,4519
Julieta,LATIN MAFIA,74,4521
Over The Moon,TOMORROW X TOGETHER,74,4522
All I Need,Lloyd,74,4524
Forever You and Me,The Teskey Brothers,74,4525
Overwhelmed (Ryan Mack Remix),Ryan Mack,74,4526
New Jeans - Jersey Club - Slowed Down,Dxrkaii|Jiandro,74,4528
her,JVKE,74,4529
Dynasty,MIIA,74,4530
Last Christmas,Wham!,74,4531
GOOD LOYAL THOTS,Odetari,74,4533
Pretend,alex_g_offline,74,4534
Sleepless,AVAION|PaulWetz|Nu Aspect|YUMA,74,4535
bitches broken hearts,Billie Eilish,74,4536
Six Feet Under,Billie Eilish,74,4537
Lobster,RJ Pasin,74,4538
On My Way,Alan Walker|Sabrina Carpenter|Farruko,74,4539
Sugar Sweet,Benson Boone,74,4540
FRANCHISE (feat. Young Thug & M.I.A.),Travis Scott|Young Thug|M.I.A.,74,4542
Boulevard of Broken Dreams,Green Day,74,4544
You Know You Like It,DJ Snake|AlunaGeorge,74,4546
"Dia Masa Lalumu, Aku Masa Depanmu",Vionita,74,4551
Ngertenono Ati - NDX A.K.A. Version,NDX A.K.A.,74,4558
Peradaban,.Feast,74,4561
penjaga hati,Nadhif Basalamah,74,4562
Samjho Na,Aditya Rikhari,74,4570
かわいいだけじゃだめですか？,CUTIE STREET,74,4571
Él No Es Tuyo,Yeri Mua|Bellakath|Uzielito Mix,74,4575
Dancing in the Sky,Sam Barber,74,4576
Rich Men North of Richmond,Oliver Anthony Music,74,4577
wildflower,yung kai,74,4578
MUTT (feat. Chris Brown) [CB REMIX],Leon Thomas|Chris Brown,74,4579
TE CANTO BAJITO,Blessd|Anuel AA|SOG,74,4580
Love Me To Heaven,Jonas Brothers,74,4581
Cradles,Sub Urban,74,4585
Corazón Puro,Rvfv|Morad|Rels B,74,4586
KOCHASZ?,Sobel|francis|Deemz,74,4590
Shorty Party,Cartel De Santa|La Kelly,74,4591
Old Love,yuji|putri dahlia,74,4593
Slow Down (feat. Jorja Smith) - Vintage Culture & Slow Motion Remix,Maverick Sabre|Jorja Smith|Vintage Culture|Slow Motion,74,4594
Sen Bilmezsin,Dedublüman,74,4596
Love Is a Bitch,Two Feet,74,4603
Mood Malandro,Código FN|Gabito Ballesteros,74,4614
Skin de Bandida,Oscar Maydon|Junior H|Gabito Ballesteros,74,4616
La Ocasión,DJ Luian|Mambo Kingz|De La Ghetto|Arcángel|Ozuna|Anuel AA,74,4619
The Heart Wants What It Wants,Selena Gomez,74,4621
Cero Empatía,Julión Álvarez y su Norteño Banda,74,4623
Solo Me Dejaste,Grupo Marca Registrada,74,4626
Better When I'm Dancin',Meghan Trainor,74,4630
Chandelier,Will Paquin,74,4634
Pursuit Of Happiness - Extended Steve Aoki Remix,Kid Cudi|MGMT|Ratatat|Steve Aoki,74,4636
GMFU (w/ 6arelyhuman),Odetari|6arelyhuman,74,4638
Arriba la Compañía,LOS DOS DE TAMAULIPAS,74,4644
Amorfoda,Bad Bunny,74,4645
Pa Ti,Bad Bunny|Bryant Myers,74,4646
Lo Que Hay X Aquí,La Receta,74,4647
Dancing In The Moonlight (feat. NEIMY),Jubël|NEIMY,74,4653
Bam Bam (feat. Ed Sheeran),Camila Cabello|Ed Sheeran,74,4654
Boy's a liar Pt. 2,PinkPantheress|Ice Spice,74,4656
KU LO SA - A COLORS SHOW,Oxlade,74,4657
Half of forever,Henrik,74,4659
Un-thinkable (I'm Ready) (feat. Drake) - Remix,Alicia Keys|Drake,74,4666
Burbujas de Cristal,Cartel De Santa|Millonario,74,4670
C'est La Vie,Claude,74,4672
ROXANNE,Arizona Zervas,74,4675
Ve Haaniyaan,Danny|Avvy Sra|Sagar,74,4677
Chambal K Dakku,Masoom Sharma|Rahul Muana|Swara Verma|Ruba Khan,74,4678
Lofar,Masoom Sharma|Swara Verma,74,4679
2 Khatole,Masoom Sharma|Manjeet Mor|Chahal Saab|Vikash Rajana,74,4680
Love Potions Slowed and Reverbed,BJ Lips|princess paparazzi|BJ Lips HDD,74,4683
Sen Kaldın,Semicenk,74,4684
Tell Me,Karan Aujla|OneRepublic|Ikky,74,4686
Stay With Me,1nonly,74,4688
obsessed,zandros|Limi,74,4693
Close Eyes,DVRST,74,4697
White Brown Black,Avvy Sra|Karan Aujla|Jaani,74,4700
"Dekhha Tenu (From ""Mr. And Mrs. Mahi"")",Mohammad Faiz|Jaani,74,4701
Lalala,Y2K|bbno$,74,4705
Zaroor,Aparshakti Khurana|Savi Kahlon,74,4711
Mann Mera,Gajendra Verma,74,4712
Play with Fire (feat. Yacht Money),Sam Tinnesz|Yacht Money,74,4716
Hablemos,Ariel Camacho y Los Plebes Del Rancho,74,4719
MMXX's,Virlan Garcia,74,4720
Instinto - Ao Vivo,Gamadinho,74,4723
AANKH,Sunidhi Chauhan|Rusha & Blizza,74,4725
Aaye Haaye (Feat. Nora Fatehi),Karan Aujla|Neha Kakkar|Jay Trak,74,4727
SE FUE,Moncho Chavea|Morad,74,4728
Sepenuh Hati,Rony Parulian|Andi Rianto,74,4732
"Ranjha (From ""Shershaah"")",Jasleen Royal|B Praak|Romy,74,4733
"Sithira Puthiri - From ""Think Indie""",Sai Abhyankkar|Vivek,74,4734
"Taras - From ""Munjya""",Sachin-Jigar|Jasmine Sandlas|Amitabh Bhattacharya,74,4736
Malang Sajna,Sachet Tandon|Parampara Tandon|Kumaar|Sachet-Parampara,74,4737
"Mere Sohneya (From ""Kabir Singh"")",Sachet Tandon|Parampara Tandon|Sachet-Parampara,74,4738
"Kaise Hua (From ""Kabir Singh"")",Vishal Mishra|Manoj Muntashir,74,4739
Paper Soldier (feat. Joony),Brent Faiyaz|Joony|ISO Supremacy,74,4744
your favorite dress,Lil Peep|Lil Tracy,74,4745
Banquinho - Ao Vivo,Felipe e Rodrigo,74,4747
Dois Enganados,Murilo Huff|Marília Mendonça,74,4748
Hoje em Dia é Difícil Encontrar - Versão BH,MC Xangai|DJ DAVY FELIPE|DJ TAK VADIÃO,74,4749
Mônaco Freestyle,Veigh|Supernova Ent,74,4753
Eu sou Cantor Não Sou Bandido,Mc Lele JP|MC Marks|MC Leozinho ZS|MC Joãozinho VT,74,4755
Humnava Mere,Jubin Nautiyal|Manoj Muntashir,74,4763
"Golden Sparrow (From ""Nilavuku En Mel Ennadi Kobam"")",G. V. Prakash|Arivu|Dhanush|Sublahshini,74,4764
"Sawadeeka (From ""Vidaamuyarchi"")",Anirudh Ravichander|Anthony Daasan|Arivu,74,4765
Mind Games,Sickick,74,4766
コロンブス,Mrs. GREEN APPLE,74,4772
Follow You To Virgie (OurVinyl Sessions),Tyler Childers|OurVinyl,74,4777
Duvido - Ao Vivo,Turma do Pagode|Ferrugem|Mumuzinho,74,4782
Por Mi México (Remix),Lefty Sm|Santa Fe Klan|Dharius|C-Kan|MC Davo|Neto Peña,74,4786
Suffering,Jorge Rivera-Herrans|Anna Lea,74,4793
Warrior of the Mind,Jorge Rivera-Herrans|Teagan Earley|Cast of EPIC: The Musical,74,4794
Just a Man,Jorge Rivera-Herrans|Cast of EPIC: The Musical,74,4795
God Games,Jorge Rivera-Herrans|Teagan Earley|Luke Holt|Brandon McInnis|Mike Rivera|Janani K. Jha|Earle Gresham Jr.|POESY|Cast of EPIC: The Musical,74,4796
Chambre 04,DJ Kawest|Attachingboy,74,4797
Mauvais Garçon,Helena,74,4798
Olha pra Cara de Quem Te...,MC LUUKY|MC Jvila|DJ Dael,74,4799
Falou Rodeio,Brenno & Matheus,74,4800
Xonei,Jorge & Mateus|Henrique & Juliano,74,4802
O Meu Coração Em Suas Mãos (Colgando en tu manos) - Ao Vivo,Hugo & Guilherme|Maiara & Maraisa,74,4805
Chapa Máxima,Boladin 211|MC Rick|MC Leozinho ZS|CAO$|Dj Lv Mdp,74,4806
300 no 7,MC GP|MC Jvila|MC LUUKY|Dj Yuri Pedrada,74,4808
Toma Que Toma,Mc Negão Original|MC Cebezinho|Dj Yuri Pedrada|Mc Fidelis|MC GP|MC Jvila,74,4809
Paredões,Grelo|Henrique & Juliano,74,4810
Sexta Feira Hoje Tem,MC Ryan SP|Mc IG|DJ Japa NK|Boladin 211|MC LUUKY|Mc Negão Original|Nilo,74,4812
Porsche Azul,Felipe Beats|Zé Felipe|Vitor Daslent's,74,4813
"24/7, 365",elijah woods,74,4814
You're Still The One,Teddy Swims,74,4815
Una Foto Remix (feat. Emilia),Mesita|Nicki Nicole|Tiago PZK|Emilia,74,4817
Destino o casualidad,Melendi|Ha*Ash,74,4821
En Tu Perra Vida,Grupo Firme|Lenin Ramírez,74,4824
Un Finde | CROSSOVER #2,Big One|FMK|Ke Personajes,74,4830
JOYRIDE.,Kesha,74,4839
DAMME 'NA MANO,Tony Effe,74,4841
a última dança,Link do Zap|pluglip,74,4844
Odysseus,Jorge Rivera-Herrans|Jamie Wiltshire|Dennis Diaz|Tristan Caldwell|Miguel Veloso|Cast of EPIC: The Musical,74,4845
It Isn’t Perfect But It Might Be - from “Bridget Jones: Mad About the Boy” Original Motion Picture Soundtrack,Olivia Dean,74,4846
Vem Novinha pro Cafofo,Trovão no Beat|Mc Gw,74,4847
Tantão,US Agroboy|Brenno & Matheus|DJ Ari SL,74,4849
Confortas Pero Dañas,Kidd Voodoo|Resonancia Etérea,74,4854
Get You The Moon (feat. Snøw),Kina|Snøw,74,4858
Scared Of Loving You,Selena Gomez|benny blanco,74,4859
Fake ID (Coke & Rum Remix),Riton|Kah-Lo|GEE LEE,74,4863
WE PRAY - Single Version,Coldplay|Little Simz|Burna Boy|Elyanna|TINI,74,4865
Still Sleepless,D.O.D|Carla Monroe,74,4866
Miku,Anamanaguchi|Hatsune Miku,74,4876
風神,Vaundy,74,4877
Respective,different spaces,74,4879
アイドル,YOASOBI,74,4880
BOOMBAYAH,BLACKPINK,74,4888
Permission to Dance,BTS,74,4889
MONEY,LISA,74,4891
Bubble Gum,NewJeans,74,4892
Midas Touch,KISS OF LIFE,74,4893
FEVER,ENHYPEN,74,4894
Drunk-Dazed,ENHYPEN,74,4895
Lucky Girl Syndrome,ILLIT,74,4897
Hugs & Kisses,JISOO,74,4901
96ers,HxW,74,4902
Air,YEJI,74,4903
Asesina,Brytiago|Darell,74,4908
HOLANDA,Linea Personal,74,4909
El 3,Victor Mendivil|Oscar Maydon,74,4910
Amapolas,Leo Rizzi,74,4912
La Guerita,Grupo Marca Registrada,74,4922
FIRST LOVE,Oscar Ortiz|Edgardo Nuñez,74,4923
Abcdario,Eden Muñoz|Junior H,74,4924
Vente Pa' Ca (feat. Maluma),Ricky Martin|Maluma,74,4955
El Cielo,Sky Rompiendo|Feid|Myke Towers,74,4958
Te Boté - Remix,Nio Garcia|Casper Magico|Bad Bunny|Darell|Ozuna|Nicky Jam,74,4970
OA,Anuel AA|Quevedo|Maluma|Mambo Kingz|DJ Luian,74,4971
Pégate,Standly,74,4972
La Víctima,Xavi,74,4979
No Te Quieren Conmigo,Gaby Music|Lunay|Luar La L,74,4980
ELOVRGA,Alex Favela|Grupo Marca Registrada|Joaquin Medina,74,4981
Cuando Te Vi | CROSSOVER #5,Big One|Maria Becerra|Trueno,74,4982
Déjame Pensar,Cris Mj|FloyyMenor|Panda Black,74,4986
SHAOLIN,Seyi Vibez,74,4989
Freaks,Timmy Trumpet|Savage,74,5004
Breaking Me,Topic|A7S,74,5005
Be Mine,Ofenbach,74,5009
Get Up (Rattle) [feat. Far East Movement] - Vocal Edit,Bingo Players|Far East Movement,74,5010
Namumula,Maki,74,5017
Awolowo,Fido,74,5018
Joy is Coming,Fido,74,5019
i wonder... (with Jung Kook of BTS),j-hope|Jung Kook,74,5026
Wonder,Megan Moroney,74,5032
Jersey Giant,Evan Honer|Julia DiGrazia,74,5039
Solo,Myles Smith,74,5056
Remember That Night?,Sara Kays,74,5057
Crazy What Love Can Do,David Guetta|Becky Hill|Ella Henderson,74,5060
Set You Free,Jack Harlow,74,5084
"10,000 Hours (with Justin Bieber)",Dan + Shay|Justin Bieber,74,5087
Quitter,Cameron Whitcomb,74,5090
Numb,Marshmello|Khalid,74,5101
Run It,Jelly Roll,74,5102
Killswitch Lullaby,Flawed Mangoes,74,5108
i was only temporary,my head is empty,74,5110
Cariño,The Marías,74,5125
Hell N Back,Bakar,74,5131
Let's Go Back,Jungle,74,5133
Born To Love Ya,Gabry Ponte|Sean Paul|NATTI NATASHA,74,5138
It's That Time - FISHER Remix,Marlon Hoffstadt|FISHER,74,5139
X-TALI,MXCCREE|DJ GL3CHEKY,74,5140
BRUXO FANTASMA - SUPER SLOWED,LXNGVX|Dj Gabriel do Borel,74,5142
DNA,LXNGVX|VISXGE,74,5143
RAVE,Dxrk ダーク,74,5144
MAZKO - Slowed,S4nri0|MC LyC4N,74,5145
UH VEI VEI,KREZUS,74,5147
MTG - RITMO ZELDA - Super Slowed,JXM|Polaris,74,5148
B.O.T.A. (Baddest Of Them All) - Edit,Eliza Rose|Interplanetary Criminal,74,5149
Rock My Body,R3HAB|INNA|Sash!,74,5150
Asking,Sonny Fodera|MK|Clementine Douglas,74,5151
Miracle (with Ellie Goulding),Calvin Harris|Ellie Goulding,74,5152
Finally,Swedish House Mafia|Alicia Keys,74,5153
Tell Me,Sonny Fodera|Clementine Douglas,74,5154
"Patadas de Ahogado / LATÍN MAFIA, HUMBE - Rework",HUGEL,74,5155
Forever (feat. Malou & Yuna),HUGEL|Diplo|Malou|Yuna,74,5156
Si Ai - Marshmello & UKAY Remix,Tayna|Marshmello|UKAY,74,5157
NOW IT'S GONE,IN PARALLEL,74,5158
Search & Rescue,Drake,74,5164
OUT OUT (feat. Charli XCX & Saweetie),Joel Corry|Jax Jones|Charli xcx|Saweetie,74,5167
Freak,Doja Cat,74,5168
Tusa,KAROL G|Nicki Minaj,74,5176
"Young Miko: Bzrp Music Sessions, Vol. 58",Bizarrap|Young Miko,74,5179
Solita,Ozuna|Mambo Kingz|DJ Luian|Bad Bunny|Wisin|Almighty,74,5183
Alley Oop,Nigo|Peso Pluma|Duki,74,5186
Sexy Woman,La Mano 1.9,74,5189
EX ASS,iZaak|De La Rose,74,5191
Cobro,De La Rose,74,5192
GANG,Kairo Keyz,74,5206
It's Up (feat. Young Thug & 21 Savage),Drake|Young Thug|21 Savage,74,5207
Push Ups,Drake,74,5208
Not Fair,Niklas Dee|Old Jim|Enny-Mae,74,5212
Bulletproof,La Roux|GAMPER & DADONI,74,5213
Dernière danse - Techno Mix,Indila|BENNETT,74,5214
"Baddadan (feat. IRAH, Flowdan, Trigga & Takura)",Chase & Status|Bou|Flowdan|IRAH|Trigga|Takura,74,5215
Alibi (feat. Rudimental),Ella Henderson|Rudimental,74,5216
GOT DAMN,Gunna,74,5226
Little Things,Ella Mai,74,5231
Call on Me - Radio Mix,Eric Prydz,74,5294
With You,Dean Lewis,74,5321
In My Room,Julia Wolf,74,5322
COPYCAT,Billie Eilish,74,5327
High Fashion,Addison Rae,74,5337
Weathervane,Hunter Metts,74,5346
On and On and On,Klara Hammarström,74,5356
You and I,d4vd,74,5374
Hold My Hand,Lady Gaga,74,5375
Angels For Each Other,Martin Garrix|Arijit Singh,74,5392
Stecu Stecu,Faris Adam,73,5393
MAŞALLAH,Doğukan Sarıtaş|Reynmen,73,5394
Tak Kan Terganti,Shabrina Leanor|Yovie Widianto,73,5395
2+2,Omar Camacho|Victor Mendivil,73,5396
Reggaeton,Amo|Nimo,73,5405
Alles oder Nix,SSIO,73,5406
Ishq Mera (Feat. Esha Gupta),Jubin Nautiyal|Akashdeep Sengupta|Mukund Suryawanshi,73,5407
Bate,DENNIS|Luísa Sonza|Kenia OS,73,5410
Mosmor Perde,BLOK3,73,5411
No Turning Back II,Gaise Baba|Lawrence Oyor,73,5412
Kör Sevdam,Zeynep Bastık,73,5414
Gold,Myles Smith,73,5416
BELLYDANCE,Motive,73,5417
Pa las girlas (con DJ Urba) - Remix,Mattei|Arcángel|De La Ghetto|Jowell & Randy|DJ Urba,73,5418
YELLOW,TREASURE,73,5419
Mera Mann,Juss|MixSingh,73,5420
Woops,Dj Bountyhunter,73,5421
Quem de Nós Dois - Ao Vivo,Léo Foguete,73,5422
Mi Carta,Beéle,73,5424
City Girl,Shanti Dope,73,5425
Idea 15,Gibran Alcocer,73,5426
Morar Nesse Motel,Gusttavo Lima,73,5427
真っ白,Fujii Kaze,73,5428
Gyal You a Party Animal,Charly Black,73,5429
Bênçãos Que Não Têm Fim (Counting My Blessings),Isadora Pompeo,73,5431
GELME İSTEMEM,BLOK3,73,5433
Estranghero,Cup of Joe,73,5434
Another Dimension,Calmly,73,5436
Soft,Calmly,73,5437
Winter,Calmly,73,5438
Night Waves,Calmly,73,5439
Gentle Waves,Calmly,73,5440
Close Your Eyes,Calmly,73,5441
Tony Montana,Victor Mendivil|Yng Lvcas,73,5442
Toda (Remix),Alex Rose|Rauw Alejandro|Lenny Tavárez|Cazzu|Lyanno,73,5445
Tutta L'Italia,Gabry Ponte,73,5447
Rote Flaggen,Berq,73,5449
Ma Baby,Jazeek,73,5450
Up From the Bottom,Linkin Park,73,5451
Un Ratito Mas,Bryant Myers|Bad Bunny,73,5455
¿Qué Nos Pasó?,Anuel AA,73,5456
dying on the inside,Nessa Barrett,73,5462
The Lost Soul Down - Slowed & Reverb,NBSPLV,73,5467
Replay,Tems,73,5476
comethru,Jeremy Zucker,73,5477
U Are My High (with Future),DJ Snake|Future,73,5482
i,Kendrick Lamar,73,5483
Stay Schemin,Rick Ross|French Montana|Drake,73,5485
A Cold Sunday,Lil Yachty,73,5489
Sunset,LUCKI,73,5490
Starlight,Dave,73,5491
Lost in London,張哲瀚,73,5492
Abadi - Indo Version,Dendi Nata,73,5493
"Tokyo Drift (Fast & Furious) - From ""The Fast And The Furious: Tokyo Drift"" Soundtrack",Teriyaki Boyz,73,5495
Mundo,IV Of Spades,73,5496
Ikot,Over October,73,5501
Shackles,Steven Rodriguez,73,5506
High No More,Hajaj,73,5508
Stevie Doesn't Wonder,Hotel Ugly,73,5509
Mencintaimu - (From: 2nd Miracle in Cell No.7),Mahalini,73,5516
Shouldn't Be,Luke Chiang,73,5518
Lemonade,Diljit Dosanjh,73,5519
Dil Nu,AP Dhillon|Shinda Kahlon,73,5520
CINEMA (Lee Know & Seungmin),Stray Kids,73,5522
Burnin’ Tires (Changbin & I.N),Stray Kids,73,5523
Priti,Danny Ocean|Sech,73,5524
Shameless,Avenoir,73,5525
Resah Jadi Luka,Daun Jatuh,73,5530
Bagaimana Kalau Aku Tidak Baik Baik Saja,Judika,73,5531
Mất Kết Nối,Dương Domic,73,5533
MONTAGEM PIXELS - Ultra Slowed,DJ MH,73,5535
your name forever,mgk,73,5537
Miss Miss,Rob Deniel,73,5538
Kahani Suno 2.0,Kaifi Khalil,73,5539
La La La,Dhanda Nyoliwala,73,5542
Sakladığın Bir Şeyler Var,Dedublüman,73,5544
CARRÉ OK,Soolking|GIMS,73,5546
Northern Attitude (with Hozier),Noah Kahan|Hozier,73,5551
Carry You Home (feat. Ella Henderson),Alex Warren|Ella Henderson,73,5552
Heartbreaker,Warren Zeiders,73,5554
El Amor De Tu Vida,Carin Leon|Tony Melendez,73,5566
Alch Si,Carin Leon|Grupo Frontera,73,5568
El Gerry,Neton Vega,73,5569
TQM,Fuerza Regida,73,5570
Aloha,Maluma|Beéle|Rauw Alejandro|Mambo Kingz|DJ Luian|Darell,73,5571
In My Room,Frank Ocean,73,5572
Hell's Comin' with Me,Poor Man's Poison,73,5576
Last Kiss,Pearl Jam,73,5581
Love Is The Only Thing,Lost Frequencies,73,5582
Don't Be Shy,Tiësto|KAROL G,73,5583
Sunflower,Rex Orange County,73,5587
Losing It,FISHER,73,5589
green to blue - slowed + reverbed,daniel.mp3,73,5594
Make You Mine,PUBLIC,73,5596
Soy Peor,Bad Bunny,73,5599
CHAPA,Yailin la Mas Viral|Puyalo Pantera,73,5600
Cholo 7,Fuerza Regida|Luis R Conriquez,73,5601
Hey Lover,The Daughters Of Eve,73,5605
Constellations,Jade LeMac,73,5606
My Home,Myles Smith,73,5617
+82 Pressin',MARK|HAECHAN,73,5622
antidepressants,bbno$,73,5623
Usai,Tiara Andini,73,5625
"Katchi Sera - From ""Think Indie""",Sai Abhyankkar,73,5630
Asal Mein,Darshan Raval,73,5631
COULD BE WRONG,LOSTBOYJAY,73,5632
Marisola - Remix,Cris Mj|Duki|Nicki Nicole|Standly|Stars Music Chile,73,5633
all I want is you,Rebzyyx|hoshie star,73,5639
4 Morant (Better Luck Next Time),Com Truise,73,5641
Islands (kompa pasión),фрози|Tomo,73,5644
On My Own,Darci,73,5646
772 Love,YNW Melly,73,5647
Suicidal (feat. Juice WRLD) - Remix,YNW Melly|Juice WRLD,73,5648
I Could Be The One (Avicii Vs. Nicky Romero) - Radio Edit,Avicii|Nicky Romero,73,5656
Punta Cana,Victor Mendivil|Kevin AMF,73,5666
A Little Bit Harder Now,She Wants Revenge,73,5671
Tell Em,Cochise|$NOT,73,5673
if u could see me cryin' in my room,Arash Buana|raissa anggiani,73,5677
Kau Rumahku,raissa anggiani,73,5678
"Paththavaikkum (From ""Devara Part 1"")",Deepthi Suresh|Anirudh Ravichander|Vignesh Shivan,73,5687
Don’t Blink Or Stare (feat. Bloodhound Lil Jeff & CEO Trayle),BloodHound Q50|Bloodhound Lil Jeff|CEO Trayle,73,5692
Cukup,Ziva Magnolya,73,5693
Super Bowl LIX Halftime Show - Live,Kendrick Lamar|NFL,73,5695
Terlalu Cinta,Yovie Widianto|Lyodra,73,5697
Manjha,Vishal Mishra,73,5700
"Kesariya (From ""Brahmastra"")",Pritam|Arijit Singh|Amitabh Bhattacharya,73,5701
witchblades,Lil Peep|Lil Tracy,73,5708
Ovelhinha (Ao Vivo),Isadora Pompeo,73,5709
Manos Rotas,DELLAFUENTE|Morad,73,5712
Sabe Nós Dois (Lenga Lenga) - Ao Vivo,Lu & Rayane|Ícaro e Gilmar,73,5716
Macetada nas do Job,Mc Rodrigo do CN|MC 2jhow|DJ Cayoo|Mc Ws da leste,73,5717
HERZBLATT (AUA AUA),Tream|Mia Julia,73,5719
Mistérios,KayBlack|Murillo e LT no Beat,73,5724
Önümüz Yaz,Simge,73,5727
BRAPAP,ERAY067|Mansur|Organize|Batuflex,73,5728
Камин (feat. JONY),EMIN|JONY,73,5730
Let U Go,lucidbeatz,73,5731
You're Makin' Me High,DJ Katch|Amira Eldine,73,5733
Sa Susunod na Habang Buhay,Ben&Ben,73,5739
Freaky Friday (feat. Chris Brown),Lil Dicky|Chris Brown,73,5741
Into Your Arms (feat. Ava Max),Witt Lowry|Ava Max,73,5743
SPECIALZ,King Gnu,73,5751
Dear,Mrs. GREEN APPLE,73,5752
kAHpE,Lvbel C5|AKDO|ALIZADE,73,5771
Ruthlessness,Jorge Rivera-Herrans|Cast of EPIC: The Musical|Steven Rodriguez,73,5772
Keep Your Friends Close,Jorge Rivera-Herrans|Cast of EPIC: The Musical|Kira Stone|Anna Lea|Miguel Veloso|Armando Julián|Steven Rodriguez,73,5773
There Are Other Ways,Jorge Rivera-Herrans|Talya Sindel|Cast of EPIC: The Musical,73,5774
Done For,Jorge Rivera-Herrans|Talya Sindel,73,5775
The Underworld,Jorge Rivera-Herrans|Cast of EPIC: The Musical|Steven Dookie|Wanda Herrans,73,5776
Scylla,Jorge Rivera-Herrans|KJ Burkhauser|Armando Julián|Cast of EPIC: The Musical,73,5777
Open Arms,Jorge Rivera-Herrans|Steven Dookie,73,5778
The Horse and the Infant,Jorge Rivera-Herrans|Luke Holt|Cast of EPIC: The Musical,73,5779
Dangerous,Jorge Rivera-Herrans|TROY|Diana Rivera-Herrans,73,5780
Boyfriend,Dove Cameron,73,5781
Triplex - Ao Vivo,Matheus Fernandes|Matheus & Kauan,73,5782
Morena,NATTAN,73,5783
Romântico - Ao Vivo,Henrique & Juliano,73,5784
A Noite (feat. Gusttavo Lima),Natanzinho Lima|Gusttavo Lima,73,5790
Mó Fita,Dj Victor|MC Tuto|MC LUUKY|Mc Kadu,73,5792
Vida de Artista,MC Joãozinho VT|MC Tuto|Deejhay RB,73,5793
Pa´Que Te Acuerdes | CROSSOVER #8,Big One|Tiago PZK|La Joaqui,73,5795
Longe de Magnata,Deejhay RB|MC Tuto|MC Joãozinho VT|Borges|Chefin|Mc Kako|MC Vine7,73,5796
DARK ARIA <LV2>,SawanoHiroyuki[nZk]|XAI,73,5802
Várias Queixas,Gilsons,73,5803
Los del Espacio,LIT killah|Tiago PZK|Maria Becerra|Duki|Emilia|Rusherking|Big One|FMK,73,5808
La Jumpa,Arcángel|Bad Bunny,73,5814
Baila Baila Baila - Remix,Ozuna|Daddy Yankee|J Balvin|Farruko|Anuel AA,73,5815
light,wave to earth,73,5818
GODS,League of Legends|NewJeans,73,5819
Cool With You,NewJeans,73,5820
Dreamers [Music from the FIFA World Cup Qatar 2022 Official Soundtrack],Jung Kook|BTS|FIFA Sound,73,5821
Never Let Go,Jung Kook,73,5822
I'll Be There,Jin,73,5823
VERTEBRE,SETTEMBRE,73,5836
Grazie ma no grazie,Willie Peyote,73,5837
Se t'innamori muori,Noemi,73,5838
L'albero delle noci,Brunori Sas,73,5839
Se Essa Bunda For Uma Empresa,Chefin|LB Único,73,5846
Quem É Esse?,Julliany Souza,73,5847
MONTAGEM LADRAO,ATLXS|MXZI|Itamar Mc,73,5848
Dein Mann Freestyle,benno!,73,5849
DOCTOR,Luck Ra|Nicki Nicole,73,5853
Si Un Día Estás Sola | CROSSOVER #7,Big One|Emanero|Valentino Merlo,73,5854
En Otra Vida - Versión Cuarteto,Yami Safdie|Luck Ra|Q' Lokura,73,5855
COLOCARTELO,Renzo ED|elaggume,73,5857
Yalan,Ceren Sagu,73,5858
Só Rock 3,Major RD|Borges|MC Cabelinho|Rock Danger|Young Ganni|meLLo,73,5859
YEDA YUNG,YUNG DSA|Year Down,73,5860
Ranjheya Ve,Zain Zohaib,73,5861
Here With Me,Marshmello|CHVRCHES,73,5876
"Let Me Go (with Alesso, Florida Georgia Line & watt)",Hailee Steinfeld|Alesso|Florida Georgia Line|WATT,73,5877
Now Or Never,Pitbull|Bon Jovi,73,5878
If U Need It,Sammy Virji,73,5880
Addormentarsi,Natural Sample Makers,73,5881
Noise Rest,Ambi Val,73,5882
Tranquil Brown Noise,Noise Eternity,73,5883
Constellations - Piano Version,Jade LeMac,73,5886
Jungle,Alok|The Chainsmokers|Mae Stephens,73,5888
I'm an Albatraoz,AronChupa|Little Sis Nora,73,5889
Ambient White Tones,Hovar,73,5890
You're All I Want,Cigarettes After Sex,73,5896
Sometimes (Backwood),Gigi Perez,73,5897
Angel Baby,Troye Sivan,73,5898
KICK BACK,Kenshi Yonezu,73,5901
Spacecraft,BE:FIRST,73,5902
Rainy Mood,Sleepy Mood,73,5904
Soon,Loe Vida,73,5905
Clarify,Vau Dio,73,5906
晴る,ヨルシカ,73,5909
"Fill The Void (with Lily Rose Depp, Ramsey)",The Weeknd|Lily-Rose Depp|Ramsey,73,5910
FANCY,TWICE,73,5915
Kill This Love,BLACKPINK,73,5916
The Astronaut,Jin,73,5917
Fantastic Baby,BIGBANG,73,5919
Debut,KATSEYE,73,5922
CBZ (Prime time),BSS,73,5923
TEARS,JISOO,73,5924
I DO ME,KiiiKiii,73,5925
CORAZÓN VACÍO,Maria Becerra,73,5927
La Rompe Corazones,Daddy Yankee|Ozuna,73,5929
Fantasias,Rauw Alejandro|Farruko,73,5931
Antes de Morirme - feat. ROSALÍA,C. Tangana|ROSALÍA,73,5934
ALMAS GEMELAS,Myke Towers,73,5935
Tuss,Bryant Myers|Cris Mj,73,5939
LA REINA - REMIX,Lola Indigo|Maria Becerra|Villano Antillano,73,5940
Oe Bebé,Blessd|Maluma,73,5949
Le Pido a DIOS,Feid|DJ Premier,73,5950
Ya Te Olvide,Natanael Cano,73,5953
Un Beso Menos,ELENA ROSE|Morat,73,5959
Por Fin Te Encontré,Cali Y El Dandee|Juan Magán|Sebastian Yatra,73,5969
Calma - Remix,Pedro Capó|Farruko,73,5978
China,Anuel AA|Daddy Yankee|KAROL G|J Balvin|Ozuna,73,5980
FDSR,Ryan Castro|Maisak,73,5983
fantasmas,HUMBE,73,5991
Media Hora,Yan Block,73,5995
ESTE,El Alfa|Nfasis,73,5996
Kilerito,Brytiago|Anuel AA,73,5997
PPC,ROA|Hades66,73,5999
DESEO,JC Reyes|Sky Rompiendo,73,6000
COMO ESTRELLA,Calle 24|Fuerza Regida,73,6001
Nada Es Para Siempre,Danna Paola|Santa Fe Klan,73,6002
BBY BOO - REMIX,iZaak|JHAYCO|Anuel AA,73,6004
Monalisa,Lojay|Sarz|Chris Brown,73,6011
Funds (feat. ODUMODUBLVCK & Chike),Davido|ODUMODUBLVCK|Chike,73,6012
"Earned It (Fifty Shades Of Grey) - From The ""Fifty Shades Of Grey"" Soundtrack",The Weeknd,73,6029
Starving,Hailee Steinfeld|Grey|Zedd,73,6030
The Spectre,Alan Walker,73,6034
RATATATA,BABYMETAL|Electric Callboy,73,6040
Saan?,Maki,73,6046
Do It Again,Pia Mia|Chris Brown|Tyga,73,6049
Echo,RSCL|Repiet|Julia Kleijn,73,6057
smoke & a light,Ole 60,73,6079
Happy Face,Treaty Oak Revival,73,6081
Arkansas Diamond,Waylon Wyatt,73,6082
The Gold - Phoebe Bridgers Version,Manchester Orchestra|Phoebe Bridgers,73,6086
Session 32,Summer Walker,73,6097
Cheating on You,Charlie Puth,73,6107
Wonderwall - Spotify Singles,Bring Me The Horizon,73,6136
Hundred Mile High,Cameron Whitcomb,73,6144
Sunshine,OneRepublic,73,6152
Killshot - Slowed + Reverb,Magdalena Bay,73,6160
bad idea!,girl in red,73,6173
Christmas Kids,Roar,73,6174
Chemistry,Gigi Perez,73,6194
There’s a Field (That’s Only Yours),Daniel Caesar|Rex Orange County,73,6195
Basic Being Basic,Djo,73,6196
Delete Ya,Djo,73,6197
Hold Me Closer,Elton John|Britney Spears,73,6199
Move Your Body,Öwnboss|Sevek,73,6200
Saving Up,Dom Dolla,73,6201
BLOODY! - ULTRA SLOWED,M4GN|DJ Oliver Mendes,73,6202
RISADA CHUCK 01 - Super Slowed,-Prey,73,6203
PYTHON FUNK,RD12|Sayfalse,73,6204
Beeper Funk - Slowed,DJ Paulinho Mondi Da Baixa Baviera|Mc Vitorioso,73,6205
AVANGARD - Slowed,LONOWN,73,6206
MONTAGEM DIAMANTE ROSA - SLOWED,vtze archive|Mc Ster,73,6207
Funk de Beleza,Nateki|Scythermane,73,6208
Tell Me What You Want,Oden & Fatzo|Poppy Baskcomb,73,6209
Desire (with Sam Smith),Calvin Harris|Sam Smith,73,6210
Lioness,Swedish House Mafia|Niki & The Dove,73,6211
Where Did You Go? (feat. MNEK),Jax Jones|MNEK,73,6212
Focus (feat. CLOVES),John Summit|CLOVES,73,6214
My Love (2024),Alex Wann|Route 94|Jess Glynne,73,6218
Riot,XXXTENTACION,73,6220
MVP,Shubh,73,6244
Dame La Verde,Luar La L|Dei V,73,6251
Fruto,Bizarrap|Milo j,73,6253
"BESAME (feat. Tiago PZK, Khea & Neo Pistea) - Remix",Bhavi|Seven Kayne|Milo j|Tiago PZK|KHEA|Neo Pistea,73,6254
Burgis,Flow G|Hev Abi,73,6256
Babaero,gins&melodies|Hev Abi,73,6257
Boyfriend,ALLMO$T,73,6258
Wag Ipagsabi,Dreycruz|Bert Symoun,73,6259
Tu Me Quieres - Prod. by Higashi x Roberto Ferrante,Baby Gang|Omega|Higashi|Roberto Ferrante,73,6261
BIANCA (feat. Kid Yugi),RRARI DAL TACCO|Kid Yugi,73,6262
Hakayet,VEN1,73,6263
KARANLIK,Yung Kafa & Kücük Efendi|Motive|Jumpa,73,6266
HIGHJACK,A$AP Rocky|Jessica Pratt,73,6273
HEAT STICK,Shoreline Mafia|OHGEESY|Fenix Flexin,73,6274
Family Matters,Drake,73,6275
Life Is Good (feat. Drake),Future|Drake,73,6278
Can You Please (feat. GloRilla),GELO|GloRilla,73,6289
Bad Memories (feat. Elley Duhé & FAST BOY),MEDUZA|James Carter|Elley Duhé|FAST BOY,73,6291
Rainfall (Praise You),Tom Santa,73,6292
Just Wanna Rock,Lil Uzi Vert,73,6294
Little Girl Gone,CHINCHILLA,73,6295
Vegas (From the Original Motion Picture Soundtrack ELVIS),Doja Cat,73,6296
LET GO,Central Cee,73,6297
Children,Robert Miles,73,6333
Love Generation - Edit,Bob Sinclar|Gary Pine,73,6361
Rock This Party (Everybody Dance Now),Bob Sinclar|Cutee B.|DollarMan|Big Ali|Makedah,73,6362
Tell Me Why - Radio Edit,Supermode|Axwell|Steve Angello,73,6363
To Love Someone,Benson Boone,73,6398
NUNCA MUDA? - Slowed,Scythermane|NXGHT!|MC Fabinho da Osk,73,6401
my boy,Billie Eilish,73,6410
MAYBE.,SIENNA SPIRO,73,6423
One More Dance,d4vd,73,6424
Yihaa,Dolly Style,73,6425
Thick Of It (feat. Trippie Redd),KSI|Trippie Redd,73,6427
Who are you?,Saga Faye,73,6428
Te Felicito,Shakira|Rauw Alejandro,73,6437
This Is How It Feels (with Laufey),d4vd|Laufey,73,6458
Still Bad,Lizzo,73,6472
Caos De Alguém - Ao Vivo,Felipe e Rodrigo,72,6473
TABOLA BALE,Silet Open Up|Jacson Seran|Juan Reza|Diva Aurel,72,6474
Camisa de Força - Ao Vivo,Paulo e Nathan|Murilo Huff,72,6475
Bir Çift Göz,Norm Ender|Ebru Gündeş,72,6476
Adı Yok,Murat Dalkılıç,72,6477
CHÚPAME,Calle 24,72,6478
Tia Monika - Remix,Maman Fvndy,72,6479
Supercargada,LOS DOS DE TAMAULIPAS,72,6480
At Peace,Karan Aujla|Ikky,72,6481
Me Mareo,Kidd Voodoo|JC Reyes,72,6482
+ Te Vale,Yami Safdie|Emilia,72,6483
Chirapunji,Nihal Sadiq|Hanan Shaah,72,6484
Dame Un Grrr,Fantomel|Kate Linn,72,6486
On My Mind,Alex Warren|ROSÉ,72,6489
Bonde do Brunão,Bruno Mars,72,6490
Mi Vida Loca (VIVINOS - ALNST Sub : Till Part.1),AKUGETSU,72,6491
Áurea cósmica - Japanese Version [Super Slowed],Anar|MRL|DJ Angeos,72,6494
A Better World,David Guetta|Cedric Gervais,72,6500
Lemon Drop,ATEEZ,72,6503
Princesa - Ao Vivo,Gustavo Mioto|Ana Castela,72,6504
TaTaTa (feat. Travis Scott),Burna Boy|Travis Scott,72,6505
GRIT,BE:FIRST,72,6506
Snap,manifest,72,6507
Not At This Party - David Guetta Remix,Dasha|David Guetta,72,6509
samaná,Mau y Ricky|Danny Ocean|Yorghaki,72,6510
Bağışla,Funda Arar,72,6514
Som do Útero Infalível,MeditarSons,72,6515
Tas Texteandome,Katteyes|Kidd Voodoo,72,6517
"Tum Kya Mile (From ""Rocky Aur Rani Kii Prem Kahaani"")",Pritam|Arijit Singh|Shreya Ghoshal|Amitabh Bhattacharya,72,6520
Sesame Syrup,Cigarettes After Sex,72,6522
"Tauba Tauba (From ""Bad Newz"")",Karan Aujla,72,6523
Se Voce Nao Quer Passa a Vez,Mc Delux|DJ Guih Da ZO,72,6524
Fechando o Circo - Ao Vivo,Guilherme & Benuto|NATTAN,72,6525
"Hey Rangule (From ""Amaran"") (Telugu)",G. V. Prakash|Ramya Behara|Anurag Kulkarni|Ramajogayya Sastry,72,6527
"Jaanam (From ""Bad Newz"")",Vishal Mishra,72,6528
One More I Love You,Alex Warren,72,6531
LA CUEVA,Cazzu,72,6532
BAYBAY,BLOK3,72,6534
Kailan?,Maki,72,6535
The Night Is Quiet,Calmly,72,6537
Persia - Remix,Jossef|Jamby El Favo|Eix,72,6539
2MS,Nemzzz,72,6544
Ms. Jackson,Pashanim,72,6545
Yasemen,Afra,72,6550
Explícale (feat. Cosculluela & Brytiago) - Remix,Yandel|Bad Bunny|Noriel|Cosculluela|Brytiago,72,6552
Julietota,LATIN MAFIA,72,6553
QUICKIE,Cris Mj,72,6554
i don't know you anymore,sombr,72,6556
90s Rap Mashup,Austin Williams,72,6557
Debo Entender,Santa Fe Klan|Neto Peña|Yoss Bones,72,6560
pa quererte,Rels B,72,6562
Heaven Is A Place On Earth,W&W|AXMO,72,6563
Ikaw Pa Rin Ang Pipiliin Ko,Cup of Joe,72,6564
Please Be Rude,Gigi Perez,72,6566
apathy,Øneheart,72,6568
pussypodium - Slowed,akiaura|LONOWN,72,6572
next door (feat. ASTN),Amelia Moore|ASTN,72,6576
7 Weeks & 3 Days,yungatita,72,6577
The Lost Soul Down,NBSPLV,72,6578
Spotlight,Marshmello|Lil Peep,72,6581
Amigos y Enemigos (feat. Bad Bunny & Almighty) - Remix,Trap Capos|Noriel|Bad Bunny|Almighty,72,6582
Church,Chase Atlantic,72,6583
NARCISSISTIC PERSONALITY DISORDER,Odetari,72,6585
idfc,blackbear,72,6586
snowfall (Slowed + Reverb),Øneheart|reidenshi,72,6587
Wellerman - Sea Shanty,Nathan Evans,72,6589
Ginseng Strip 2002,Yung Lean,72,6592
Soñar,Morad,72,6593
Savage Love (Laxed - Siren Beat),Jawsh 685|Jason Derulo,72,6594
Promises (with Sam Smith),Calvin Harris|Sam Smith|Jessie Reyez,72,6597
On Me,Lil Baby,72,6600
Sports,Beach Bunny,72,6604
Attracted to You,PinkPantheress,72,6607
Leave Her,LUCKI,72,6612
THE SCOTTS,THE SCOTTS|Travis Scott|Kid Cudi,72,6614
Narcotic - Radio Edit,Liquido,72,6622
Tertawan Hati,Awdella,72,6624
Mahika,TJ Monterde,72,6625
Uhaw (Tayong Lahat),Dilaw,72,6626
Leonora,Sugarcane,72,6627
Wrong Times,Puppy|Dangrangto,72,6630
I can't do this,K3NT4!,72,6632
M.,Anıl Emre Daldal,72,6633
Lost,RSCL|it's murph|Twin Diplomacy|Jack August,72,6636
Mary On A Cross,Eibell,72,6638
Feed the Machine,Poor Man's Poison,72,6640
I Think I Left the Stove On,Hotel Ugly,72,6641
FUNK DO BALKAN,$werve|FXRCE|Mc Denny,72,6643
Holy Ghost,Omah Lay,72,6647
VERSIONS OF FOREVER,Matt Hansen,72,6648
NVMD,Denise Julia,72,6649
No Love,Shubh,72,6650
Check It Out,Parmish Verma|Paradox,72,6651
Alag Aasmaan,Anuv Jain,72,6652
ANTIDOTE,Karan Aujla,72,6653
Tension,Diljit Dosanjh,72,6654
I Follow Rivers - The Magician Remix,Lykke Li|The Magician,72,6656
El Amigo,Christian Nodal,72,6657
Una Nada Más,Los Ángeles Azules|Kenia OS,72,6658
Death Wish Love (From Twisters: The Album),Benson Boone,72,6661
Ben Değilim,Mela Bedel,72,6666
Victory Anthem,Khushi TDT|Lash curry|Audiocrackerr,72,6673
YK,Cean Jr.,72,6674
I Need You In My Li(f)e (ViuTV劇集 「無用的謊言」主題曲),Keung To,72,6677
Dù Cho Tận Thế,ERIK,72,6678
Bekleyenim,Aleyna Tilki,72,6679
wutiwant - SLOWD,saraunh0ly,72,6680
RomCom,Rob Deniel,72,6683
Sa Susunod Na Lang,PDL|Skusta Clee|Yuridope,72,6688
I GET IT,Moving in Silence|Lilaj|DaleoDaVinci,72,6690
Hass Hass,Diljit Dosanjh|Sia|Greg Kurstin,72,6693
Up To U,Dhanda Nyoliwala,72,6695
Knife Brows,Dhanda Nyoliwala,72,6696
Fallen,Lola Amour,72,6697
I Can't Fit In,Marino,72,6698
"Ella Y Yo (feat. Farruko, Ozuna, Arcangel, Anuel AA, Bryant Myers, Kevin Roldan, Ñengo Flow, Alexis La Bestia & Ñejo) - Remix",Pepe Quintana|Alexis La Bestia|Anuel AA|Arcángel|Bryant Myers|Farruko|KEVIN ROLDAN|Ozuna|Ñejo|Ñengo Flow,72,6699
Dile a Tu Amiga,Dalmata,72,6700
Seni Seven Kimdi,Derya Bedavacı,72,6701
Pélican,L2B,72,6702
Escapism. - Sped Up,RAYE|070 Shake,72,6703
From The D To The A (feat. Lil Yachty),Tee Grizzley|Lil Yachty,72,6705
Go Fuck Yourself,Two Feet,72,6711
Seguimos Laborando,Grupo 360,72,6726
YCQVM,Nueva H|Natanael Cano,72,6729
Dame Amor,Officialalex425,72,6733
Tal Vez Fui Yo,El Padrinito Toys,72,6734
"Natanael Cano: Bzrp Music Sessions, Vol. 59",Bizarrap|Natanael Cano,72,6736
That's Who I Praise,Brandon Lake,72,6738
did i tell u that i miss u - slowed,adore,72,6740
Again,Lenny Kravitz,72,6741
Feels Like Summer,Childish Gambino,72,6748
CRUSH,Sky Rompiendo|Dei V,72,6749
Phone Numbers,Dominic Fike|Kenny Beats,72,6755
Lo Que Siento,Cuco,72,6756
I'm so crazy for youuu </3,Rebzyyx,72,6758
this feeling,Øneheart,72,6764
stellar,.diedlonely|énouement,72,6766
Una Noche Más,Cobuz & Bustta|Beéle,72,6770
Me Acostumbre (feat. Bad Bunny),Arcángel|Bad Bunny,72,6771
Delincuente,Tokischa|Anuel AA|Ñengo Flow,72,6773
PA QUE LO BAILES (BAILALO ROCKY),Lomiiel,72,6774
El Plumas,Neton Vega|Luis R Conriquez,72,6775
Joven De La Sierra,Juan Freer,72,6776
Hey Lover!,Wabie,72,6777
IT GIRL,Aliyah's Interlude,72,6788
Coffee,beabadoobee,72,6789
pretty,JVKE,72,6791
Relationships,HAIM,72,6798
Orilla,8belial|Bad Gyal|Virtual Flavor,72,6799
9:45,Prabh Singh|Jay Trak|Rooh Sandhu,72,6801
Coqueta,Heredero,72,6803
Champagne & Sunshine,PLVTINUM|Tarro,72,6810
Dynasties & Dystopia (from the series Arcane League of Legends),Denzel Curry|Gizzle|Bren Joy|Arcane|League of Legends,72,6811
U Weren't Here I Really Miss You,Cult Member|Mia Martina,72,6813
Bhagatt Aadmi,Masoom Sharma|Anjali 99|Pranjal Dahiya|Aman Jaji,72,6814
Ek Khtola Jail Ke Bhitar,Masoom Sharma,72,6815
Pink Dreads,DDG|PlaqueBoyMax,72,6816
DERNIERE DANCE FUNK,ZODIVK|Sachin SSS|YXUNGXROTICA|MC KRAKEN,72,6817
Meet Her At The Love Parade - Slowed,Vieze Asbak,72,6819
Amnesia,La Santa Grifa,72,6822
Niña Elegante,La Santa Grifa,72,6823
Stay,King,72,6825
52 Bars,Karan Aujla|Ikky,72,6826
CHINGON,Martinwhite|NEMJ,72,6831
LOOK DON’T TOUCH (w/ cade clair),Odetari|cade clair,72,6834
One Take Freestyle,1900Rugrat,72,6836
All the Things She Said,Robin Schulz|Timmy Trumpet|KOPPY,72,6837
Waka,Noano|Emms,72,6838
Miss You,Nu Aspect|Jamis|Poppy Baskcomb,72,6839
You'll Be Safe Here,Rico Blanco,72,6845
She Said (Big Jet Plane),Trinix|Queen D,72,6847
CLYDE (I Hope at Least One of My Ex-Girlfriends Hears This),$uicideboy$,72,6850
up! up! up!,Mata,72,6853
"Pathikichu (From ""Vidaamuyarchi"")",Anirudh Ravichander|Yogi Sekar|Amogh Balaji,72,6855
"Channa Ve - From ""Bhoot - Part One: The Haunted Ship""",Mansheel Gujral|Akhil Sachdeva,72,6856
Wiege (VIVINOS - ALNST Original Soundtrack Part.9),BL8M|6FU;,72,6857
Amor a Primera Vista,Los Ángeles Azules|Belinda|Lalo Ebratt|Horacio Palencia,72,6863
"Dil Se Dil Tak (From ""Bawaal"")",Akashdeep Sengupta|Laqshay Kapoor|Kausar Munir|Suvarna Tiwari,72,6873
Cozy,Braxton Keith,72,6884
PRETTY PLEASE,Dutch Melrose|benny mayne,72,6886
Zihaal e Miskin,Javed-Mohsin|Vishal Mishra|Shreya Ghoshal,72,6889
"Sooseki (From ""Pushpa 2 The Rule"") [TELUGU]",Shreya Ghoshal|Devi Sri Prasad|Chandra Bose,72,6891
"Tere Hawaale (From ""Laal Singh Chaddha"")",Pritam|Arijit Singh|Shilpa Rao,72,6894
Qaafirana,Amit Trivedi|Arijit Singh|Nikhita Gandhi,72,6895
Deewana Kar Raha Hai,Javed Ali,72,6898
"Duniyaa (From ""Luka Chuppi"")",Akhil|Dhvani Bhanushali|Kunaal Vermaa|Abhijit Vaghani,72,6899
Pirai Thedum,Saindhavi|G. V. Prakash,72,6901
"Mere Yaaraa (From ""Sooryavanshi"")",Arijit Singh|Neeti Mohan|Rashmi Virag,72,6902
castles,Lil Peep|Lil Tracy,72,6903
25,Ati242,72,6904
Funk Secreto - Ultra Slowed,h6itam|STRAWANGLE|MC RP VK|MC Da 12,72,6907
Tua Ex É uma Delícia,Anderson Neiff|Mano Cheffe,72,6910
Voltável - Ao Vivo,Ícaro e Gilmar,72,6911
Caindo a Ficha - Ao Vivo,Kaique e Felipe|Felipe e Rodrigo,72,6913
Amantes da Foda,Mc Rodrigo do CN|DJ JOAO DA INESTAN,72,6914
Do Jeito Que Você Mete,DJ L30|MC Thaizinha,72,6915
We Fell Apart - Slowed,ANGUISH|AmbVsh|ily,72,6917
HER GÜN AĞLADIM,BEGE|Reynmen,72,6918
Deixe Me Ir (feat. Pablo Martins) - Acústico 1Kilo,1Kilo|Baviera|Knust|Pablo Martins,72,6926
Let's Go 4,Dj GBR|Mc IG|MC Ryan SP|MC PH|Mc Davi|Mc Luki|Mc Don Juan|Mc Kadu|TrapLaudo|MC GP,72,6929
Vampiro,Matuê|WIU|Teto,72,6930
Hoje o Dia Tá Bonito,MC Marks|GringoBeats808,72,6931
dance with me,lucidbeatz,72,6933
Papaya - Vaya Papayas,The Minions,72,6934
Lights Down Low (feat. Waka Flocka Flame),Maejor|Waka Flocka Flame,72,6938
Kathang Isip,Ben&Ben,72,6947
"Thodi Jagah (From ""Marjaavaan"")",Arijit Singh|Tanishk Bagchi|Rashmi Virag,72,6948
Guzarish,Javed Ali,72,6960
Tengo Claro,Banda MS de Sergio Lizárraga|Alfredo Olivas,72,6972
Teardrops,NEIL FRANCES,72,6974
Me Bloqueia (Ao Vivo),Ferrugem,72,6977
White Noise Slumber,Jim Efforts,72,6978
Brown Sleep Noise,Sleep Miracle,72,6979
I Was Made For Lovin’ You - from The Fall Guy,YUNGBLUD,72,6983
Pobre Corazón - En Vivo,Ke Personajes|Onda Sabanera,72,6984
NOTHING ELSE (feat. Thomas Rhett),Forrest Frank|Thomas Rhett,72,6986
CORA DE HIELO,RØZ|Natt Calma|Mau Moctezuma,72,6988
"Chale Aana (From ""De De Pyaar De"")",Amaal Mallik|Armaan Malik|Kunaal Vermaa,72,6995
Melhor Vibe,MC Ryan SP|Filipe Ret|Chefin|Caio Luccas|Dallass|Rocco,72,6996
Puppeteer,Jorge Rivera-Herrans|Armando Julián|Talya Sindel|Cast of EPIC: The Musical,72,6997
Monster,Jorge Rivera-Herrans|Cast of EPIC: The Musical,72,6998
Thunder Bringer,Jorge Rivera-Herrans|Luke Holt|Anna Lea|Armando Julián|Cast of EPIC: The Musical,72,6999
Different Beast,Jorge Rivera-Herrans|Anna Lea|Cast of EPIC: The Musical,72,7000
Full Speed Ahead,Jorge Rivera-Herrans|Armando Julián|Steven Dookie|Cast of EPIC: The Musical,72,7001
Little Wolf,Jorge Rivera-Herrans|Ayron Alexander|Teagan Earley|Miguel Veloso|Cast of EPIC: The Musical,72,7002
Legendary,Jorge Rivera-Herrans|Miguel Veloso|Ayron Alexander|Cast of EPIC: The Musical,72,7003
Get in the Water,Jorge Rivera-Herrans|Steven Rodriguez|Steven Dookie|Armando Julián|Wanda Herrans|Cast of EPIC: The Musical,72,7004
Not Sorry for Loving You,Jorge Rivera-Herrans|Barbara Wangui|Cast of EPIC: The Musical,72,7005
Me Ama Mesmo - Ao Vivo,Matheus & Kauan,72,7009
Pega Pega,Kiko Chicabana|Natanzinho Lima,72,7013
Fetiche - Ao Vivo,Lauana Prado|Cristinas,72,7015
Fim De Namoro - Ao Vivo,Henrique & Juliano,72,7016
Let's Go 5,Mc IG|MC Ryan SP|Mc Luki|MC PH|Mc Don Juan|Mc Poze do Rodo|MC Marks|MC GP|MC Tuto|TrapLaudo,72,7021
Butcher,Sosa La M|Luciano,72,7022
PLAYBOYBUNNIES,Jazeek|Luciano|Miksu / Macloud,72,7023
Gata - Barbie,MC Tuto|NATTAN|DG e Batidão Stronda|DJ Glenner,72,7025
Hate.,ThxSoMch,72,7026
Stereo Love,Edward Maya|Vika Jigulina,72,7029
Bebe Dame,Fuerza Regida|Grupo Frontera,72,7036
PRC,Peso Pluma|Natanael Cano,72,7039
Chale,Eden Muñoz,72,7043
Siempre Pendientes,Peso Pluma|Luis R Conriquez,72,7044
Nightcall,Kavinsky|Angèle|Phoenix,72,7046
Christmas Tree,V,72,7050
White Christmas (with V of BTS),V|Bing Crosby,72,7051
Manos de Tijera,Yiyo Sarante,72,7053
Duro De Verdad pt.2,Los Sufridos|Bad Gyal,72,7054
Mood,KeBlack,72,7057
MILLE VOTE ANCORA,Rocco Hunt,72,7066
FEBBRE,CLARA,72,7067
Friends (with BloodPop®),Justin Bieber|BloodPop®,72,7070
O Fogo Arderá - Ao Vivo,Alexsander Lucio,72,7072
MONTAGEM LADRAO - Slowed,ATLXS|MXZI|Itamar Mc,72,7073
Ballert auf Lautlos,ZAH1DE,72,7074
Sensação No Batidão - Solinho Envolvente,Marcynho Sensação,72,7078
Mil Preguntas,Q' Lokura|Luck Ra,72,7084
Un Besito Más,Salastkbron|Diel Paris,72,7086
love nwantiti (feat. Dj Yo! & AX'EL) - Remix,CKay|Dj Yo!|AX'EL,72,7094
Abrázame,Ángela Aguilar|Felipe Botello y El Sonoro Rugir,72,7095
"Taki Taki (with Selena Gomez, Ozuna & Cardi B)",DJ Snake|Selena Gomez|Ozuna|Cardi B,72,7100
Still White Noise,Cumulus Clouds,72,7103
Pause The Noise,Deep Horizon Waves,72,7104
Airplane Sleep Pt.1,Fabricants of Noise,72,7105
Relaxing Brown Noise 256 Hz Smooth Q,Jane Color,72,7106
Enemy - From the series Arcane League of Legends,Imagine Dragons|Arcane|League of Legends,72,7109
BUTTERFLY,MARINA,72,7112
I Think I Like When It Rains,WILLIS,72,7114
528 Hz Anxiety Relief,Miracle Tones|Solfeggio Healing Frequencies MT,72,7116
青のすみか,Tatsuya Kitani,72,7119
Bunny Girl,AKASAKI,72,7121
Rock this Party,timelesz,72,7122
Dreamy Rain,Rainded,72,7124
Rain Dream,Golden Drops,72,7125
Watch The Storm,Distantic,72,7126
Sunlit Pathway,Joudinoire,72,7127
Ember,Moon Whisperer,72,7128
UNDEAD,YOASOBI,72,7129
WORK,ATEEZ,72,7132
Spring Snow,10CM,72,7133
WHISTLE,BLACKPINK,72,7134
PLAYING WITH FIRE,BLACKPINK,72,7135
LOVE DIVE,IVE,72,7138
DDU-DU DDU-DU,BLACKPINK,72,7139
After LIKE,IVE,72,7140
Queencard,(G)I-DLE,72,7141
Sudden Shower,ECLIPSE,72,7145
"Baby, Not Baby",SEULGI,72,7146
Hoy no me siento bien,Alejandro Sanz|Grupo Frontera,72,7150
Te Amo,Piso 21|Paulo Londra,72,7152
23 Preguntas,Anuel AA,72,7153
La Llevo Al Cielo (Ft. Ñengo Flow),Chris Jedi|Anuel AA|Chencho Corleone|Ñengo Flow,72,7160
Solo,Amenazzy|Lary Over,72,7163
Velitas,Darell|Brytiago,72,7164
Me Reclama,Mambo Kingz|DJ Luian|Luigi 21 Plus|Ozuna,72,7165
Verte Ir,DJ Luian|Mambo Kingz|Anuel AA|Nicky Jam|Darell|Brytiago,72,7166
En Otra Vida - Con Carin Leon,Yami Safdie|Lasso|Carin Leon,72,7179
Qué Pecao,Manuel Turizo|Kapo,72,7183
Nostálgico,Rvssian|Rauw Alejandro|Chris Brown,72,7186
Corazón de Piedra,Xavi,72,7193
Amantes,Greeicy|Mike Bahía,72,7199
Ojos Verdes,Nicki Nicole,72,7215
La Mejor Versión de Mi - Remix,NATTI NATASHA|Romeo Santos,72,7217
Bandido,Myke Towers|Juhn,72,7218
Fale Então,Marshmello|Trueno,72,7223
Extrañándote,Zhamira Zambrano|Jay Wheeler,72,7228
Corazón Frío,Jasiel Nuñez|DannyLux,72,7229
MY LOVE,FloyyMenor|Lewis Somes,72,7234
BONNIE AND CLYDE - REMIX,iZaak|Luar La L|Omar Courtz,72,7235
2AM,Sebastian Yatra|Bad Gyal,72,7236
Juguete,Yan Block|NTG|SAIKO,72,7237
300 Noches,Belinda|Natanael Cano,72,7240
No_se_ve.mp3,Emilia|LUDMILLA|ZECCA,72,7245
AGORA,Maria Becerra,72,7247
noviogangsta <3,Emilia,72,7248
ROMEO,Anitta,72,7249
WHY LOVE,Asake,72,7253
"Still Falling For You - From ""Bridget Jones's Baby""",Ellie Goulding,72,7266
I Got U,Duke Dumont|Jax Jones,72,7267
Alone,Marshmello,72,7268
All Around The World (La La La),R3HAB|A Touch Of Class,72,7269
Lonely Together (feat. Rita Ora),Avicii|Rita Ora,72,7271
Hoodie (feat. Alisson Shore),Dionela|Alisson Shore,72,7299
La Pluie,Franglish|Dinos,72,7309
Savage,aespa,72,7314
Hurt,NewJeans,72,7316
Cookie,NewJeans,72,7317
Dash,PLAVE,72,7318
High Road,Zach Bryan,72,7329
What Are You Listening To?,Chris Stapleton,72,7331
Thinking 'Bout Love,Wild Rivers,72,7345
Thoughts of You,Ole 60,72,7347
OIL MONEY,Graham Barham,72,7348
Fix What You Didn't Break,Nate Smith,72,7349
LOW ROAD (feat. Avery Anna),Adrien Nunez|Avery Anna,72,7350
November Air,Zach Bryan,72,7355
SOMEONE TO YOU,Matt Hansen,72,7359
Locksmith,Sadie Jean,72,7360
Moral of the Story,Ashe,72,7362
Pray,Lauren Spencer Smith,72,7365
Not About Angels,Birdy,72,7376
Control,Zoe Wees,72,7377
Nobody But You,Sonder|Jorja Smith,72,7381
Jealous,Labrinth,72,7386
Can We Kiss Forever?,Kina|Adriana Proenza,72,7392
It'll Be Okay,Shawn Mendes,72,7393
Be Kind (with Halsey),Marshmello|Halsey,72,7394
Adieux,Ludovico Einaudi,72,7398
Veiled Remembrance,Mijongya,72,7399
Single Soon,Selena Gomez,72,7401
Magic In The Hamptons (feat. Lil Yachty),Social House|Lil Yachty,72,7402
Yellow Ledbetter,Pearl Jam,72,7408
Elevator Operator,Electric Callboy,72,7419
memories,leadwave,72,7449
you not the same,TileKid,72,7450
Steeeam,Shelly,72,7451
Hello?,Clairo|Rejjie Snow,72,7452
People Watching,Sam Fender,72,7455
War Of Hearts,Ruelle,72,7463
Black Sheep - Brie Larson Vocal Version,Metric|Brie Larson,72,7466
Goodie Bag,Still Woozy,72,7467
Beach Baby,Bon Iver,72,7469
Love Me Not (feat. Rex Orange County),Ravyn Lenae|Rex Orange County,72,7480
Gorah,Nitefreak|Emmanuel Jal,72,7483
Sweet Disposition - John Summit & Silver Panda Remix,The Temper Trap|John Summit|Silver Panda,72,7485
Pump It Up,Endor,72,7486
MONTAGEM VOZES PROFUNDAS - Ultra Slowed,DJ MAXZZ|DJ JL3 DA ZN|DJ CD 011|Mc Gw,72,7487
Sleepwalker,akiaura|LONOWN|STM,72,7488
GigaChad Theme - Phonk House Version,g3ox_em,72,7489
TREINAMENTO DE FORÇA,TRXVELER,72,7490
Orquestra Maldita,TRASHXRL|Mc Delux,72,7491
BRAZILIAN DANÇA PHONK,6YNTHMANE|RXDXVIL,72,7492
MASHA ULTRAFUNK,HISTED|TXVSTERPLAYA,72,7494
Remember,Becky Hill|David Guetta,72,7495
Good Love,Hannah Laing|RoRo,72,7496
Hold Me,Lavern,72,7497
adore u,Fred again..|Obongjayar,72,7498
Famax - Edit,RAFFA GUIDO,72,7499
Sauti,Francis Mercier|Faul & Wad|African Children's Choir,72,7500
PICK UP THE PHONE (feat. Nate Dogg),PAWSA|Nate Dogg,72,7501
NOW IT'S GONE - ELY OAKS REMIX,IN PARALLEL|Ely Oaks,72,7502
Freestyler (Rock The Microphone),Lost Frequencies|Bomfunk MC's,72,7503
The Less I Know The Better,Mau P,72,7504
act ii: date @ 8 (feat. Drake) - remix,4batz|Drake,72,7513
Tomorrow 2 (with Cardi B),GloRilla|Cardi B,72,7523
Barbie World (with Aqua) [From Barbie The Album],Nicki Minaj|Ice Spice|Aqua,72,7537
King Shit,Shubh,72,7540
Lock,Sidhu Moose Wala|The Kidd,72,7543
Las Piponas (Remix),Kris R.|Blessd,72,7545
Wag Na,Realest Cram|CK YG,72,7548
Too Easy,Connor Price|Nic D,72,7553
Alpha,Damso|Kalash,72,7556
Snap Yo Fingers,Lil Jon|E-40|Sean Paul,72,7558
WOKE UP,XG,72,7567
Insecurities,Lil Baby,72,7574
Hate Me,Lil Yachty|ian,72,7575
Sunshine (My Girl),Wuki,72,7579
Astronaut In The Ocean,Masked Wolf,72,7580
Drugs From Amsterdam,Mau P,72,7581
Tell Me Why - MEDUZA Remix,Supermode|MEDUZA,72,7582
Tell Ur Girlfriend,Lay Bankz,72,7583
Classy Girl,Turbo|Gunna,72,7590
Cover Me In Sunshine,P!nk|Willow Sage Hart,72,7602
Mr. Vain - Original Radio Edit,Culture Beat,72,7621
Music Sounds Better With You,Stardust|Benjamin Diamond|Alan Braxe|Thomas Bangalter,72,7622
ILBB2 (feat. GloRilla),Jorjiana|GloRilla,72,7666
Not At This Party,Dasha,72,7684
Nasty,Tinashe,72,7685
Aquamarine,Addison Rae,72,7686
Revolution,Måns Zelmerlöw,72,7693
Monotonía,Shakira|Ozuna,72,7700
FUFN (Fuck You For Now),JADE,72,7734
HOTBOX,Lil Nas X,72,7735
If Only I Could Wait,Bon Iver|Danielle Haim,72,7736
Fica com Deus - Ao Vivo,Yan|Sorriso Maroto,71,7737
KHE CALOR,Danna Paola,71,7738
WU,張哲瀚,71,7739
"Jab Tu Sajan (From ""Aap Jaisa Koi"")",Rochak Kohli|Mohit Chauhan|Gurpreet Saini,71,7740
Não Te Mereço,Vitinho,71,7741
Meu Jeito de Amar / Final de Tarde - Ao Vivo,Vitor Limma|Yan,71,7742
Vacilona - Ao Vivo,Kaique e Felipe|Luan Pereira,71,7743
DNA do Mato,Zé Vaqueiro|Wesley Safadão|NATTAN,71,7744
Teu Preferido,DJ BRIZY|Mc Rodrigo do CN|FreesTyle Sounds,71,7745
Little Demon,Anuel AA,71,7746
WHO'S THAT,Ikkimel,71,7752
WICKED,ALLDAY PROJECT,71,7753
ATTENTION!,Kesha|Slayyyter|Rose Gray,71,7754
All Gas No Brakes (feat. BigXthaPlug),Teddy Swims|BigXthaPlug,71,7755
What We Got ～奇跡はきみと～,King & Prince,71,7761
Won't Stop,Gunna,71,7762
BASSIANI,Soppgirobygget,71,7763
Mulher Sem Ciúme - Ao Vivo,Murilo Huff,71,7764
To tylko wiosna,Mata|Maryla Rodowicz,71,7771
BOY CRAZY.,Kesha,71,7773
Friend Of Mine - from the Smurfs Movie Soundtrack,Rihanna,71,7774
Qalbi Fil Madinah,Maher Zain|Harris J.,71,7775
Sailing,BE:FIRST,71,7776
Trap Royalty,very cool tutorials,71,7778
"Hey Minnale (From ""Amaran"") (Tamil)",G. V. Prakash|Haricharan|Shweta Mohan|Karthik Netha,71,7780
Ropa De Bazar,Ed Maverick|Bratty,71,7781
PİŞT,Era7capone,71,7782
Ay Mamasita,Jairo Vera,71,7783
Me Tiene Mal,Paulo Londra,71,7784
Po' encima (feat. Bryant Myers),Arcángel|Bryant Myers,71,7785
Brown Noise Therapy Loop For Sleeping (Loopable no fade),Dream Supplier|Baby Sleeps|Background White Noise,71,7786
"Phir Aur Kya Chahiye (From ""Zara Hatke Zara Bachke"")",Sachin-Jigar|Arijit Singh|Amitabh Bhattacharya,71,7787
Morni,Badshah|Sharvi Yadav|Hiten,71,7788
Chaparrita,Standly|Yeri Mua,71,7789
Si Te Interesa,Beéle,71,7790
Dheere Dheere,Yo Yo Honey Singh,71,7793
Confession,Babyboy AV,71,7794
Way Maker,Leeland,71,7795
Tus Vueltas,Milo j,71,7797
Milagrosa,Milo j,71,7798
N'aptığını bilmesem de,BLOK3,71,7800
В последний раз,Ансамбль Весёлые ребята,71,7802
Vibrations,Calmly,71,7806
"Cold Nights, Warm Dreams",Calmly,71,7807
"Un Polvo (feat. Bad Bunny, Arcángel, Ñengo Flow & De La Ghetto)",Maluma|Bad Bunny|Arcángel|Ñengo Flow|De La Ghetto,71,7812
Pa-umaga,Al James,71,7813
Hola Beba,Farruko,71,7815
Antes De Ti,Mon Laferte,71,7817
BONITO ROUBO,Scythermane|DJ LYVIXRA|Hugomasked,71,7820
blackout 🧊,Emilia|TINI|Nicki Nicole,71,7821
K.O.,LAVINIA|Ely Oaks,71,7822
MNG,LACAZETTE,71,7823
Ordinary - Wedding Version,Alex Warren,71,7825
Designed,different spaces,71,7826
Heartburn,Wafia,71,7827
MONTAGEM TOMADA,MXZI,71,7828
GANO - Slowed,VUKEINE,71,7829
Piece Of Your Heart - Alok Remix,MEDUZA|Alok|Goodboys,71,7831
El Señor de la Noche,Don Omar,71,7832
Se fue la luz,LATIN MAFIA|Jesse Baez,71,7834
MONTAGEM VOZES PROFUNDAS - TikTok Version,DJ MAXZZ|DJ JL3 DA ZN|DJ CD 011,71,7835
7 Trompetas,Cris Mj,71,7838
Locura y Maldad,Cris Mj,71,7839
Bendecido,LOS DOS DE TAMAULIPAS,71,7842
Beanie - Slowed,Chezile,71,7848
The Night We Met,Lord Huron|Phoebe Bridgers,71,7849
watching the stars,Øneheart,71,7850
Messy,Lola Young,71,7851
Echte Liefde Is Te Koop,Samuel Welten,71,7852
uh oh,Tate McRae,71,7853
Stop The World I Wanna Get Off With You,Arctic Monkeys,71,7854
Fatal Trouble,ENHYPEN,71,7856
FLOWER,JISOO,71,7857
You & Me,JENNIE,71,7858
KU LO SA (with Camila Cabello),Oxlade|Camila Cabello,71,7859
2 soon,keshi,71,7860
beside you,keshi,71,7861
Forever,ilyTOMMY,71,7862
Jaws,Sleep Token,71,7864
Try Again,JAEHYUN|d.ear,71,7865
Calm Down,Rema,71,7866
PSL - Slowed,2KE,71,7868
h4rdjump_1988 - Super Slowed,$werve,71,7869
Without You,Strawberry Guy,71,7871
MANDA BALA,Ariis,71,7872
Brilliant Mind II,Blanco|Nemzzz,71,7873
ROOM FOR 2,Benson Boone,71,7879
BABYDOLL (Speed),Ari Abdul,71,7881
LET ME SEE YA MOVE!,Lumi Athena|cade clair,71,7884
HYPNOTIC DATA,Odetari,71,7885
Idea 9,Gibran Alcocer,71,7887
Idea 1,Gibran Alcocer,71,7888
Happier Than Ever - Edit,Billie Eilish,71,7889
EMPIRE,Ogryzek,71,7892
23,Mike WiLL Made-It|Miley Cyrus|Wiz Khalifa|Juicy J,71,7893
I LIKE,Tory Lanez,71,7894
A Little Death,The Neighbourhood,71,7896
My Ordinary Life,The Living Tombstone,71,7897
Fairytale,Alexander Rybak,71,7898
Summer Days (feat. Macklemore & Patrick Stump of Fall Out Boy),Martin Garrix|Macklemore|Fall Out Boy,71,7899
Window Shopper,50 Cent,71,7907
pick up the phone,Young Thug|Travis Scott,71,7908
Swim Good,Frank Ocean,71,7918
New Drank,LUCKI,71,7920
No Love,Anuel AA|Spiff TV,71,7923
FUKOUNA GIRL,STOMACH BOOK,71,7924
Girl of My Dreams,Guti,71,7926
Nadarang,Shanti Dope,71,7928
Janice,Dilaw,71,7930
Bukti,Virgoun,71,7933
Apa Kabar Mantan,NDX A.K.A.,71,7934
Kisame,rhodessa,71,7935
moment,Vierre Cloud,71,7940
Sampai Menutup Mata,Mahalini,71,7945
Older,Sasha Alex Sloan,71,7946
Anti ∞ Hero,Mighfar Suganda,71,7947
do you think you could love me?,yung kai,71,7949
Ok Hoye Paye Haan,Arjan Dhillon,71,7950
Be Mine,Shubh,71,7951
Gul,Anuv Jain,71,7952
On Top,Karan Aujla,71,7953
IDK HOW,Karan Aujla,71,7954
With You,AP Dhillon,71,7955
Hai Yorokonde,Kocchi no Kento,71,7956
Days On End,Brenn!,71,7958
GIANT (Korean Ver.),Stray Kids,71,7959
Blood // Water,grandson,71,7963
Je pense à vous,Linh,71,7964
OG CRASHOUT,Bhad Bhabie,71,7966
Misionar,DrefQuila|Pablo Chill-E|Kidd Voodoo|Lidanza,71,7969
Ama Yine Sen,Burak Bulut,71,7970
Terug In De Tijd,Yves Berendse,71,7972
Pelele,Morad,71,7973
NO FEAR!,ANDROMEDA|KVRXD,71,7975
Blue Jeans,GANGGA,71,7978
Location Unknown ◐ (feat. BEKA) - Brooklyn Session,HONNE|BEKA,71,7980
Nahin Milta,Bayaan,71,7981
FWTIA,Sicario|Beyond,71,7985
"Young, Wild & Free (feat. Bruno Mars)",Snoop Dogg|Wiz Khalifa|Bruno Mars,71,7987
Sleep Deprivation,Chance Peña,71,7991
Persuasive (with SZA),Doechii|SZA,71,7993
De Fresa y Coco,Luis R Conriquez|Edgardo Nuñez|Los Dareyes De La Sierra,71,8007
El Tsurito,Junior H|Peso Pluma|Gabito Ballesteros,71,8009
No Le Aflojo,Los Gemelos De Sinaloa|Fuerza Regida,71,8010
Martes 13,Luis R Conriquez,71,8011
"Otro Día, Otra Aventura",Código FN|Oscar Maydon|Brandon Reyes y Elvin,71,8012
Morritas,Natanael Cano,71,8013
Entre las de 20,Bizarrap|Natanael Cano,71,8014
Mi Primer Día Sin Ti,Eden Muñoz,71,8015
VVS,Dei V,71,8016
This Is Home,Cavetown,71,8019
Stop Waiting,Cigarettes After Sex,71,8021
Sin Pagar Renta,Edicion Especial,71,8022
Si Es Posible,Edicion Especial,71,8023
Ya No Tiene Novio,Sebastian Yatra|Mau y Ricky,71,8026
Beautiful People (feat. Khalid),Ed Sheeran|Khalid,71,8028
Lady Love,Oden & Fatzo|Camden Cox,71,8029
Divine,Blair Muir,71,8030
Get Busy - Odd Mob Club Mix,Sean Paul|Odd Mob,71,8031
Indeciso,Reik|J Balvin|Lalo Ebratt,71,8033
Unsweetened Lemonade,Amélie Farren,71,8034
Good Love Die,Chance Peña,71,8036
Cielo Eterno,DannyLux|Jasiel Nuñez,71,8041
Numb Little Bug,Em Beihold,71,8043
New Home (Slowed),Austin Farwell,71,8044
Por Dentro,Rels B|Kenia OS,71,8048
No Me Cansare,Sevdaliza|KAROL G,71,8049
"Peso Pluma: Bzrp Music Sessions, Vol. 55",Bizarrap|Peso Pluma,71,8050
Despacito - Remix,Luis Fonsi|Daddy Yankee|Justin Bieber,71,8052
¿Cual Es Tu Plan?,Bad Bunny|Ñejo|Pj Sin Suela|DJ Nelson,71,8054
Dime Si Te Acuerdas,Bad Bunny,71,8055
Vete,Bad Bunny,71,8056
No Mastico Culebras,Los Chavalitos,71,8057
Rápido Soy,Clave Especial,71,8058
Se Volvieron Locos,Grupo Selectivo|Grupo Mente Maestra|Hector Rubio,71,8059
Playground (from the series Arcane League of Legends),Bea Miller|Arcane|League of Legends,71,8064
Love Myself,Cameron Whitcomb,71,8066
All My Life (feat. J. Cole),Lil Durk|J. Cole,71,8072
"King's Dead (with Kendrick Lamar, Future & James Blake)",Jay Rock|Kendrick Lamar|Future|James Blake,71,8073
Jus' Know,BlackMayo,71,8074
4:AM,HELLMERRY,71,8077
Fluxxwave,Clovis Reyes,71,8078
En Paris,El Chachito|Junior H,71,8083
Cada Noche,Jauria Santa,71,8086
Masih Hatiku,Arsy Widianto|Tiara Andini,71,8090
It's Been So Long,The Living Tombstone,71,8091
Mortals,Warriyo,71,8092
Mengapa,Rony Parulian,71,8096
Gabbar Bhi Nachega,Masoom Sharma|Ashu Twinkle,71,8097
Diamonds,Chris Travis,71,8098
right here,Lil Peep|Horse Head,71,8099
İkimizden Biri,Fatma Turgut,71,8100
Reacende a Chama - Ao Vivo,Sued Silva,71,8101
Deus Proverá,Gabriela Gomes,71,8104
BAD PARENTING FUNK V2,Sayfalse|DJ CEREJASS|ßino,71,8105
Geçiyor Zaman,Semicenk,71,8106
Piel Con Piel,La Santa Grifa,71,8107
YAD,Vanna Rainelle,71,8113
Küle Dönmüşsün,Semicenk|Doğu Swag,71,8114
Memory Reboot,VØJ|Narvent,71,8123
Düşmez Kalkmaz,Canbay & Wolker,71,8125
Churake,Vilen|Kanika Kapoor,71,8129
GRISELDA,RACK|Sin Laurent,71,8131
Sodium,BONES,71,8132
Seven Nation Army,DJ Fluke|Jaki Nelson,71,8134
sins (let me in),Kanii,71,8136
100%,FLEMMING|Mart Hoogkamer,71,8137
"New Chains, Same Shackles",$uicideboy$,71,8138
NIENAWIDZĘ BYĆ W KLUBIE,GOMBAO 33|Mata|Wyguś|Tadeo|Szczepan,71,8144
"Beer Song - From ""Diesel""",Dhibu Ninan Thomas|Gana Guna|Rokesh,71,8145
Wishes,Hasan Raheem|Umair|Talwiinder,71,8147
"Manasilaayo (From ""Vettaiyan"")",Anirudh Ravichander|Malaysia Vasudevan|Deepthi Suresh|Yugendran Vasudevan,71,8148
Dilerim Ki,Dolu Kadehi Ters Tut,71,8149
Confessions of a Rotten Girl,SAWTOWNE,71,8151
ハッピーエンド,back number,71,8152
Good For You x One Of The Girls,dreamsoda,71,8153
Lej kto rrena,Butrint Imeri,71,8157
Dunya,Amo,71,8158
Frágil,Yahritza Y Su Esencia|Grupo Frontera,71,8166
Ya Fui Negro Ya Fui Blanco,Alfonso Muñoz|Código FN,71,8169
Haganse A Un Lado,Legion RG|Enigma Norteño|Neton Vega,71,8172
Bad Feeling (Oompa Loompa),Jagwar Twin,71,8174
#BrooklynBloodPop!,SyKo,71,8178
Aam Jahe Munde,Parmish Verma|PARDHAAN|Desi Crew,71,8179
La Navaja,Dan Sanchez|Victor Mendivil,71,8188
What A Beautiful Name,Hillsong Worship|Brooke Ligertwood,71,8192
Sleep Well,CG5|Chi-Chi|Kathy-Chan|Cami-Cat,71,8201
Lifestyle,Rich Gang|Young Thug|Rich Homie Quan,71,8203
2 Numbari,Masoom Sharma|Manisha Sharma,71,8205
"Bekhayali (From ""Kabir Singh"")",Sachet Tandon|Sachet-Parampara,71,8207
"Vazhithunaiye - From ""Dragon""",Leon James|Sid Sriram|Sanjana Kalmanje,71,8208
"O Bedardeya (From ""Tu Jhoothi Main Makkaar"")",Pritam|Arijit Singh|Amitabh Bhattacharya,71,8211
"Chaleya (From ""Jawan"")",Anirudh Ravichander|Arijit Singh|Shilpa Rao|Kumaar,71,8215
Aashiq Tera,Altamash Faridi|Sohail Sen|Mudassar Aziz,71,8216
Ayudha Pooja [TELUGU],Kala Bhairava|Anirudh Ravichander|Ramajogayya Sastry,71,8221
DOYAMADIM,AKDO|cakal,71,8225
Santo Pra Sempre - Ao Vivo,Gabriel Guedes de Almeida,71,8226
Eu Tenho Você,Marcelo Markes|Isadora Pompeo,71,8227
Alors On Danse - DubDogz Remix,Stromae|Dubdogz,71,8232
Gosta De Rua - Ao Vivo,Felipe e Rodrigo,71,8233
Mtg Forró e Desmantelo,dj sv|Doug Hits|Manim Vaqueiro,71,8234
Sumiu Na Sexta - Ao Vivo,Marcos & Belutti,71,8236
Troca de Calçada,Marília Mendonça,71,8239
Sinto Sua Falta / Namoro Escondido / 12 Horas - Ao Vivo,Di Propósito|Yan|Vitor Limma,71,8240
Nem a Pau (feat. Simone Mendes) - Ao Vivo,Yasmin Santos|Simone Mendes,71,8241
Tu Não Ama - Ao Vivo,Guilherme & Santiago|Mari Fernandez,71,8242
Ela É do Tipo,MC Kevin o Chris,71,8243
Licor 43,KayBlack|CVSTRO|Wall Hein|AMUSIK,71,8248
Yankı,Simge,71,8250
Would You (go to bed with me?),Campbell|Alcemist,71,8257
Big City Life,Luude|Mattafix,71,8264
Beautiful (feat. Camila Cabello),Bazzi|Camila Cabello,71,8268
"Raataan Lambiyan (From ""Shershaah"")",Tanishk Bagchi|Jubin Nautiyal|Asees Kaur,71,8272
"Yennai Izhukkuthadi (From ""Kadhalikka Neramillai"")",A.R. Rahman|Dhee,71,8273
La Sinvergüenza,Christian Nodal|Banda MS de Sergio Lizárraga,71,8305
Ishq Bulaava,Vishal-Shekhar|Sanam Puri|Shipra Goyal,71,8312
Main Rahoon Ya Na Rahoon,Amaal Mallik|Armaan Malik|Rashmi Virag,71,8329
Luck Runs Out,Jorge Rivera-Herrans|Cast of EPIC: The Musical|Armando Julián,71,8332
Storm,Jorge Rivera-Herrans|Cast of EPIC: The Musical|Armando Julián,71,8333
My Goodbye,Jorge Rivera-Herrans|Teagan Earley|Cast of EPIC: The Musical,71,8334
Remember Them,Jorge Rivera-Herrans|Armando Julián|Teagan Earley|Cast of EPIC: The Musical,71,8335
Survive,Jorge Rivera-Herrans|Steven Dookie|Cast of EPIC: The Musical,71,8336
Polyphemus,Jorge Rivera-Herrans|Armando Julián|Steven Dookie,71,8337
We'll Be Fine,Jorge Rivera-Herrans|Teagan Earley|Miguel Veloso,71,8338
Six Hundred Strike,Jorge Rivera-Herrans|Steven Rodriguez|Cast of EPIC: The Musical,71,8339
Charybdis,Jorge Rivera-Herrans,71,8340
Fiu Fiu - Ao Vivo,Bruno Rosa|Israel & Rodolffo,71,8341
A Chance É Grande - Ao Vivo,Gustavo Mioto|Matheus & Kauan,71,8342
CLONE - Ao Vivo,Luan Santana,71,8346
Haverá Sinais - Ao Vivo,Jorge & Mateus|Lauana Prado,71,8348
Desconhecido - Ao Vivo,Diego & Arnaldo|Lauana Prado,71,8349
Até Você Voltar,Henrique & Juliano,71,8352
Seja Ex - Ao Vivo,Henrique & Juliano,71,8353
Saudade De Quem Eu Sou - Ao Vivo,Henrique & Juliano,71,8354
A Bebê Quer Oque,MC Cebezinho|DJ Oreia|Menor Richard|Love Funk|MC GP|Mc Don Juan,71,8361
Medley Canoa - Putaria no Escuro / Menina do Job / Escada do Prédio / Mal Caminho / Pede Que eu Te Dou,Felipe Amorim|NATTAN|PEDRO SAMPAIO|Mc J Mito|MC Xangai|Mc Th|Mc Dricka,71,8363
Set Dj Gm 6.0,Dj GM|Mc Paiva ZS|Triz|MC Paulin da Capital|Mc Lipi|Mc Lele JP|MC Ryan SP|Gabb MC|Mc Daniel|MC Cebezinho,71,8366
Fala na Cara,Mc Paiva ZS|DJ Ak beats|Love Funk,71,8367
Princesa,Paulo Londra|Luck Ra|Valentino Merlo,71,8369
SINVERGÜENZA - con Angela Torres,Emanero|Karina|j mena|Angela Torres,71,8370
Mami ven aquí,Napoles|Bayron Fire|Mati Bomba,71,8371
Aya,Earl Agustin,71,8374
Vou Passar Gelinho,MC LUUKY|Felipe Amorim|DG e Batidão Stronda,71,8375
Glue Myself Shut,Noah Kahan,71,8381
Mystery of Love,Sufjan Stevens,71,8387
Baby I'm Yours,Arctic Monkeys,71,8393
Yo Ya No Vuelvo Contigo - En Vivo,Lenin Ramírez|Grupo Firme,71,8400
JGL,La Adictiva|Luis R Conriquez,71,8404
Un Suspiró,JR Torres,71,8406
Overnight,Parcels,71,8409
L’AMOUR DE MA VIE [OVER NOW EXTENDED EDIT],Billie Eilish,71,8410
Ice On My Teeth,ATEEZ,71,8415
Sour Grapes,LE SSERAFIM,71,8416
Hold On Tight,aespa,71,8417
Sweet Night,V,71,8418
My You,Jung Kook,71,8419
No Fear,DeJ Loaf,71,8437
me va a costar,Kevin Kaarl,71,8438
Rossetto e caffè,Sal Da Vinci,71,8439
Fango in Paradiso,Francesca Michielin,71,8440
Também,Mc Th|Dj Terrorista|DJ Tacinho,71,8446
I Can't Help but Wonder,Jorge Rivera-Herrans|Miguel Veloso|Teagan Earley,71,8447
STAR,JC Reyes,71,8449
Märchenwald,CRO|jolle,71,8452
El Doctorado,La T y La M,71,8455
messy,Łaszewo,71,8457
CURSE (รักใครไม่เป็น),Z9|2K|Saran,71,8458
"Accidentally In Love - From ""Shrek 2"" Soundtrack",Counting Crows,71,8463
Stereo Love - Edit,Edward Maya|Vika Jigulina,71,8476
You,Regard|Troye Sivan|Tate McRae,71,8477
Yamore - Edit Version,MoBlack|Salif Keita|Benja (NL)|Franc Fala|Cesária Evora,71,8479
Brahms Lullaby,Mino Lawrence,71,8480
Must Be Real,EMIKO,71,8481
celestial warmth,spaceboy,71,8482
Brahms Lullaby,Lucy Bennett,71,8483
Ruido Blanco Por La Mañana,Vizzionz,71,8484
Calmed By Rest,StyccO,71,8485
White Home Noise,Rocket FX,71,8486
In a state of White Noise Sleep,EXOA,71,8487
Zone In,Selective Sounds TTA,71,8488
Believe (Shooting Stars),R3HAB|Mufasa & Hypeman|Mufasa|RANI,71,8491
Double Fantasy (with Future),The Weeknd|Future,71,8493
Fuori Zona,Molecualar Binary,71,8496
Santa Tell Me,Ariana Grande,71,8497
STAR WALKIN' (League of Legends Worlds Anthem),Lil Nas X,71,8501
Area Codes,Kaliii,71,8503
ただ声一つ,Rokudenashi,71,8506
Drop,HANA,71,8507
Clarity,Relaxcation,71,8511
Gentle Drizzle Symphony: Relaxation in Rain,24H Rain Sounds,71,8512
Edenora,Armonía Astral,71,8513
Prism Lights,Ephermal Nights,71,8514
Eternalesque,Zephyrical,71,8515
Almond Chocolate,ILLIT,71,8518
Stay With Me,CHANYEOL|Punch,71,8521
SOLO,JENNIE,71,8522
Right Now,NewJeans,71,8529
Next Level,aespa,71,8530
Ashes,Stellar,71,8531
Stay Alive (Prod. SUGA of BTS),Jung Kook,71,8532
"LOVE, MONEY, FAME (feat. DJ Khaled)",SEVENTEEN|DJ Khaled,71,8540
HER,MINNIE,71,8542
el cielo,TINI,71,8543
Dura,Daddy Yankee,71,8547
"Yo x Ti, Tu x Mi",ROSALÍA|Ozuna,71,8548
La player (Bandolera),Zion & Lennox,71,8549
Si Supieras,Daddy Yankee|Wisin & Yandel,71,8550
Ñero Session 16,Alu Mix|Cachirula|LOOJAN,71,8554
FANTASÍA,ROA,71,8556
SEGUNDO INTENTO,Aitana,71,8557
Me Lo Merezco,ELENA ROSE,71,8558
¿Cómo Pasó? - Con Joe Jonas,Ela Taubert|Joe Jonas,71,8560
Ya No Estoy Dolido,Adrian L Santos|Joaquin Medina,71,8575
OYE,Fuerza Regida,71,8578
Enculado,Fuerza Regida,71,8579
Por el Resto de Tu Vida,Christian Nodal|TINI,71,8581
Lejos de la Ciudad - con Camilo,Daniela Spalla|Camilo,71,8582
Con Altura,ROSALÍA|J Balvin|El Guincho,71,8605
Secreto,Anuel AA|KAROL G,71,8606
SOS,Fuerza Regida|Grupo Frontera,71,8609
A Veces A Besos - Remix,Greeicy|Kapo,71,8634
HAPPY SONG,Seyi Vibez,71,8644
MARIO KART,Seyi Vibez,71,8645
Gyal You a Party Animal - Remix,Charly Black|Daddy Yankee,71,8647
Holiday,Green Day,71,8662
"Home (with Machine Gun Kelly, X Ambassadors & Bebe Rexha)",mgk|X Ambassadors|Bebe Rexha,71,8666
Cola,CamelPhat|Elderbrook,71,8669
Animals,Martin Garrix,71,8670
Ignite,Alan Walker|Julie Bergan|K-391|SEUNGRI,71,8671
Nevada,Vicetone|Cozi Zuehlsdorff,71,8672
Lose Control,MEDUZA|Becky Hill|Goodboys,71,8674
Turn Down for What,DJ Snake|Lil Jon,71,8675
Tuesday (feat. Danelle Sandoval),Burak Yeter|Danelle Sandoval,71,8676
Pantropiko,BINI,71,8699
Patutunguhan,Cup of Joe,71,8700
JUJU (feat. Shallipopi),Smur Lee|ODUMODUBLVCK|Shallipopi,71,8701
"Salamin, Salamin",BINI,71,8703
wunderschön,Zartmann,71,8704
MEOW,MEOVV,71,8706
Sugarcoat (NATTY Solo),KISS OF LIFE,71,8714
Chroma Drift,PLAVE,71,8715
When She Comes Home Tonight,Riley Green,71,8726
Dive - Recorded At Sound Stage Nashville,Luke Combs,71,8735
Need To,Gavin Adcock,71,8736
Texas,Blake Shelton,71,8737
"3,2,1",Tucker Wetmore,71,8738
Ends of the Earth,Ty Myers,71,8739
After All The Bars Are Closed,Thomas Rhett,71,8741
Maxed Out,Bayker Blankenship,71,8744
Out of Oklahoma (From Twisters: The Album),Lainey Wilson,71,8747
Jealousy,RUBII,71,8749
better off without me,Matt Hansen,71,8754
Carry You,Novo Amor,71,8765
you were good to me,Jeremy Zucker|Chelsea Cutler,71,8766
Slow Dancing In A Burning Room - Spotify Singles,Riley Green,71,8775
IDK You Yet,Alexander 23,71,8783
Made For Me,Muni Long,71,8784
Heartbreak Anthem (with David Guetta & Little Mix),Galantis|David Guetta|Little Mix,71,8786
What A Man Gotta Do,Jonas Brothers,71,8787
If We Ever Broke Up,Mae Stephens,71,8788
Take You Dancing,Jason Derulo,71,8789
Better Days (NEIKED x Mae Muller x Polo G),NEIKED|Mae Muller|Polo G,71,8790
Wheels Fall Off (feat. Ye),Ty Dolla $ign|Yé,71,8828
God Needs The Devil,Jonah Kagen,71,8848
Nice To Meet You (feat. Lainey Wilson),Myles Smith|Lainey Wilson,71,8850
Dare U,NLE Choppa|Imagine Dragons,71,8852
Swimming,Flawed Mangoes,71,8872
retire (final),Alvedon,71,8873
Comfort Chain,Instupendo,71,8874
Mariella,Khruangbin|Leon Bridges,71,8888
The Love Club,Lorde,71,8904
Over the Moon,The Marías,71,8908
missin something,Zach Templar,71,8914
I'm Not Them,Them & I,71,8916
It's Amazing To Be Young,Fontaines D.C.,71,8922
Sigma Boy - Remix,LAVINIA|Ely Oaks|Betsy|Maria Iankovskaia,71,8924
Never Walk Alone,BLOND:ISH|Stevie Appleton,71,8925
The Rapture Pt.III,&ME|Black Coffee|Keinemusik,71,8926
The Boy Is Mine,James Mac|Vall|Rosalie,71,8927
Praise The Lord (Da Shine) (feat. Skepta) - Durdenhauer Edit,Durdenhauer|A$AP Rocky|Skepta,71,8928
Be The One,Eli Brown,71,8929
Like A G6 (with Naeleck),Timmy Trumpet|POLTERGST|Naeleck,71,8930
This Is The Life,LIZOT|KYANU,71,8931
Montagem Sonic Ritmado 1.0 (Super Slowed),TOKYOPHILE,71,8932
VAPO DO VAPO,DJ ANXVAR|MC LONE,71,8933
Montagem sombra estelar 1.0,DJ RICK 013|Mc Charles|THZ,71,8934
A-What,RELYCT|ARKEA,71,8935
Se Paciente Funk,RD12,71,8936
ACIDO - Super Slowed,UdieNnx|Mc Gw,71,8937
NEON BLADE,MoonDeity,71,8938
TRALALERO TRALALA FUNK,DJ Raulipues|DJ DYLANFK|MRR,71,8939
MATUSHKA ULTRAFUNK,satirin|FUNK DEMON|EVO,71,8940
TAKE IT OFF,FISHER|Aatig,71,8941
Car Keys (Ayla),Alok|Ava Max,71,8942
Drifting,Tiësto|Poppy Baskcomb,71,8943
For Life (feat. Nile Rodgers),Kygo|Zak Abel|Nile Rodgers,71,8944
Whistle (feat. Calum Scott),Jax Jones|Calum Scott,71,8945
Giving Me,Jazzy,71,8946
girl$,Dom Dolla,71,8947
Mamma Mia (feat. Mentissa) - Techno Mix,BENNETT|Mentissa,71,8948
Ascend,Dezko,71,8949
Life in Rio,Slowboy|NUEKI|Crazy Mano|TOLCHONOV,71,8951
Famax,RAFFA GUIDO,71,8952
Last Night,Rivo,71,8954
I Adore You (with J Balvin & Ellie Goulding),HUGEL|J Balvin|Ellie Goulding|Topic|Arash|Daecolm,71,8955
Forever Yours - Tim’s 2016 Ibiza Version,Avicii|Sandro Cavazza,71,8956
Killshot,Eminem,71,8961
Swalla (feat. Nicki Minaj & Ty Dolla $ign),Jason Derulo|Nicki Minaj|Ty Dolla $ign,71,8977
Deli,Ice Spice,71,8978
Neva Play (feat. RM of BTS),Megan Thee Stallion|RM,71,8979
Snake,Cheema Y|Gur Sidhu,71,8982
Gears,Arjan Dhillon|Mxrci,71,8983
Cómo Le Digo,KHEA|Omar Varela|Asan,71,8986
WYA REMIX BLACK AND YELLOW (feat. iZaak & Pirlo),J Abdiel|Anuel AA|Blessd|iZaak|Pirlo,71,8987
HORA CERO,Myke Towers,71,8988
Dikapamigay,Realest Cram|ENZO MF,71,8990
POWER,G-DRAGON,71,8991
Vanilla,VEN1|Ramos.,71,8994
VEMPA,FOURTY|Bausa|CHEKAA,71,8996
BAMBOLA (feat. Niky Savage),Artie 5ive|Niky Savage,71,8998
BAD DECISIONS,Nemzzz,71,9000
FIELD TRIP,¥$|Playboi Carti|Don Toliver|Kodak Black,71,9016
Casanova,Soolking|Gazo,71,9017
UK Rap,Dave|Central Cee,71,9023
Stephanie,Cloonee|Young M.A|InntRaw,71,9034
REACT,Switch Disco|Ella Henderson|Robert Miles,71,9035
Another Love - Tiësto Remix,Tom Odell|Tiësto,71,9036
Tacata (Remix),Tiagz|Fuerza Regida|El Alfa,71,9037
Around The World,Niklas Dee|René Miller,71,9039
Swing My Way,Offset,71,9046
PUSH 2 START - REMIX,Tyla|Sean Paul,71,9055
Rattlesnake (feat. Zach Bryan),Jack Van Cleaf|Zach Bryan,71,9114
Hush Hush,Meira Omar,71,9146
Bender,Søte og Rare Gutter,71,9148
Clandestino,Shakira|Maluma,71,9150
Stay,Gracie Abrams,71,9153
I Wish You Love,Laufey,71,9159
Love Me Anyway,Chappell Roan,71,9160
The Sick,Bella Kay,70,9177
Só Vivendo,Fiorella|Kaique e Felipe,70,9178
Eu Na Brahma - Ao Vivo,Simone Mendes,70,9179
Bu Yaz,Bahadır Tatlıöz,70,9180
APOSTAR EM VOCÊ - Ao Vivo,Luan Pereira|Zé Felipe|MC Tuto,70,9181
Erice,Amos Stovall,70,9182
"Chikitu (From ""Coolie"") (Tamil)",Anirudh Ravichander|T. Rajendar|Arivu,70,9183
Nan Ko Paham,Maman Fvndy,70,9184
Eu Vou na Sua Casa,Felipe Amorim|Malibu|Vitão|BIN,70,9185
Vem No Galope,AG031|MC Nito|Dj Ph Da Vp,70,9186
Mudou O Texto,Danilo e Davi,70,9188
Mortal Kombat,Muyeez,70,9189
Bİ RÜYAYMIŞ,Poizi,70,9191
Ponme En Tu Boca,Jerry Di|Danny Ocean|Corina Smith,70,9192
Borderline,Ely Oaks|LAVINIA,70,9193
Os Herdeiro - Ao Vivo,Bruno & Barretto,70,9194
All Night,Maroon 5,70,9196
High On Me,Rossi.|Jazzy,70,9197
Dirty Work,aespa,70,9198
Survive,Lewis Capaldi,70,9199
Lira Galore,Dopebwoy|Russ Millions,70,9200
FWU,Don Toliver,70,9201
Qué Motor,Neton Vega,70,9202
kahel na langit,Maki,70,9205
Dönmüyor Giden,Tarkan,70,9207
MAÑOSO,Jorsshh|Chuyin,70,9208
Psycho,Number_i,70,9209
Frisco,Number_i,70,9210
i_DOG,Number_i,70,9211
ロミジュリ,Number_i,70,9212
Wapa,Jerry Di,70,9213
Linda Mujer,Jasiel Nuñez|Ed Maverick,70,9216
In the Name of the Father,PRESIDENT,70,9217
OL im SL,Olexesh|Amo,70,9218
There She Goes,CYRIL|MOONLGHT|The La's,70,9220
地球陌生人 Earth Stranger,張哲瀚,70,9222
Rahmatun Lil’Alameen,Maher Zain,70,9223
満ちてゆく,Fujii Kaze,70,9225
Same Blue,OFFICIAL HIGE DANDISM,70,9227
"Mere Mehboob Mere Sanam (From ""Bad Newz"")",Udit Narayan|Alka Yagnik|Anu Malik|Javed Akhtar|Lijo George-Dj Chetas,70,9228
La Bella y La Bestia,Anuel AA,70,9232
Vas a Querer Volver (feat. Neñgo Flow),Jon Z|Ñengo Flow,70,9233
Elevated,Shubh,70,9234
Soweto,Victony|Tempoe,70,9235
FACE MYSELF,Elley Duhé|Teddy Swims,70,9236
Amor Viejo,Kevin Kaarl,70,9237
FUNK INFERNAL (SLOWED),DYGO|Mxng0,70,9238
Be Mine (English Version),Jimin,70,9240
Percocet (Remix),Alex Rose|Lenny Tavárez|Quimico Ultra Mega|Chris Wandell,70,9241
East Side Flow,Sidhu Moose Wala,70,9242
Lil Kasalanan Shortie,Hev Abi,70,9243
Brown Munde,AP Dhillon|Gminxr|Gurinder Gill|Shinda Kahlon,70,9245
Rang Lageya,Mohit Chauhan|Rochak Kohli,70,9246
Mejor No Nos Vemos,Rels B,70,9247
Kukira Kau Rumah,Amigdala,70,9248
Pistol,Cigarettes After Sex,70,9249
Bloom Again,Nu Aspect,70,9250
Do To Me,Tim Sanders,70,9251
Tesoro,Julión Álvarez y su Norteño Banda,70,9252
Morocha,Milo j,70,9255
Alguien Como Tú,Jósean Log,70,9256
Salla Salla,BLOK3,70,9257
Como Antes,Rels B,70,9258
Slow Down,Calmly,70,9259
Breathing,Calmly,70,9260
Dreamland,Calmly,70,9261
Space Journey,Calmly,70,9262
Solace In The Stars,Calmly,70,9263
Free Bird,MOONLGHT,70,9264
Hong Kong,Oscar Maydon|Victor Mendivil|Alemán,70,9266
Set Me Free Pt.2,Jimin,70,9269
Salitre,Manuel Carrasco|Camilo,70,9270
Entre Nosotros (Remix) [con Nicki Nicole],Tiago PZK|LIT killah|Maria Becerra|Nicki Nicole,70,9272
A Storm on a Summers Day,Full Crate|Gaidaa,70,9273
Llorar y Llorar - con Carin Leon,Mau y Ricky|Carin Leon,70,9276
"Tiago PZK: Bzrp Music Sessions, Vol. 48",Bizarrap|Tiago PZK,70,9277
Satisfaction,David Guetta|Benny Benassi,70,9279
Feel,Avi Snow|MVCA|Zeeba,70,9280
Sommergewitter,Pashanim,70,9281
Liefste,LUNA,70,9282
Panic,BEOMGYU,70,9284
Mirándote,Rvfv,70,9285
Memories (feat. Kid Cudi) - 2021 Remix,David Guetta|Kid Cudi,70,9286
Es Que Yo Te Quiero A Ti,Kevin Kaarl,70,9287
strangers again,Matt Hansen,70,9288
Feel Anything,Nxdia,70,9290
Tu Me Enamoraste - Remix,Lary Over|Anuel|Bryant Myers|Almighty|Brytiago,70,9291
Nacimos Pa Morir (feat. Jory Boy),Anuel AA|Jory Boy,70,9292
Vacio,Almighty,70,9295
WHINE IN BRAZIL FUNK,Ichiss,70,9296
"MI MAMI FUNK, Vol. 2 - Ultra Slowed",DJ DYLANFK|RD12|DJ-JY12,70,9297
FUNK DO BOUNCE,Ariis,70,9298
SHE WILL - Instrumental,XXKATUSJINSUX,70,9304
Paso En Culiacan,Junior H|Natanael Cano,70,9305
Buena Vibra,Hermanos Espinoza,70,9306
QUE LE DE,Nes|Cris Mj,70,9307
Let You Go,Clara La San,70,9308
Sobrio,Maluma,70,9310
Hardest Ese Ever,That Mexican OT,70,9312
blue - sped up,yung kai,70,9315
I Think They Call This Love - Cover,Matthew Ifield,70,9317
School Rooftop (Bird Sounds),Hisohkah|WMD,70,9319
Love Is The Way,Thee Sacred Souls,70,9320
Ride the Storm,GoldFord,70,9321
Si Me Dices Que Sí,Reik|Farruko|Camilo,70,9323
High On Life (feat. Bonn),Martin Garrix|Bonn,70,9324
Gone,ROSÉ,70,9326
On The Ground,ROSÉ,70,9327
I Like U,NIKI,70,9330
I Love You 3000,Stephanie Poetri,70,9331
Goth (Slowed + Reverb),Sidewalks and Skeletons,70,9332
Lonely East Texas Nights,Whiskey Myers,70,9333
Hold Out,Lithe|FRVRFRIDAY,70,9335
Drama (feat. Drake),Roy Woods|Drake,70,9336
SPACE! - Super Slowed,NAOMI,70,9341
Woops - Slowed + Reverb,Dj Bountyhunter,70,9342
カワキヲアメク,美波,70,9344
New Jeans - Jersey Club,Dxrkaii|Jiandro,70,9345
Daddy Issues (Remix) feat. Syd,The Neighbourhood|Syd,70,9348
Ain't Your Mama,Jennifer Lopez,70,9350
Someone Else - Lost Tapes 2015,Tory Lanez,70,9353
Right Here,Chase Atlantic,70,9354
Moonlight,Chase Atlantic,70,9356
AURA - Slowed,Ogryzek,70,9359
A Thousand Years,James Arthur,70,9361
The Rumbling,SiM,70,9362
Love Tonight (Edit),Shouse,70,9365
Love Myself,Hailee Steinfeld,70,9366
Higher Power,Coldplay,70,9369
SUBEME LA RADIO,Enrique Iglesias|Descemer Bueno|Zion & Lennox,70,9370
Already Rich,Yeat,70,9373
One Right Now (with The Weeknd),Post Malone|The Weeknd,70,9374
Sanguine Paradise,Lil Uzi Vert,70,9375
Luminary,Joel Sunny,70,9378
Car's Outside - Sped Up Version,James Arthur,70,9379
come out and play,Billie Eilish,70,9380
I Don't Care,VIOLENT VIRA,70,9381
Relax,Vacations,70,9388
Neva Cared,Polo G,70,9391
Die Trying,Key Glock,70,9393
When Im Gone,LECADE,70,9403
Kufi,Duman,70,9405
Kung Siya Man,TJ Monterde,70,9406
Tulad Mo,TJ Monterde,70,9407
Saat Kau Telah Mengerti,Virgoun,70,9411
Pelanggaran,Guyon Waton,70,9412
Lola,Jedis|Gote|Nolep,70,9414
Isip,Healy After Dark,70,9416
Mangu,Fourtwnty|Charita Utami,70,9418
Imahe,Magnus Haven,70,9421
perayaan mati rasa,Umay Shahab|Natania Karin,70,9422
Kami Belum Tentu,.Feast,70,9424
FUNK DO BALKAN - Slowed,$werve|FXRCE|Mc Denny,70,9425
新しい恋人達に,back number,70,9428
Lalim,MATÉO,70,9430
Sinarengan,Denny Caknan|Bella Bonita,70,9431
Terakhir Kali,Wijaya 80,70,9432
like i need u,keshi,70,9433
Not Sure,Cheema Y|Gur Sidhu,70,9434
Stay Alive,José González,70,9436
Mami Tú (Remix),El Malilla|Blessd|Hades66,70,9438
Sin So Sweet,Warren Zeiders,70,9439
CUPID'S GIRL,MARINA,70,9440
Itty Bitty,Ashnikko,70,9441
Can't Hide It (feat. Jhené Aiko),Lil Durk|Jhené Aiko,70,9442
take it from the starz - Slowed & reverb,Roman Nasenmensch|domi4wave,70,9449
Blikkendag,Sven Versteeg|Likke Pêhp,70,9450
Main Hi Kyon,Wazir Patar|Basant Kur,70,9452
life force - slowed & reverb,ptasinski|RJ Pasin,70,9454
An Art Gallery Could Never Be As Unique As You,mrld,70,9456
Canın Beni Çekti,Melike Şahin,70,9457
Tapi Tahukah Kamu?,Dygta|Kamasean,70,9458
Batman,LPB Poody,70,9459
Hm Hm Hm - Remix,Rvfv|Youka|Wesh Music,70,9460
Live Another Day,Kordhell,70,9461
Sequência da Dz7,TRASHXRL|Mc Menor Do Alvorada,70,9462
Death Is No More,BLESSED MANE,70,9463
want u - slowed + reverb,noevdv,70,9466
Kervan,Bengü|Mustafa Ceceli,70,9471
Kosandra,Miyagi & Andy Panda,70,9474
Bajrang Baan-Lofi,Rasraj Ji Maharaj,70,9476
Triple OG,DIVINE|Phenom,70,9478
Solas,Jamie Duffy,70,9481
Çözemezsin,Dedublüman,70,9483
Bunca Yıl - Dedub Sessions,Dedublüman|Can Kazaz,70,9484
Love Will Tear Us Apart - 2020 Remaster,Joy Division,70,9488
Me U & Hennessy (feat. Lil Wayne),DeJ Loaf|Lil Wayne,70,9490
Stand Up (From Harriet),Cynthia Erivo,70,9503
Cherry Wine,grentperez,70,9510
deep in it,berlioz|Ted Jasper,70,9511
911 - En Vivo,Fuerza Regida|Grupo Frontera,70,9524
Qué Fuimos (En Vivo),Grupo Firme|Hernan Sepulveda,70,9526
El Rescate,Grupo Marca Registrada|Junior H,70,9528
Bleed,Connor Kauffman,70,9530
Eu Sou Teu Pai - Ao Vivo,Valesca Mayssa|Todah Music,70,9537
Like We Wrote,Lithe,70,9539
Keep on Loving You,Cigarettes After Sex,70,9540
Run Away,Chezile,70,9541
Cologne,beabadoobee,70,9543
Innerbloom - Radio Edit,RÜFÜS DU SOL,70,9544
Sucker,Nicolas Julian,70,9550
PROTECTION CHARM - SLOW & HARD VERSION,Miguel Angeles,70,9562
DICE AND ROLL,Odetari,70,9563
Sin Pagar Renta,Xavi,70,9565
Ya Acabo,Marca MP,70,9566
CARITA TRISTE,Ana Mena|Emilia,70,9567
FRESITA,Fuerza Regida|Bellakath,70,9568
FARDOS,JC Reyes|De La Ghetto,70,9572
BADDIE,Luar La L|Anuel AA,70,9573
Envolver,Anitta,70,9574
RITMO (Bad Boys For Life),Black Eyed Peas|J Balvin,70,9575
K-POP,Travis Scott|Bad Bunny|The Weeknd,70,9576
El Toro Encartado - Spotify Singles,Natanael Cano,70,9577
Yo Ya Sabia Pa Donde Iba,Los Chavalitos,70,9578
Angel Of My Dreams,JADE,70,9591
how could u love somebody like me?,Artemas,70,9592
Home,Isabel LaRosa,70,9594
MOVE YO BODY,Bryansanon,70,9595
Tailor Swif,A$AP Rocky,70,9603
Love For You - Slowed Down,LOVELI LORI|ovg!,70,9604
BEBE,STAYC,70,9605
Heer,Ali & Shjr|Haider Ali|Ali Raza,70,9606
Kupu - Kupu,Tiara Andini,70,9607
Live Is Life (Digitally Remastered) (Single Version),Opus,70,9608
Mevzu Derin,Soner Sarıkabadayı,70,9620
Fearless Pt. II,Lost Sky|Chris Linton,70,9623
Semenjak Ada Dirimu,Yovie Widianto|Hivi!,70,9628
Bhartar,Sumit Parta,70,9629
Baba Ji,Vishu Puthi|Sapna Choudhary,70,9630
Gentleman 2,Masoom Sharma|Harsh Sandhu,70,9631
Mere Mittar,Komal Chaudhary|Masoom Sharma,70,9632
nadaaniyan,Akshath,70,9633
Bite Marks,League of Legends|TEYA,70,9634
teen romance,Lil Peep|Lederrick,70,9635
Furioso Oceano,Jhonas Serra,70,9636
Si Tu Presencia Conmigo No Va,Oasis Ministry,70,9637
CRF - Nouvelle École,Yorssy|Nouvelle École,70,9638
#doyalike,mikeeysmind,70,9639
Bella Ciao - Música Original de la Serie la Casa de Papel/ Money Heist,Manu Pilas,70,9641
sweet rally,ilysam|Mc Ster,70,9642
Psycho Dreams (Sped Up),Kill Eva|ENCASSATOR,70,9643
Batık Gemi,Semicenk,70,9645
Kader Sağ Olsun,Semicenk,70,9646
Onlar Anlamaz Halden,Semicenk,70,9647
Dibújame,Rich Vagos|Samantha Barrón|Nanpa Básico,70,9652
Güldüğün Gün,Wegh,70,9655
Anos Luz,Matuê,70,9657
Pretty Scene Girl!,Clover!,70,9658
Need You,Bosx1ne|John Roa|Skusta Clee|Emcee Rhenn|Flow G|Bullet-D|Kent Mnl,70,9659
Step Back!,1nonly|SXMPRA,70,9661
Hot N*gga,Bobby Shmurda,70,9662
Desnudate - Remix,Big Metra|El Bogueto|El Malilla|VV Brujo,70,9663
Jenny (I Wanna Ruin Our Friendship),Studio Killers,70,9666
Get Shaky (Macon's HYPERTECHNO Remix),Ian Carey Project|Macon,70,9667
DAM (Extended Ver.),SB19,70,9669
Morning Dew,Xavier Wulf|BONES,70,9670
Easy,DaniLeigh|Chris Brown,70,9673
Prom Night,Riovaz,70,9674
Your Love - Antdot Remix,PLS&TY|Sofiya Nzau|Antdot,70,9677
I'm The Man,50 Cent|Sonny Digital,70,9678
Kill Yourself (Part IV),$uicideboy$,70,9680
"All That Glitters Is Not Gold, but It's Still Damn Beautiful",$uicideboy$,70,9681
Not Even Ghosts Are This Empty,$uicideboy$,70,9682
Solitude - Felsmann + Tiley Reinterpretation,M83|Felsmann + Tiley,70,9687
Tera Ghata,Gajendra Verma,70,9689
"Dheema (From ""Love Insurance Kompany"")",Anirudh Ravichander,70,9690
Alívio,Jessé Aguiar|Todah Music,70,9694
"Living Life, In The Night",Cheriimoya|Sierra Kidd,70,9697
Suelto,Sarai Rivera,70,9700
"Baila Morena (with Luny Tunes, Noriega) - Remix",Hector & Tito|Luny Tunes|Noriega,70,9706
Cabron Yo Puedo,Grupo Origen,70,9707
Seca Tus Lagrimas,Natanael Cano|Junior H,70,9710
Siesta Freestyle,Lewis OfMan|Alicia te quiero,70,9714
Malwa Flow,Khan Bhaini,70,9717
Losing Us.,raissa anggiani,70,9720
Jennifer,Trinidad Cardona,70,9731
47 - Remix,Anuel AA|Ñengo Flow|Sinfonico|Lil Geniuz|Farruko|Casper Magico|Darell|Bad Bunny,70,9732
Morena,Tornillo,70,9737
Coqueta - Remix,Heredero|Jessi Uribe,70,9738
Las 12,Mackie|KEVIN ROLDAN,70,9739
GOODBYE YESTERDAY,ELEVATION RHYTHM|Gracie Binion,70,9742
Hell Night,Pooh Shiesty|BIG30,70,9747
More - RedOne Jimmy Joker Remix,USHER,70,9750
Same Beef,Bohemia|Sidhu Moose Wala,70,9754
Celine (with Kidd Keo),Ghost Killer Track|Kidd Keo,70,9757
"Bandeya - From ""Dil Juunglee""",Shaarib Toshi|Arijit Singh,70,9758
"Choli Ke Peeche (From ""Crew"")",Diljit Dosanjh|Alka Yagnik|Ila Arun|IP Singh|Akshay & IP,70,9761
Aaj Se Teri,Amit Trivedi|Arijit Singh,70,9762
"Peelings (From ""Pushpa 2 The Rule"") [TELUGU]",Shankarr Babu Kandukoori|Laxmi Dasa|Devi Sri Prasad|Chandra Bose|Siju Thuravoor,70,9763
"Hua Main (From ""ANIMAL"")",Raghav Chaitanya|Manoj Muntashir|Pritam,70,9764
"Besharam Rang (From ""Pathaan"")",Vishal-Shekhar|Shilpa Rao|Caralisa Monteiro|Vishal Dadlani|Shekhar Ravjiani|Kumaar,70,9769
"Mere Mehboob (From ""Vicky Vidya Ka Woh Wala Video"")",Sachin-Jigar|Shilpa Rao|Sachet Tandon|Priya Saraiya,70,9770
"Dabidi Dibidi (From ""Daaku Maharaaj"")",Thaman S|Kumara Vagdevi|Kasarla Shyam,70,9774
"Yedi (From ""Nilavuku En Mel Ennadi Kobam"")",G. V. Prakash|Vivek|Dhanush|Jonita Gandhi,70,9776
Shoote Shoote,Ati242,70,9779
Que Amor É Esse,Luma Elpidio,70,9781
Bondade de Deus,Isaias Saad,70,9782
Eu Tenho Você (Ao Vivo),Incendiários|Marcelo Markes,70,9783
Pode Morar Aqui,Theo Rubia,70,9784
Até Que Durou - Ao Vivo,Péricles,70,9787
A Droga do Amor,Ari|Felipe Play|Dom R|Tiankris,70,9788
Deu Moral - Ao Vivo,Zé Neto & Cristiano,70,9789
Supera - Ao Vivo,Marília Mendonça,70,9790
Vai Lá Em Casa Hoje - Ao Vivo,George Henrique & Rodrigo|Marília Mendonça,70,9791
De Quem É A Culpa?,Cristiano Araújo|Marília Mendonça,70,9792
Disk Recaída - Ao Vivo,Diego & Arnaldo|Murilo Huff,70,9793
Nem de Graça,Pixote,70,9794
Solteiro Não Trai - Ao Vivo,Gustavo Mioto,70,9795
Clack Bum,Mc J Mito|DJ Borest,70,9796
Ela É Sensacional,MC Menor MT|DJ Guih Da ZO,70,9797
Faz um Vuk Vuk (Teto Espelhado),MC Kevin o Chris|Dj Nk Da Serra|Mc Magrinho,70,9799
Senta e Cala a Boca,Mc Jacaré|DJ JHOW BEATS,70,9800
Toyota (2016),Bonez MC,70,9801
EIN TEIL VON MIR,badchieff,70,9802
BONSAI,Ak4:20|En La Nota Records,70,9803
Volando,Lefty Sm,70,9804
Lean,Super Yei|Sammy|Jone Quest|Towy|Osquel|Beltito|Sammy & Falsetto,70,9808
Paniyon Sa,Rochak Kohli|Atif Aslam|Tulsi Kumar,70,9812
Pasoori,Shae Gill|Ali Sethi,70,9813
Freestyle,KayBlack|Wall Hein|Yokame,70,9815
Maturidade,KayBlack|Wall Hein|AMUSIK,70,9816
Sawaar Loon,Monali Thakur|Amit Trivedi,70,9818
Dost Banke,Gurnazar|Rahat Fateh Ali Khan|Kartik Dev,70,9819
Terapia,Mc Kevin,70,9821
Gaiola É o Troco,MC Du Black|DJ 2F,70,9823
Vamo de Pagodin,Mc Daniel|DJ WN|Dj GM,70,9824
Vroom Vroom,Charli xcx,70,9837
Kamariya,Aastha Gill|Sachin Sanghvi|Jigar Saraiya|Divya Kumar,70,9838
"Rait Zara Si (From ""Atrangi Re"")",A.R. Rahman|Arijit Singh|Shashaa Tirupati,70,9839
"Jaane Tu (From ""Chhaava"")",A.R. Rahman|Arijit Singh|Irshad Kamil,70,9840
killer queen,Mad Tsai,70,9846
"Tum Hi Aana (From ""Marjaavaan"")",Payal Dev|Jubin Nautiyal|Kunaal Vermaa,70,9847
"Kannadi Poove (From ""Retro"")",Santhosh Narayanan|Vivek,70,9848
Cooped Up / Return Of The Mack,Post Malone|Mark Morrison|Sickick,70,9851
Ethereal,Txmy,70,9860
Chaand Baaliyan,Aditya A,70,9863
I Wanted to Leave,SYML,70,9864
Blink Gone (VIVINOS - ALNST Original Soundtrack Part.8),BL8M|AKUGETSU,70,9867
春愁,Mrs. GREEN APPLE,70,9869
ナハトムジーク,Mrs. GREEN APPLE,70,9870
M@GICAL CURE! LOVE SHOT! (feat. Hatsune Miku),SAWTOWNE|Hatsune Miku,70,9871
Energia de Gostosa,Ivete Sangalo,70,9873
Pupila,ANAVITÓRIA|Vitor Kley,70,9874
Habibi - Albanian Remix,Ricky Rich|Dardan|DJ Gimi-O,70,9875
WER MACHT PARA 3,Eno|Dardan|Daniel Slump,70,9876
il filo rosso,Alfa,70,9877
La Suma,Javier Rosas Y Su Artillería Pesada|Lupe Borbon y su Blindaje 7,70,9886
San Pedro,Ganggy|Victor Mendivil,70,9894
LOKO,LEGADO 7,70,9895
Abyss - from Kaiju No. 8,YUNGBLUD,70,9906
Ayer Me Llamó Mi Ex,KHEA|Lenny Santos,70,9908
HO VOGLIA DI TE,Juli|Emma|Olly,70,9915
Fall In Love Alone,Stacey Ryan,70,9919
Bangarang (feat. Sirah),Skrillex|Sirah,70,9920
Nachde Ne Saare,Jasleen Royal|Harshdeep Kaur|Siddharth Mahadevan|Aditya Sharma,70,9923
Romance Fdp,DJ Voltz|Mc Jhey|FreesTyle Sounds,70,9924
Mutiny,Jorge Rivera-Herrans|Armando Julián|Cast of EPIC: The Musical,70,9925
Me has invitado a bailar,Dani Fernández,70,9926
DONA DE MIM,Ana Castela,70,9931
Moto,Júlia & Rafaela|Ana Castela,70,9932
Menina do Job X Viciada em Sentar,Dj Junior Sales|Mc Th|MC Xangai,70,9936
Sorriso no Rosto,Mc IG|Murillo e LT no Beat|DJ Glenner,70,9937
Logo Logo - Ao Vivo,Henrique & Juliano,70,9941
Tu Xera,Wesley Safadão|Anderson & Vei da Pisadinha|Marcynho Sensação,70,9942
Não Bebo Não Fumo Mais,MC Ryan SP|Mc IG|Mc Don Juan|Boladin 211|MC LUUKY|MC Neguinho do Kaxeta|Oldilla,70,9943
Nois não é Migo 2,MC Ryan SP|MC GP|Boladin 211|Mc Negão Original|MC GH do 7|Mc Dena|Mc Rodrigo do CN|DJ Japa NK,70,9944
Bebe e Vem Me Procurar / Quem Ama Sente Saudade (Ao Vivo),Turma do Pagode|Grupo Menos É Mais,70,9946
Tropa do Sem K.O,MC Joãozinho VT|MC Tuto|MC Vine7|MC Ryan SP|Mc Duzinho SP|MC LUUKY|Caio Passos,70,9948
Rolé na Favela de Nave,Oruam|Didi|Dj Lc da Roça|MC K9|MC Smith|Mainstreet,70,9950
ПОВОД,MORGENSHTERN,70,9951
LICHTER AUS,makko|Miksu / Macloud,70,9952
Dito Sa'kin,Earl Agustin,70,9960
Turning Page,Sleeping At Last,70,9964
Beckham,Dee Billz|Kyle Richh|Kai Swervo|KJ Swervo|41,70,9969
Lose Control - Piano Version,Teddy Swims,70,9970
ファタール - Fatal,GEMN|中島健人|Tatsuya Kitani,70,9971
Love Love,Gilsons,70,9975
Ay Mi Dios,IAmChino|Pitbull|Yandel|El Chacal,70,9983
Gamesofluck,Parcels,70,9996
Miniskirt,AOA,70,9999
