album_name,popularity,rank,artist_names
DeBÍ TiRAR MáS FOToS,98,2,Bad Bunny
HIT ME HARD AND SOFT,98,3,Billie Eilish
The Secret of Us (Deluxe),96,7,Gracie Abrams
Black Panther The Album Music From And Inspired By,95,9,Kendrick Lamar|SZA
GNX,94,12,Kendrick Lamar|SZA
Hurry Up Tomorrow,93,21,The Weeknd|Playboi Carti
Ruby,93,22,JENNIE
AM,92,26,Arctic Monkeys
Alligator Bites Never Heal,92,28,Doechii
MUSIC,92,30,Playboi Carti
Fireworks & Rollerblades,91,32,Benson Boone
Dizzy up the Girl,91,33,The Goo Goo Dolls
Parachutes,91,34,Coldplay
I Love You.,91,35,The Neighbourhood
Flower Boy,91,36,"Tyler, The Creator|Kali Uchis"
$ome $exy $ongs 4 U,91,38,Drake
Short n' Sweet (Deluxe),91,39,Sabrina Carpenter
CHROMAKOPIA,91,40,"Tyler, The Creator|Lola Young"
I've Tried Everything But Therapy (Part 1),91,41,Teddy Swims
Short n' Sweet,91,42,Sabrina Carpenter
Unorthodox Jukebox,90,45,Bruno Mars
Strange Trails,90,50,Lord Huron
Synchronicity (Remastered 2003),90,51,The Police
Cosa Nuestra,90,52,Rauw Alejandro|Bad Bunny
Submarine,90,53,The Marías
DECIDE,90,54,Djo
So Close To What,90,59,Tate McRae
The Secret of Us,90,60,Gracie Abrams
Boy Meets World,89,67,Sleepy Hallow|Doechii
MUSE,89,68,Jimin
Mi Vida Mi Muerte,89,69,Neton Vega|Peso Pluma
INCÓMODO,89,71,Tito Double P|Peso Pluma
FERXXOCALIPSIS,89,72,Feid|ATL Jacob
After Hours,89,73,The Weeknd
Memories...Do Not Open,89,75,The Chainsmokers|Coldplay
Pablo Honey,89,76,Radiohead
A Rush of Blood to the Head,89,77,Coldplay
Starboy,89,78,The Weeknd|Daft Punk
DAMN.,89,80,Kendrick Lamar
FOUR (Deluxe),89,81,One Direction
÷ (Deluxe),89,82,Ed Sheeran
Ghost Stories,89,84,Coldplay
24K Magic,89,85,Bruno Mars
Love Sick (Deluxe),89,86,Don Toliver
SOS Deluxe: LANA,89,89,SZA
Speak for Yourself (Deluxe Version),89,91,Imogen Heap
SOS,89,93,SZA
Lover,89,94,Taylor Swift
Doo-Wops & Hooligans,88,97,Bruno Mars
LA CIUDAD,88,100,Alleh|Yorghaki
French Exit,88,105,TV Girl
The Land Is Inhospitable and So Are We,88,106,Mitski
WE DON'T TRUST YOU,88,108,Future|Metro Boomin|Kendrick Lamar
Harry's House,88,109,Harry Styles
Rumours (Super Deluxe),88,110,Fleetwood Mac
Hybrid Theory (Bonus Edition),88,111,Linkin Park
Viva La Vida or Death and All His Friends,88,112,Coldplay
Demon Days,88,113,Gorillaz|De La Soul
Meteora,88,114,Linkin Park
Hot Fuss,88,115,The Killers
The Eminem Show,88,116,Eminem
Cigarettes After Sex,88,117,Cigarettes After Sex
Blonde,88,118,Frank Ocean
Planet Pit (Deluxe Version),88,119,Pitbull|AFROJACK|Ne-Yo|Nayer
Chase Atlantic,88,120,Chase Atlantic
rosie,88,130,ROSÉ
The Rise and Fall of a Midwest Princess,88,131,Chappell Roan
Unwritten,88,132,Natasha Bedingfield
Endless Summer Vacation,88,133,Miley Cyrus
eternal sunshine,88,134,Ariana Grande
THE FIRST TIME,87,141,The Kid LAROI
Favourite Worst Nightmare,87,143,Arctic Monkeys
Zach Bryan,87,144,Zach Bryan|Kacey Musgraves
Encore (Deluxe Version),87,146,Eminem
UTOPIA,87,147,Travis Scott|Playboi Carti
Stick Season,87,149,Noah Kahan
Gangsta's Paradise,87,151,Coolio|L.V.
X&Y,87,152,Coldplay
Divinely Uninspired To A Hellish Extent,87,154,Lewis Capaldi
Hunting High and Low,87,156,a-ha
Appetite For Destruction,87,157,Guns N' Roses
Toto IV,87,158,TOTO
Songs From The Big Chair (Super Deluxe Edition),87,159,Tears For Fears
Jungle Rules,87,160,French Montana|Swae Lee
Uptown Special,87,161,Mark Ronson|Bruno Mars
Views,87,162,Drake|Wizkid|Kyla
Love In The Future (Expanded Edition),87,163,John Legend
Birds In The Trap Sing McKnight,87,164,Travis Scott
Safe Haven,87,165,Ruth B.
x (Deluxe Edition),87,166,Ed Sheeran
True,87,167,Avicii
Evolve,87,168,Imagine Dragons
Native,87,169,OneRepublic
Long Way Down (Deluxe),87,170,Tom Odell
"You'll Be Alright, Kid (Chapter 1)",87,174,Alex Warren
I've Tried Everything But Therapy (Part 2),87,176,Teddy Swims
TYLA +,87,179,Tyla
MAYHEM,87,180,Lady Gaga
emails i can't send,87,181,Sabrina Carpenter
SOUR,87,183,Olivia Rodrigo
Alone At Prom,86,188,Tory Lanez
Who Really Cares,86,190,TV Girl
I Am Not A Human Being II (Deluxe),86,193,Lil Wayne|Drake|Future
OASIS,86,199,J Balvin|Bad Bunny
The Heist,86,200,Macklemore|Ryan Lewis|Macklemore & Ryan Lewis|Ray Dalton
Escape (2022 Remaster),86,203,Journey
What Happens Now?,86,204,Dasha
emails i can’t send fwd:,86,205,Sabrina Carpenter
Dreamland,86,206,Glass Animals
Hard To Imagine The Neighbourhood Ever Changing,86,207,The Neighbourhood
Brat and it’s completely different but also still brat,86,209,Charli xcx|Billie Eilish
PRIMERA MUSA,86,212,Omar Courtz|De La Rose
Norman Fucking Rockwell!,86,215,Lana Del Rey
Kid Krow,86,216,Conan Gray
The Razors Edge,86,217,AC/DC
Silver Side Up,86,218,Nickelback
Hopes And Fears,86,219,Keane
Fallen,86,220,Evanescence
By the Way (Deluxe Edition),86,221,Red Hot Chili Peppers
The Marshall Mathers LP,86,223,Eminem
Loose,86,224,Nelly Furtado|Timbaland
Confessions (Expanded Edition),86,225,USHER|Lil Jon|Ludacris
Currents,86,226,Tame Impala
Hollywood's Bleeding,86,227,Post Malone
TALKING IS HARD,86,228,WALK THE MOON
Wiped Out!,86,230,The Neighbourhood
We Love You Tecca,86,231,Lil Tecca
All I Want Is You,86,232,Miguel
2014 Forest Hills Drive,86,233,J. Cole
Midnight Memories (Deluxe),86,234,One Direction
channel ORANGE,86,236,Frank Ocean
Harry Styles,86,237,Harry Styles
Global Warming: Meltdown (Deluxe Version),86,238,Pitbull|Kesha
Torches,86,239,Foster The People
Goodbye & Good Riddance,86,240,Juice WRLD
Encore,86,241,DJ Snake|Justin Bieber
ANTI (Deluxe),86,242,Rihanna
Illuminate (Deluxe),86,243,Shawn Mendes
Beauty Behind The Madness,86,244,The Weeknd
Restless Mind,86,251,Sam Barber|Avery Anna
"WHEN WE ALL FALL ASLEEP, WHERE DO WE GO?",86,255,Billie Eilish
Good Girl Gone Bad: Reloaded,86,256,Rihanna
"Oral Fixation, Vol. 2 (Expanded Edition)",86,259,Shakira|Wyclef Jean
Overexposed Track By Track,85,264,Maroon 5|Wiz Khalifa
EVOL,85,267,Future|The Weeknd
IGOR,85,270,"Tyler, The Creator"
D-DAY,85,271,Agust D
Camp,85,276,Childish Gambino
Indigo (Extended),85,284,Chris Brown
Happier Than Ever,85,285,Billie Eilish
Radical Optimism,85,287,Dua Lipa
Toxicity,85,288,System Of A Down
Traveller,85,290,Chris Stapleton
PARTYNEXTDOOR 4 (P4),85,291,PARTYNEXTDOOR
=,85,294,Ed Sheeran
Beatopia,85,295,beabadoobee
Cry,85,296,Cigarettes After Sex
Being Funny In A Foreign Language,85,297,The 1975
Twilight,85,298,bôa
ÉXODO,85,300,Peso Pluma|Neton Vega
No Need To Argue (The Complete Sessions 1994-1995),85,304,The Cranberries
"Everybody Else Is Doing It, So Why Can't We?",85,305,The Cranberries
So Tonight That I Might See,85,306,Mazzy Star
Out Of Time (25th Anniversary Edition),85,307,R.E.M.
Hotel California (2013 Remaster),85,308,Eagles
Highway to Hell,85,309,AC/DC
Pendulum (Expanded Edition),85,310,Creedence Clearwater Revival
808s & Heartbreak,85,311,Kanye West
Graduation,85,313,Kanye West|Dwele
Konvicted,85,314,Akon|Eminem
Fine Line,85,315,Harry Styles
Up All Night,85,316,One Direction
T R A P S O U L,85,317,Bryson Tiller
The Days / Nights,85,318,Avicii
Agent Provocateur,85,320,Foreigner
Arrival,85,321,ABBA
Loud (Japan Version),85,323,Rihanna
Globalization,85,324,Pitbull|Ne-Yo
Only By The Night,85,325,Kings of Leon
The Truth About Love,85,326,P!nk|Nate Ruess
Back from the Edge,85,327,James Arthur
Motion,85,328,Calvin Harris
A Head Full of Dreams,85,331,Coldplay
Blurryface,85,332,Twenty One Pilots
Raymond v Raymond (Expanded Edition),85,333,USHER|Pitbull
Recovery,85,334,Eminem|Rihanna
"My Dear Melancholy,",85,335,The Weeknd
In A Tidal Wave of Mystery,85,336,Capital Cities
Illuminate,85,337,Shawn Mendes
Mylo Xyloto,85,338,Coldplay
Purpose (Deluxe),85,339,Justin Bieber
HARDSTONE PSYCHO,85,344,Don Toliver
Unreal Unearth: Unaired,85,345,Hozier
This Is How Tomorrow Moves,85,348,beabadoobee
F-1 Trillion,85,353,Post Malone|Morgan Wallen
My Everything (Deluxe),85,356,Ariana Grande
A Star Is Born Soundtrack (Without Dialogue),85,357,Lady Gaga
GUTS,85,360,Olivia Rodrigo
folklore,85,362,Taylor Swift
In The Zone,85,363,Britney Spears
Animal (Expanded Edition),85,365,Kesha
The Fame Monster (Deluxe Edition),85,367,Lady Gaga
Hozier,84,376,Hozier
Night Visions,84,377,Imagine Dragons
V,84,380,Maroon 5
Luv Is Rage 2 (Deluxe),84,382,Lil Uzi Vert
My World 2.0,84,383,Justin Bieber|Ludacris
Talk That Talk,84,384,Rihanna|Calvin Harris
The Fame,84,392,Lady Gaga
Shock Value,84,393,Timbaland|Keri Hilson|D.O.E.
HNDRXX,84,394,Future
$AD BOYZ 4 LIFE II,84,396,Junior H
PARTYNEXTDOOR,84,403,PARTYNEXTDOOR
YOU,84,407,James Arthur
Audioslave,84,408,Audioslave
This One's for You,84,409,Luke Combs
Starting Over,84,410,Chris Stapleton
One Thing At A Time,84,411,Morgan Wallen|ERNEST
Justice,84,412,Justin Bieber
LA PANTERA NEGRA (DELUXE),84,413,Myke Towers|benny blanco
Tell Me It's Real (Expanded Edition),84,418,Seafret
Born To Die - The Paradise Edition,84,419,Lana Del Rey
Ultraviolence (Deluxe),84,420,Lana Del Rey
Gemini Rights,84,422,Steve Lacy
K.I.D.S. (Deluxe),84,423,Mac Miller|Empire Of The Sun
CINEMA,84,424,The Marías
Pineapple Sunrise,84,425,Beach Weather
Death of a Party Girl,84,426,TV Girl
"Come Over When You're Sober, Pt. 2",84,427,Lil Peep|XXXTENTACION
I NEVER LIKED YOU,84,428,Future|Drake|Tems
17,84,429,XXXTENTACION|Trippie Redd
GOLDEN,84,431,Jung Kook
"good kid, m.A.A.d city",84,432,Kendrick Lamar|Jay Rock
nadie sabe lo que va a pasar mañana,84,434,Bad Bunny|Feid
HEROES & VILLAINS,84,435,Metro Boomin|Future|Don Toliver
Un Verano Sin Ti,84,437,Bad Bunny|Bomba Estéreo
Abbey Road (Remastered),84,442,The Beatles
Dream Your Life Away (Deluxe Edition),84,443,Vance Joy
Gettin' Old,84,444,Luke Combs
The Colour And The Shape,84,446,Foo Fighters
OK Computer,84,447,Radiohead
Blood Sugar Sex Magik (Deluxe Edition),84,448,Red Hot Chili Peppers
Nevermind (Remastered),84,449,Nirvana
Sixpence None the Richer,84,450,Sixpence None The Richer
Dire Straits,84,451,Dire Straits
Dynasty,84,452,KISS
Walking On A Dream (10th Anniversary Edition),84,454,Empire Of The Sun
Californication (Deluxe Edition),84,455,Red Hot Chili Peppers
Elephant,84,456,The White Stripes
How To Save A Life,84,457,The Fray
To Pimp A Butterfly,84,458,Kendrick Lamar
Stankonia,84,460,Outkast
Songs About Jane: 10th Anniversary Edition,84,462,Maroon 5
Blackout,84,464,Britney Spears
ASTROWORLD,84,467,Travis Scott
JORDI (Deluxe),84,468,Maroon 5
Hot Pink,84,469,Doja Cat
Chosen,84,470,Måneskin
Too Low For Zero,84,473,Elton John
Born In The U.S.A.,84,474,Bruce Springsteen
Sweet Dreams (Are Made Of This),84,475,Eurythmics|Annie Lennox|Dave Stewart
Back In Black,84,476,AC/DC
Mail on Sunday,84,478,Flo Rida|T-Pain
18 Months,84,479,Calvin Harris
FUTURE,84,480,Future
Don't Kill the Magic,84,483,MAGIC!
"Save Me, San Francisco (Golden Gate Edition)",84,484,Train
More Life,84,485,Drake
In The Lonely Hour,84,486,Sam Smith
Handwritten,84,487,Shawn Mendes
Millennium,84,488,Backstreet Boys
I met you when I was 18. (the playlist),84,491,Lauv
From Zero,84,497,Linkin Park
Forever Young,84,499,Alphaville
Alter Ego,84,503,LISA|Future
THE TORTURED POETS DEPARTMENT,84,506,Taylor Swift|Post Malone
"thank u, next",84,507,Ariana Grande
reputation,84,509,Taylor Swift
Planet Her,84,510,Doja Cat|SZA
Let Go,84,513,Avril Lavigne
A Star Is Born Soundtrack,84,516,Lady Gaga|Bradley Cooper
30,84,518,Adele
Icarus Falls,83,529,ZAYN|Sia
After Laughter,83,531,Paramore
TESTING,83,532,A$AP Rocky|Skepta
Meet The Orphans,83,533,Don Omar|Lucenzo
Fetty Wap (Deluxe),83,534,Fetty Wap
LIVE FOREVER,83,535,Lil Peep|rainy bear
Mismatched: Season 3 (Soundtrack from the Netflix Series),83,536,Anurag Saikia|Raj Shekhar|Romy|Amarabha Banerjee|Varun Jain|Madhubanti Bagchi|Mismatched - Cast
Journals,83,537,Justin Bieber|Chance the Rapper
Stick Season (We'll All Be Here Forever),83,538,Noah Kahan
Future Nostalgia,83,539,Dua Lipa
Ensaios Da Anitta,83,540,Anitta|Mc Danny|HITMAKER
Que Sigan Llegando Las Pacas (Extended),83,549,Chino Pacas
Colmillo De Leche,83,550,Carin Leon
Sin Miedo (del Amor y Otros Demonios) ∞,83,551,Kali Uchis
"Pretty Boy, Dirty Boy",83,552,Maluma
EL COMIENZO,83,553,FloyyMenor
Famouz,83,559,JHAYCO|J Balvin|Bad Bunny
House of Pleasure,83,564,Plan B
The Last Don,83,565,Don Omar
The Lo-Fis,83,566,Steve Lacy
Cold Beer & Country Music,83,568,Zach Top
Ctrl,83,570,SZA
The Script,83,572,The Script
Romance,83,573,Camila Cabello
United,83,574,Marvin Gaye|Tammi Terrell
A/B,83,575,KALEO
Arcane League of Legends: Season 2 (Soundtrack from the Animated Series),83,576,Arcane|Stromae|Pomme
Vol. 3: The Subliminal Verses,83,577,Slipknot
Teatro d'ira - Vol. I,83,579,Måneskin
This One's for You Too (Deluxe Edition),83,581,Luke Combs
Moment of Truth,83,582,The Red Clay Strays
Willy And The Poor Boys (Expanded Edition),83,583,Creedence Clearwater Revival
RMCM,83,585,Richy Mitch & The Coal Miners
SMITHEREENS,83,586,Joji
The Slow Rush,83,587,Tame Impala
Plastic Beach,83,588,Gorillaz
Salad Days,83,589,Mac DeMarco
2,83,590,Mac DeMarco
Mulholland Drive,83,592,Eyedress|Dent May
Good Times Go,83,594,Nicky Youre|hey daisy
NEVER ENOUGH,83,595,Daniel Caesar
Be the Cowboy,83,598,Mitski
Here Comes The Cowboy,83,599,Mac DeMarco
Yeezus,83,602,Kanye West
ye,83,603,Kanye West
?,83,604,XXXTENTACION
My Beautiful Dark Twisted Fantasy,83,607,Kanye West|Pusha T
Believe,83,608,Justin Bieber|Nicki Minaj
The Melodic Blue,83,609,Baby Keem|Kendrick Lamar
One of Wun,83,610,Gunna
Scorpion,83,612,Drake
Please Excuse Me for Being Antisocial,83,615,Roddy Ricch
american dream,83,616,21 Savage
Music To Be Murdered By,83,618,Eminem|Juice WRLD
SLUT SZN,83,621,NLE Choppa
Significant Other,83,622,Limp Bizkit
Drops Of Jupiter,83,623,Train
Urban Hymns (Remastered 2016),83,626,The Verve
The Album,83,627,Haddaway
Honky Chateau,83,628,Elton John
Jazz (2011 Remaster),83,629,Queen
Aerosmith,83,630,Aerosmith
The Diary Of Alicia Keys,83,631,Alicia Keys
Franz Ferdinand,83,632,Franz Ferdinand
Minutes to Midnight,83,633,Linkin Park
The Reason (20th Anniversary),83,634,Hoobastank
Weathered,83,635,Creed
Eyes Open,83,636,Snow Patrol
2001,83,638,Dr. Dre|Snoop Dogg
FutureSex/LoveSounds,83,640,Justin Timberlake|Timbaland
THE E.N.D. (THE ENERGY NEVER DIES) [Deluxe Version],83,641,Black Eyed Peas
The Blueprint 3,83,642,JAY-Z|Alicia Keys
Speakerboxxx/The Love Below,83,644,Outkast
Barrio Fino (Bonus Track Version),83,645,Daddy Yankee
Mad Love The Prequel,83,646,Sean Paul|Dua Lipa
Hyperion,83,647,Gesaffelstein|The Weeknd
The Thrill Of It All (Special Edition),83,648,Sam Smith
Divinely Uninspired To A Hellish Extent (Extended Edition),83,649,Lewis Capaldi
Narrated For You,83,650,Alec Benjamin
Thriller,83,654,Michael Jackson
Uprising,83,655,Bob Marley & The Wailers
Slippery When Wet,83,656,Bon Jovi
hopeless fountain kingdom (Deluxe Plus),83,657,Halsey
G I R L,83,661,Pharrell Williams
Me 4 U,83,662,OMI|Felix Jaehn
The Lumineers,83,663,The Lumineers
reputation Stadium Tour Surprise Song Playlist,83,664,ZAYN|Taylor Swift
The 20/20 Experience (Deluxe Version),83,665,Justin Timberlake
21,83,666,Adele
Nothing but the Beat (Ultimate Edition),83,668,David Guetta|Sia
Wanted on Voyage (Expanded Edition),83,669,George Ezra
MAÑANA SERÁ BONITO,83,690,KAROL G
Camila,83,692,Camila Cabello|Young Thug
Whitney,83,693,Whitney Houston
Midnights,83,694,Taylor Swift
So Good,83,697,Zara Larsson
BRAT,83,698,Charli xcx
Manic,83,699,Halsey
...Baby One More Time (Digital Deluxe Version),83,700,Britney Spears
Echo (+2db),82,710,Jin
Making Mirrors,82,714,Gotye|Kimbra
Crowded House,82,717,Crowded House
Lukas Graham,82,718,Lukas Graham
Melophobia,82,720,Cage The Elephant
Running,82,721,Cafuné
Changes,82,722,Vacations
Hozier (Expanded Edition),82,728,Hozier
SATURNO,82,730,Rauw Alejandro|Lyanno|Brray
Menari Dengan Bayangan,82,731,Hindia
Levon James,82,732,King Von
Blowin' Your Mind!,82,734,Van Morrison
Dawn FM,82,746,The Weeknd
Isolation,82,747,"Kali Uchis|Tyler, The Creator|Bootsy Collins"
This Old Dog,82,748,Mac DeMarco
Based On A True Story...,82,749,New West
Version,82,750,Mark Ronson|Amy Winehouse
CALM,82,755,5 Seconds of Summer
Colores,82,756,J Balvin
2000,82,760,Manuel Turizo
Mi Vida En Un Cigarro 2,82,761,Junior H
GÉNESIS,82,762,Peso Pluma
PRESENTE,82,764,Julión Álvarez y su Norteño Banda
PAPI JUANCHO,82,769,Maluma
FELIZ CUMPLEAÑOS FERXXO TE PIRATEAMOS EL ÁLBUM,82,772,Feid
Odisea,82,773,Ozuna
Don Juan,82,782,Maluma|Carin Leon
MAÑANA SERÁ BONITO (BICHOTA SEASON),82,783,KAROL G|Peso Pluma
God's Project,82,789,Aventura|Don Omar
1000 Forms Of Fear,82,790,Sia
She's So Unusual,82,791,Cyndi Lauper
DRIP,82,793,BABYMONSTER
LA VIDA ES UNA,82,794,Myke Towers
Way Out Here,82,796,Riley Green
The Way It Is,82,797,Keyshia Cole
Made In The A.M. (Deluxe Edition),82,798,One Direction
THINK LATER,82,802,Tate McRae
"Rise And Fall, Rage And Grace",82,804,The Offspring
Wish You Were Here,82,805,Pink Floyd
Paramore,82,806,Paramore
Rage Against The Machine - XX (20th Anniversary Special Edition),82,807,Rage Against The Machine
If I Know Me,82,808,Morgan Wallen
Religiously. The Album.,82,810,Bailey Zimmerman
Aftermath,82,812,The Rolling Stones
In Utero (Deluxe Edition),82,814,Nirvana
Puberty 2,82,815,Mitski
Montgomery Ricky,82,816,Ricky Montgomery
What Do You Think About the Car?,82,817,Declan McKenna
Did you know that there's a tunnel under Ocean Blvd,82,820,Lana Del Rey|Bleachers
to hell with it,82,821,PinkPantheress
melanchole,82,822,salvia palth
AT.LONG.LAST.A$AP,82,826,A$AP Rocky|Rod Stewart|Miguel|Mark Ronson
The Life Of Pablo,82,827,Kanye West
LONG.LIVE.A$AP (Deluxe Version),82,828,A$AP Rocky
Take Care (Deluxe),82,830,Drake
DATA,82,831,Tainy|Bad Bunny
VULTURES 1,82,837,¥$|Kanye West|Ty Dolla $ign
a Gift & a Curse,82,840,Gunna
Without Warning,82,841,Offset|Metro Boomin
Ready to Die (The Remaster),82,847,The Notorious B.I.G.
F*CK LOVE 3+: OVER YOU,82,849,The Kid LAROI|Justin Bieber
Rockwood,82,850,Mark Ambor
Life After Death (2014 Remastered Edition),82,851,The Notorious B.I.G.
Nimrod,82,854,Green Day
Use Your Illusion I,82,856,Guns N' Roses
Heart Shaped World,82,857,Chris Isaak
Dookie,82,858,Green Day
Enema Of The State,82,859,blink-182
Americana,82,860,The Offspring
Toto,82,862,TOTO
The Stranger (Legacy Edition),82,863,Billy Joel
Voulez-Vous,82,864,ABBA
Menagerie,82,865,Bill Withers
The Wall,82,866,Pink Floyd
American Idiot,82,867,Green Day
Replay,82,868,Iyaz
Bleed American,82,870,Jimmy Eat World
The Better Life,82,871,3 Doors Down
Wheatus,82,872,Wheatus
Oracular Spectacular,82,873,MGMT
Infest,82,874,Papa Roach
Back To Black (Deluxe Edition),82,875,Amy Winehouse
The College Dropout,82,876,Kanye West|Syleena Johnson
Dangerously In Love,82,879,Beyoncé|JAY-Z
Justified,82,880,Justin Timberlake
Modjo (Remastered),82,881,Modjo
Get Rich Or Die Tryin',82,885,50 Cent
The Trinity,82,886,Sean Paul
R.O.O.T.S. (Route of Overcoming the Struggle),82,887,Flo Rida|Kesha
American Teen,82,888,Khalid
What Dreams Are Made Of,82,889,R. City|Adam Levine
American Beauty/American Psycho,82,890,Fall Out Boy
Hands All Over (Revised International Standard version),82,891,Maroon 5|Christina Aguilera
Mind Of Mine (Deluxe Edition),82,892,ZAYN
Cleopatra,82,893,The Lumineers
Youngblood (Deluxe),82,894,5 Seconds of Summer
DNCE,82,895,DNCE
California 37,82,896,Train
Voicenotes,82,897,Charlie Puth
beerbongs & bentleys,82,898,Post Malone|21 Savage
Stories,82,899,Avicii
Tracy Chapman,82,902,Tracy Chapman
The Game (2011 Remaster),82,903,Queen
Tango In the Night (Deluxe Edition),82,904,Fleetwood Mac
Hot Space (2011 Remaster),82,905,Queen|David Bowie
The Queen Is Dead,82,906,The Smiths
An Innocent Man,82,907,Billy Joel
H2O,82,908,Daryl Hall & John Oates
Reckless (30th Anniversary / Deluxe Edition),82,909,Bryan Adams
AFTERCARE,82,915,Nessa Barrett
Broken Girl,82,918,Julie Doiron
Wild Ones,82,920,Flo Rida|Sia
Love?,82,922,Jennifer Lopez|Pitbull
1989 (Deluxe),82,923,Taylor Swift
MKTO,82,924,MKTO
The Papercut Chronicles II,82,925,Gym Class Heroes|Adam Levine
Settle (Special Edition),82,927,Disclosure|Sam Smith
"""Awaken, My Love!""",82,928,Childish Gambino
Hotel Cabana (Deluxe Version),82,937,Naughty Boy|Sam Smith
Charm,82,938,Clairo
No Strings Attached,82,939,*NSYNC
MUTT,82,951,Leon Thomas
El Dorado,82,958,Shakira|Maluma
Pies Descalzos,82,961,Shakira
Dangerous Woman,82,964,Ariana Grande
Bangerz (Deluxe Version),82,966,Miley Cyrus
Spice,82,967,Spice Girls
Read My Lips (Deluxe Version),82,968,Sophie Ellis-Bextor
When The Sun Goes Down,82,969,Selena Gomez & The Scene
Oops!... I Did It Again,82,971,Britney Spears
"Bigger, Better, Faster, More !",82,972,4 Non Blondes
Fanmail,82,973,TLC
Kiss,82,974,Carly Rae Jepsen
Bewitched,82,975,Laufey
96 Months,81,991,Calvin Harris
Tha Carter IV (Explicit Version),81,995,Lil Wayne|Drake
Selamat Ulang Tahun,81,998,Nadin Amizah
Perayaan Patah Hati - Babak 1,81,999,For Revenge
Human (Deluxe),81,1001,Rag'n'Bone Man
Three Days Grace,81,1005,Three Days Grace
Title (Deluxe),81,1009,Meghan Trainor|John Legend
The Predator,81,1010,Ice Cube
Heaven Or Hell,81,1011,Don Toliver
Cole World: The Sideline Story,81,1013,J. Cole
TEC,81,1016,Lil Tecca
These Things Happen,81,1017,G-Eazy|Christoph Andersson
Welcome to O'Block,81,1019,King Von
Lyodra,81,1020,Lyodra
A Great Chaos (Deluxe),81,1021,Ken Carson
Rodeo,81,1022,Travis Scott|Kacy Hill
King Of Kings,81,1024,Don Omar
Awake,81,1025,Skillet
i am > i was,81,1031,21 Savage
Obrigado Deus,81,1034,Léo Foguete
El Comienzo,81,1039,Grupo Frontera|Grupo Firme
Blue Hawaii,81,1044,Elvis Presley
The Temptations Sing Smokey,81,1045,The Temptations
After Hours (Deluxe),81,1048,The Weeknd|Ariana Grande
Origins (Deluxe),81,1049,Imagine Dragons
DREAMSCAPE,81,1051,NCT DREAM
ATE,81,1054,Stray Kids
54+1,81,1055,Danny Ocean
This Is Acting,81,1059,Sia
Ciclos,81,1062,Luis Enrique
Próxima Estación: Esperanza,81,1063,Manu Chao
VIDA,81,1064,Luis Fonsi|Daddy Yankee
A Corazón Abierto,81,1065,Alejandro Fernández
"Fórmula, Vol. 2 (Deluxe Edition)",81,1066,Romeo Santos
OzuTochi,81,1067,Ozuna|Feid
Platonicos,81,1068,Jay Wheeler|DJ Nelson|Myke Towers
PERO NO TE ENAMORES,81,1074,Fuerza Regida
Mon Laferte (Vol. 1),81,1078,Mon Laferte
Different World,81,1079,Alan Walker
When It's Dark Out,81,1081,G-Eazy|Bebe Rexha
Less Is More,81,1082,Lost Frequencies
"At Night, Alone.",81,1083,Mike Posner|Seeb
Chocolate Starfish And The Hot Dog Flavored Water,81,1084,Limp Bizkit
Parked Car Convos,81,1085,Kaash Paige
VICE VERSA,81,1087,Rauw Alejandro
American Heartbreak,81,1090,Zach Bryan
Plastic Hearts,81,1092,Miley Cyrus
SYML,81,1093,SYML
Heaven & Hell,81,1096,Ava Max
Speak Your Mind (Deluxe),81,1097,Anne-Marie
The Great American Bar Scene,81,1098,Zach Bryan
Crush,81,1099,Bon Jovi
White Pony,81,1100,Deftones
Black Holes and Revelations,81,1101,Muse
Waves On A Sunset,81,1104,Tucker Wetmore
Mercury - Acts 1 & 2,81,1108,Imagine Dragons
Grace,81,1112,Jeff Buckley
The New Abnormal,81,1113,The Strokes
Static,81,1114,Cults
My Head Is An Animal,81,1116,Of Monsters and Men
Woodstock,81,1117,Portugal. The Man
Sadnecessary,81,1118,Milky Chance
"Don't Forget About Me, Demos",81,1120,Dominic Fike
BALLADS 1,81,1122,Joji
Volcano,81,1124,Jungle
Paradise Again,81,1126,Swedish House Mafia|The Weeknd
Death Race For Love (Bonus Track Version),81,1132,Juice WRLD
The Party Never Ends 2.0,81,1136,Juice WRLD
Whole Lotta Red,81,1137,Playboi Carti
SAVAGE MODE II,81,1138,21 Savage|Metro Boomin
THE BIGGEST,81,1139,BigXthaPlug
"Honestly, Nevermind",81,1146,Drake|21 Savage
Pure Heroine,81,1148,Lorde
"Oh, What A Life",81,1149,American Authors
August And Everything After,81,1152,Counting Crows
Use Your Illusion II,81,1153,Guns N' Roses
Sublime,81,1154,Sublime
Crazy World,81,1155,Scorpions
Metallica,81,1156,Metallica
Left Of The Middle,81,1158,Natalie Imbruglia
Piano Man (Legacy Edition),81,1159,Billy Joel
Rock Of The Westies,81,1160,Elton John|Kiki Dee
A Night At The Opera (2011 Remaster),81,1161,Queen
Second Helping (Expanded Edition),81,1162,Lynyrd Skynyrd
Pat Garrett & Billy The Kid (Soundtrack From The Motion Picture),81,1163,Bob Dylan
FutureSex/LoveSounds Deluxe Edition,81,1164,Justin Timberlake|T.I.
Onka's Big Moka,81,1165,Toploader
#3 Deluxe Version,81,1166,The Script|will.i.am
Elephunk,81,1167,Black Eyed Peas
The Massacre,81,1171,50 Cent|Olivia
Circus (Deluxe Version),81,1172,Britney Spears
One More Love,81,1177,David Guetta|Akon
Watch The Throne,81,1179,JAY-Z|Kanye West
Dr. Feelgood,81,1186,Mötley Crüe
Let's Talk About Love,81,1187,Modern Talking
...But Seriously (Deluxe Edition),81,1188,Phil Collins
Voices,81,1189,Daryl Hall & John Oates
The Joshua Tree (Super Deluxe),81,1190,U2
First Band On The Moon (Remastered),81,1192,The Cardigans
songs,81,1193,Adrianne Lenker
The Gifted,81,1194,Wale|Sam Dew
Kansas Anymore (The Longest Goodbye),81,1206,ROLE MODEL
GLORIOUS,81,1212,GloRilla|Sexyy Red
25,81,1213,Adele
Kala,81,1216,M.I.A.
how i'm feeling now,81,1218,Charli xcx
"Fijación Oral, Vol. 1",81,1229,Shakira
Donde Estan Los Ladrones,81,1230,Shakira
Fearless (Taylor's Version),81,1232,Taylor Swift
Wicked: The Soundtrack,81,1234,Cynthia Erivo|Ariana Grande
Born This Way (International Special Edition Version),81,1235,Lady Gaga
PRISM,81,1236,Katy Perry|Juicy J
Fever,81,1237,Kylie Minogue
My 21st Century Blues,81,1238,RAYE|070 Shake
Lungs (Deluxe Version),81,1240,Florence + The Machine
Hounds Of Love,81,1242,Kate Bush
Warrior (Expanded Edition),81,1243,Kesha
five seconds flat,81,1244,Lizzy McAlpine
The Time Of Our Lives (International Version),81,1246,Miley Cyrus
i used to think i could fly,81,1247,Tate McRae
OBSESIF,80,1255,BLOK3
Lo Que Te Conte Mientras Te Hacias La Dormida,80,1257,La Oreja de Van Gogh
Mini World,80,1260,Indila
Demi,80,1262,Demi Lovato
Diamond Eyes,80,1265,Deftones
XSCAPE,80,1266,Michael Jackson
Bigger Than Both Of Us,80,1268,Daryl Hall & John Oates
My First Love,80,1269,Vierra
Baby Sleep Music,80,1272,Lullaby Time
Aura,80,1274,Ernie Zakri|Ade Govinda
I Said I Love You First,80,1277,Selena Gomez|benny blanco
We Love You Tecca 2,80,1281,Lil Tecca
Street Gossip,80,1283,Lil Baby
The Beginning,80,1284,Black Eyed Peas
April Mixtape 3,80,1289,Snow Strippers
Dangerous,80,1290,Yandel
Playboi Carti,80,1291,Playboi Carti
Goodbye Horses,80,1292,ian
Sentimental,80,1297,Juicy Luicy
Because the Internet,80,1302,Childish Gambino
"Grandson, Vol. 1",80,1303,King Von
EL CANTANTE DEL GHETTO,80,1306,Ryan Castro|Peso Pluma|SOG
Floor Seats,80,1307,A$AP Ferg|Brent Faiyaz|Salaam Remi
Trouble Deluxe Edition,80,1308,Akon
Para Aventuras y Curiosidades,80,1309,Mau y Ricky|Manuel Turizo|Camilo
rapunzel,80,1313,Dhruv
One-X,80,1314,Three Days Grace
0.1 flaws and all.,80,1316,wave to earth
Memorias <3,80,1317,emmanuellcortess_
Superache,80,1320,Conan Gray
Duelo,80,1321,Nanpa Básico|Beéle
Check-In (Ao Vivo),80,1322,Jorge & Mateus
Toca Que Eu Quero Ouvir,80,1325,Henry Freitas|Mc Th
Manifesto Musical 2 (Ao Vivo / Vol.1),80,1326,Henrique & Juliano
Por Vida,80,1334,Kali Uchis
We Sing. We Dance. We Steal Things. (Bonus Tracks Version),80,1335,Jason Mraz
iSouljaBoyTellem,80,1336,Soulja Boy|Sammie
Chemtrails Over The Country Club,80,1337,Lana Del Rey
Nicole,80,1340,NIKI
CRAZY (Party Remixes 1),80,1341,LE SSERAFIM
YHLQMDLG,80,1348,Bad Bunny|Daddy Yankee
K.O.B. Live,80,1350,Aventura
Fórmula Vol. 1 (Deluxe Edition),80,1351,Romeo Santos
Prometo,80,1355,Pablo Alborán
Big Bang,80,1356,Los Enanitos Verdes
De Viaje,80,1357,Sin Bandera
Todo Cambio,80,1358,Camila
PLAYA SATURNO,80,1362,Rauw Alejandro
LVEU: VIVE LA TUYA...NO LA MIA,80,1364,Myke Towers
Hasta la Raíz (Edición Especial),80,1372,Natalia Lafourcade
Play Deep,80,1374,The Outfield
Human Clay,80,1375,Creed
Nuevas Metas,80,1376,La Factoria|Eddy Lover
Cloud Nine,80,1378,Kygo|Parson James
FRIENDS KEEP SECRETS,80,1379,benny blanco|Halsey|Khalid
Only One Flo (Part 1),80,1381,Flo Rida|David Guetta
#willpower,80,1383,will.i.am|Britney Spears
Shawn Mendes (Deluxe),80,1385,Shawn Mendes|Camila Cabello
Sugar,80,1387,Robin Schulz|Francesco Yates
More Than You Know,80,1388,Axwell /\ Ingrosso
Pray for the Wicked,80,1390,Panic! At The Disco
Mezmerize,80,1393,System Of A Down
Hypnotize,80,1394,System Of A Down
Aquarius,80,1397,Tinashe|ScHoolboy Q
Red Moon In Venus,80,1398,Kali Uchis
Love Deluxe,80,1399,Sade
Higher,80,1401,Chris Stapleton
Dangerous: The Double Album,80,1402,Morgan Wallen
Purgatory,80,1403,Tyler Childers
Freudian,80,1405,Daniel Caesar|H.E.R.
Street Love,80,1406,Lloyd|Lil Wayne
BE,80,1411,BTS
Follow The Leader,80,1412,Korn
Lucky,80,1413,Megan Moroney
Old Dominion,80,1414,Old Dominion
Rebel Yell,80,1420,Billy Idol
Brand New Eyes,80,1422,Paramore
Honeymoon,80,1423,Lana Del Rey
Some Nights,80,1424,fun.|Janelle Monáe
Never Trust a Happy Song,80,1425,GROUPLOVE
Dopamine,80,1426,BØRNS
Nothing Happens,80,1428,Wallows|Clairo
Around the Fur,80,1429,Deftones
"Hurry up, We're Dreaming",80,1431,M83
Immunity,80,1434,Clairo
Everything So Far,80,1436,Pinegrove
Atlanta Millionaires Club,80,1437,Faye Webster
In Rainbows,80,1439,Radiohead
Meteora (Bonus Edition),80,1441,Linkin Park
The Marshall Mathers LP2,80,1449,Eminem|Rihanna
Drip Harder,80,1452,Lil Baby|Gunna
Stoney (Deluxe),80,1454,Post Malone|Quavo
Luv Is Rage 2,80,1455,Lil Uzi Vert
The Beautiful & Damned,80,1458,G-Eazy|Halsey
Certified Lover Boy,80,1463,Drake|Travis Scott
For All The Dogs,80,1468,Drake|Sexyy Red|SZA
WHAM (Extended Version),80,1472,Lil Baby|Travis Scott
Country Squire,80,1474,Tyler Childers
Know-It-All,80,1476,Alessia Cara
Only Human (Deluxe),80,1477,Calum Scott
Nine Track Mind (Special Edition),80,1479,Charlie Puth|Selena Gomez
TAKE TIME,80,1480,GIVĒON
Astro Lounge,80,1481,Smash Mouth
Superunknown (Deluxe Edition),80,1482,Soundgarden
(What's The Story) Morning Glory? (Deluxe Remastered Edition),80,1483,Oasis
Tragic Kingdom,80,1484,No Doubt
Blur (Special Edition),80,1485,Blur
Who Needs Guitars Anyway?,80,1488,Alice Deejay
I Am,80,1489,"Earth, Wind & Fire|The Emotions"
High Voltage,80,1490,AC/DC
Elton John,80,1491,Elton John
Tres Hombres (Expanded 2006 Remaster),80,1492,ZZ Top
Rumours,80,1493,Fleetwood Mac
Just As I Am,80,1494,Bill Withers
Led Zeppelin IV (Deluxe Edition),80,1496,Led Zeppelin
Stadium Arcadium,80,1499,Red Hot Chili Peppers
The Black Parade,80,1500,My Chemical Romance
Hot Shot,80,1501,Shaggy|Rik Rok
All Or Nothing,80,1502,Jay Sean|Lil Wayne
In My Own Words,80,1503,Ne-Yo
Corinne Bailey Rae,80,1504,Corinne Bailey Rae
Infinity On High,80,1506,Fall Out Boy
Weezer,80,1507,Weezer
The Writing's On The Wall,80,1509,Destiny's Child
Christina Aguilera (Expanded Edition),80,1510,Christina Aguilera
Freedom,80,1511,Akon
Un Día Normal,80,1512,Juanes
Discovery,80,1513,Daft Punk
Shine,80,1514,Estelle|Kanye West
A Girl Like Me,80,1516,Rihanna
The Documentary,80,1517,The Game|50 Cent
No More Drama,80,1518,Mary J. Blige
Late Registration,80,1519,Kanye West|Jamie Foxx
Nellyville,80,1521,Nelly|Kelly Rowland
Music Of The Sun,80,1523,Rihanna
Face Value (Deluxe Editon),80,1534,Phil Collins
Off the Wall,80,1535,Michael Jackson
Make It Big,80,1536,Wham!
No Protection,80,1537,Starship
Whenever You Need Somebody,80,1538,Rick Astley
Mistaken Identity,80,1540,Kim Carnes
The Sign,80,1541,Ace of Base
Flicker (Deluxe),80,1542,Niall Horan
Raise!,80,1543,"Earth, Wind & Fire"
Born Sinner (Deluxe Version),80,1563,J. Cole|Miguel
CAN'T RUSH GREATNESS,80,1564,Central Cee|Dave
Red (Taylor's Version),80,1570,Taylor Swift
Pink Friday (Complete Edition),80,1574,Nicki Minaj
Positions,80,1576,Ariana Grande
Rare,80,1577,Selena Gomez
Dua Lipa (Deluxe),80,1579,Dua Lipa
Sweet Talker (Deluxe Version),80,1581,Jessie J|Ariana Grande|Nicki Minaj
BORONDO,79,1593,Beéle
Lagipula Hidup Akan Berakhir,79,1595,Hindia
Suncity,79,1598,Khalid
"Sialnya, Hidup Harus Tetap Berjalan",79,1599,Bernadya
fábula,79,1601,Mahalini
Cinta & Doa,79,1606,Andmesh
Legends Never Die,79,1609,Juice WRLD
Goblin,79,1610,"Tyler, The Creator|Frank Ocean"
Rated R,79,1611,Rihanna
Gawk,79,1613,Vundabar
Depression Cherry,79,1615,Beach House
Year Of The Gentleman (Bonus Track Edition),79,1618,Ne-Yo
Death of a Bachelor,79,1619,Panic! At The Disco
Monokrom,79,1629,Tulus
I AM YOU,79,1633,YNW Melly
AMAR,79,1634,BigXthaPlug
Y Que Quede Claro,79,1635,La Arrolladora Banda El Limón De Rene Camacho
Corridos Tumbados,79,1637,Junior H
El Grito Del Tiempo,79,1638,Duncan Dhu
Hall of Fame,79,1641,Polo G
Before I Self-Destruct,79,1642,50 Cent|Ne-Yo
Random Access Memories,79,1644,Daft Punk|Julian Casablancas
Jab We Met,79,1645,Pritam|Mohit Chauhan|Irshad Kamil
GEMINI,79,1647,Macklemore|Skylar Grey
La Trenza,79,1650,Mon Laferte|Bunbury
EL ÚLTIMO BAILE,79,1651,Trueno
A Mis 20,79,1652,Natanael Cano
Don't Play That Song,79,1655,Ben E. King
111,79,1658,Milo j
Termômetro,79,1659,Israel & Rodolffo
"Ferrugem 10 Anos, Vol. 1: O Início (Ao Vivo)",79,1661,Ferrugem|Sorriso Maroto
That's The Spirit,79,1664,Bring Me The Horizon
House Of Balloons (Original),79,1665,The Weeknd
San Lucas,79,1666,Kevin Kaarl
Eye Of The Tiger,79,1667,Survivor
We Broke The Rules,79,1668,Aventura|Judy Santos
New Eyes,79,1669,Clean Bandit|Jess Glynne
7/27 (Deluxe),79,1671,Fifth Harmony|Ty Dolla $ign
Naïve,79,1675,Andy Grammer
ARDIPITHECUS,79,1677,WILLOW
Offering,79,1678,Cults
2093,79,1680,Yeat
MADE,79,1681,BIGBANG
Love Yourself 轉 'Tear',79,1682,BTS
Drama - The 4th Mini Album,79,1685,aespa
HOP,79,1687,Stray Kids
GOTTI A,79,1688,Tiago PZK|Ke Personajes
Golden,79,1690,Romeo Santos
De mi puño y letra - Edicion Coleccionista,79,1693,Carlos Baute|Marta Sánchez
Dulce Beat,79,1694,Belanova
La Flaca,79,1695,Jarabe De Palo
Dejarte De Amar,79,1696,Camila
¿Dónde Jugarán Los Niños?,79,1697,Maná
Balas Perdidas,79,1698,Morat
MICRODOSIS,79,1701,Mora|Feid
ORQUÍDEAS,79,1711,Kali Uchis|Peso Pluma
Pa las Baby's Y Belikeada,79,1712,Fuerza Regida|Manuel Turizo
BUENAS NOCHES,79,1713,Quevedo|Aitana
Limon Y Sal,79,1718,Julieta Venegas
Larger Than Life,79,1719,Brent Faiyaz
"So Wrong, It's Right",79,1720,All Time Low
Motivando a la Yal,79,1721,Zion & Lennox
El Fenomeno,79,1722,Arcángel
Revival (Deluxe),79,1723,Selena Gomez|A$AP Rocky
Layers,79,1727,Kungs|Cookin' On 3 Burners
All Hope Is Gone (10th Anniversary),79,1732,Slipknot
Cassie (U.S. Version),79,1737,Cassie
PARTYNEXTDOOR TWO,79,1741,PARTYNEXTDOOR
What You See Is What You Get,79,1747,Luke Combs
Wandering (Love Me Back),79,1748,Max McNown
Carrie & Lowell,79,1754,Sufjan Stevens
Trip,79,1755,Jhené Aiko|Swae Lee
I Used To Know Her,79,1756,H.E.R.|Bryson Tiller
Growin' Up,79,1758,Luke Combs
A Place We Knew,79,1760,Dean Lewis
James Arthur (Deluxe),79,1762,James Arthur
In A Perfect World (Expanded Edition),79,1763,Kodaline
An Evening With Silk Sonic,79,1765,Bruno Mars|Anderson .Paak|Silk Sonic
"I Love Life, Thank You",79,1766,Mac Miller|The Temper Trap
Takin' It Back,79,1768,Meghan Trainor
Three Cheers for Sweet Revenge,79,1770,My Chemical Romance
All Things Must Pass (2014 Remaster),79,1771,George Harrison
Facelift,79,1773,Alice In Chains
Make Yourself,79,1774,Incubus
Hellbilly Deluxe,79,1776,Rob Zombie
The Sickness,79,1777,Disturbed
Mutter,79,1778,Rammstein
A Beautiful Lie,79,1780,Thirty Seconds To Mars
From A Room: Volume 1,79,1783,Chris Stapleton
Buy Dirt,79,1784,Jordan Davis|Luke Bryan
Pronounced' Leh-'Nerd 'Skin-'Nerd,79,1787,Lynyrd Skynyrd
Paranoid,79,1788,Black Sabbath
Green River (Expanded Edition),79,1789,Creedence Clearwater Revival
Beautifully Broken,79,1790,Jelly Roll
Requiem,79,1791,keshi
Lust For Life,79,1792,Lana Del Rey
Faye Webster,79,1793,Faye Webster
Buffalo Springfield,79,1794,Buffalo Springfield
Picture Show,79,1796,Neon Trees
"Shame, Shame (Deluxe Edition)",79,1798,Dr. Dog
Her Love Still Haunts Me Like a Ghost,79,1799,Montell Fish
Staying at Tamara's,79,1800,George Ezra
Tourist History,79,1803,Two Door Cinema Club
"How to: Friend, Love, Freefall",79,1808,Rainbow Kitten Surprise
All Stand Together,79,1812,Lost Frequencies|Calum Scott
Something To Give Each Other,79,1813,Troye Sivan
Care Package,79,1814,Drake
X 100PRE,79,1815,Bad Bunny
Indigo,79,1816,Chris Brown|Drake
Amala,79,1818,Doja Cat
STRATEGY,79,1820,TWICE|Megan Thee Stallion
DUMMY BOY (Revised),79,1822,6ix9ine|Anuel AA
Pink Friday: Roman Reloaded The Re-Up (Explicit Version),79,1826,Nicki Minaj
Glory,79,1827,Yo Yo Honey Singh
AMERI,79,1828,Duki|Myke Towers
Übermensch,79,1830,G-DRAGON|Anderson .Paak
Finally Rich,79,1833,Chief Keef
LA PANTERA NEGRA,79,1834,Myke Towers|Bad Bunny
Mr. Morale & The Big Steppers,79,1837,Kendrick Lamar
The Forever Story (Extended Version),79,1840,JID|21 Savage|Baby Tate
Perception,79,1841,NF
Love Sick,79,1845,Don Toliver|Justin Bieber|Future
All Eyez On Me,79,1851,2Pac|Big Syke
Lethal Injection,79,1852,Ice Cube
True Believers,79,1853,Darius Rucker
Be Not Nobody,79,1855,Vanessa Carlton
Late Night Feelings,79,1856,Mark Ronson|Miley Cyrus
The Bends,79,1860,Radiohead
Smash,79,1861,The Offspring
Life Thru A Lens,79,1862,Robbie Williams
The Score (Expanded Edition),79,1863,Fugees|Ms. Lauryn Hill
Backstreet's Back,79,1864,Backstreet Boys
Another Level,79,1865,Blackstreet|Dr. Dre|Queen Pen
Ten,79,1866,Pearl Jam
Mama Said,79,1867,Lenny Kravitz
Mellon Collie And The Infinite Sadness (Deluxe Edition),79,1868,The Smashing Pumpkins
Out of the Blue,79,1870,Electric Light Orchestra
Boston,79,1871,Boston
America,79,1872,America|George Martin
Kaya,79,1873,Bob Marley & The Wailers
Let It Be (Remastered),79,1874,The Beatles
Led Zeppelin III (Remaster),79,1875,Led Zeppelin
Fleetwood Mac,79,1877,Fleetwood Mac
Outlandos D'Amour (Remastered 2003),79,1878,The Police
Exodus,79,1879,Bob Marley & The Wailers
No Secrets,79,1882,Carly Simon
The Fray,79,1883,The Fray
Escapology,79,1884,Robbie Williams
31 Minutes to Takeoff,79,1886,Mike Posner|Gigamesh
"Echoes, Silence, Patience & Grace",79,1887,Foo Fighters
Appeal To Reason,79,1889,Rise Against
Gorillaz,79,1891,Gorillaz|Del The Funky Homosapien
Ocean Eyes,79,1892,Owl City
From Under The Cork Tree,79,1893,Fall Out Boy
Songs In A Minor,79,1894,Alicia Keys
All That We Needed,79,1895,Plain White T's
Spirit,79,1896,Leona Lewis
Away From The Sun,79,1897,3 Doors Down
Graceland (25th Anniversary Deluxe Edition),79,1913,Paul Simon
1984 (Remastered),79,1914,Van Halen
Katrina & The Waves,79,1915,Katrina & The Waves
Non-Stop Erotic Cabaret,79,1916,Soft Cell
The Age of Consent,79,1917,Bronski Beat
Broadcast,79,1918,Cutting Crew
Combat Rock (Remastered),79,1920,The Clash
9 To 5 And Odd Jobs,79,1923,Dolly Parton
Super Trouper,79,1924,ABBA
Abba,79,1925,ABBA
Lovers,79,1928,Anna of the North
Oxymoron (Deluxe),79,1937,ScHoolboy Q|Kendrick Lamar
Coastal Grooves,79,1938,Blood Orange
Laundry Service,79,1957,Shakira
Shakira. (Expanded Edition) [Spanish Version],79,1958,Shakira|Rihanna
Speak Now (Taylor's Version),79,1962,Taylor Swift
Everything I Know About Love,79,1968,Laufey
ARTPOP,79,1969,Lady Gaga
THE END OF EVERYTHING,79,1971,Noah Cyrus
Mentiras: La Serie (Music from the Original TV Series),78,1984,Mentiras: La Serie|Mariana Treviño
Virgin,78,1985,Lorde
White Noise for Sleeping Babies,78,1990,White Noise Baby Sleep
All the Little Lights (Deluxe),78,1993,Passenger
Everyday Is Christmas (Deluxe Edition),78,1997,Sia
Feel Something,78,2001,Jaymes Young
A N N I V E R S A R Y,78,2003,Bryson Tiller
The Night in Question: French Exit Outtakes,78,2004,TV Girl
Bad Blood,78,2005,Bastille
"Wisin Vs Yandel ""Los Extraterrestres""",78,2007,Wisin & Yandel
Soulmate,78,2008,Kahitna
Mon coeur avait raison,78,2010,GIMS
"Ever-Shifting, Continual Blossoming",78,2013,Chance Peña
Pretty Little Poison,78,2015,Warren Zeiders
Capacities,78,2023,Up Dharma Down
Little Dark Age,78,2026,MGMT
Gracias Por Creer,78,2028,La Arrolladora Banda El Limón De Rene Camacho
Time,78,2030,Mr.Kitty
Insomniac,78,2031,Green Day
Saturday Night Wrist,78,2032,Deftones
Chip Chrome & The Mono-Tones,78,2033,The Neighbourhood
NOT ALL HEROES WEAR CAPES (Deluxe),78,2034,Metro Boomin|Gunna
Left for Dead,78,2035,Lustra
The Papercut Chronicles,78,2041,Gym Class Heroes
Teenage Dream,78,2042,Katy Perry
In A Time Lapse,78,2047,Ludovico Einaudi|Daniel Hope|I Virtuosi Italiani
This Is The Life (eDeluxe),78,2050,Amy Macdonald
B.o.B Presents: The Adventures of Bobby Ray,78,2051,B.o.B|Bruno Mars
Ojos En Blanco,78,2052,La Arrolladora Banda El Limón De Rene Camacho
THE GOAT,78,2053,Polo G
Sanam Teri Kasam (Original Motion Picture Soundtrack),78,2056,Arijit Singh|Sameer Anjaan
GO:OD AM,78,2059,Mac Miller|Miguel
Flockaveli,78,2061,Waka Flocka Flame|Roscoe Dash|Wale
CAN YOU IMAGINE?,78,2062,Elevation Worship|Brandon Lake|Chris Brown|Chandler Moore
Voluma,78,2064,León Larregui
Memoirs of an imperfect Angel (International Version),78,2065,Mariah Carey
eat ya veggies,78,2067,bbno$|Rich Brian
Pinkfong Animal Songs,78,2068,Pinkfong
Imagination & the Misfit Kid,78,2070,Labrinth
Still Sleep?,78,2076,Sleepy Hallow
Solstis - De León Larregui,78,2077,León Larregui
Golden Hour,78,2079,Kygo|Whitney Houston
Pa Que Se Motiven,78,2081,LEGADO 7|Kane Rodriguez
3D : The Remixes,78,2082,Jung Kook|Jack Harlow
La Historia... Los Éxitos,78,2084,Adolescent's Orquesta
Presenting the Fabulous Ronettes Featuring Veronica,78,2086,The Ronettes
The World We Knew,78,2087,Frank Sinatra|Nancy Sinatra
Highway 61 Revisited,78,2088,Bob Dylan
If You Can Believe Your Eyes & Ears,78,2089,The Mamas & The Papas
Solo,78,2090,Frankie Valli
"Boca Chueca, Vol. 1",78,2092,Carin Leon
Confident,78,2093,Demi Lovato
9 Lives,78,2095,Koe Wetzel|Jessie Murph
suburban daredevil,78,2097,wifiskeleton|i wanna be a jack-o-lantern
Diego & Victor Hugo Ao Vivo em Brasília,78,2099,Diego & Victor Hugo
"Diamantes, Lágrimas e Rostos para Esquecer",78,2101,BK|Kolo|Evinha
Estilo Nattanzinho (Ao Vivo em São Paulo),78,2102,NATTAN|Léo Foguete
Liberdade,78,2106,Oruam|Victor WAO|Maurin
Fuck The World,78,2113,Brent Faiyaz
pretty,78,2116,Artemas
Don't Play That Song (Mono),78,2118,Ben E. King
Delirium (Deluxe),78,2119,Ellie Goulding
The Last,78,2120,Aventura
Epiphany (Expanded Edition),78,2121,T-Pain|Yung Joc
Funhouse (Expanded Edition),78,2122,P!nk
Pocketful Of Sunshine,78,2128,Natasha Bedingfield
Starboy (Deluxe),78,2129,The Weeknd|Ariana Grande
Interstellar (Original Motion Picture Soundtrack) [Expanded Edition],78,2130,Hans Zimmer
Life For Rent,78,2133,Dido
Intimo,78,2140,Nicky Jam|J Balvin
Mi Nuevo Yo,78,2147,Natanael Cano
cuatro,78,2152,Camilo|Carin Leon
Pitbull Starring In Rebelution,78,2153,Pitbull
MTV Unplugged Música De Fondo (Reissue/Live),78,2154,Zoé
Hombres G (Edición 30 Aniversario),78,2156,Hombres G
Reik,78,2157,Reik
Soy Como Quiero Ser,78,2158,Luis Miguel
166 (DELUXE) retirada,78,2163,Milo j
MIRADA,78,2166,Ivan Cornejo
Primer Dia de Clases,78,2167,Mora
The Last Don II,78,2168,Don Omar
Un Besito Más,78,2181,Jesse & Joy
El Abayarde,78,2184,Tego Calderón
Halcyon Nights,78,2185,Ellie Goulding
A Perfect Contradiction (Outsiders' Expanded Edition),78,2186,Paloma Faith
No One (Remixes),78,2187,Alicia Keys
Blue,78,2188,Jonas Blue|JP Cooper
Who You Are (Platinum Edition),78,2189,Jessie J
The Midsummer Station,78,2192,Owl City|Carly Rae Jepsen
Tribute,78,2193,John Newman
Sinner,78,2195,Drowning Pool
@dannocean,78,2198,Danny Ocean
11:11,78,2199,Chris Brown
X (Expanded Edition),78,2202,Chris Brown|Lil Wayne|Tyga
I Told You,78,2203,Tory Lanez
4 ONLY,78,2209,LeeHi
The Getaway,78,2210,Red Hot Chili Peppers
Results May Vary,78,2211,Limp Bizkit
Diplo Presents Thomas Wesley: Chapter 1 - Snake Oil,78,2213,Diplo|Morgan Wallen
Whirlwind,78,2215,Lainey Wilson
No Vacancy,78,2216,Treaty Oak Revival
Messy,78,2217,Olivia Dean
WASTELAND,78,2219,Brent Faiyaz
Sail Out,78,2220,Jhené Aiko|Kendrick Lamar
What Is Love? (Deluxe Edition),78,2221,Clean Bandit|Zara Larsson
Z-Sides,78,2225,Tom Rosenthal
Am I Okay?,78,2227,Megan Moroney
Happiness Begins,78,2230,Jonas Brothers
Sempiternal (Expanded Edition),78,2231,Bring Me The Horizon
blink-182,78,2232,blink-182
Jar Of Flies,78,2234,Alice In Chains
Dirt (2022 Remaster),78,2235,Alice In Chains
The Dark Side of the Moon,78,2236,Pink Floyd
MTV Unplugged In New York,78,2237,Nirvana
Bleach,78,2238,Nirvana
Dark Horse,78,2239,Nickelback
Chief,78,2241,Eric Church
Poets & Old Souls,78,2242,Bryan Martin
4 (Expanded),78,2244,Foreigner
Led Zeppelin II (1994 Remaster),78,2245,Led Zeppelin
Blizzard Of Ozz (40th Anniversary Expanded Edition),78,2246,Ozzy Osbourne
Leftoverture (Expanded Edition),78,2249,Kansas
Working Class Dog,78,2250,Rick Springfield
Commodores,78,2251,Commodores
Instrumental Relics,78,2252,Clams Casino|Imogen Heap
Too Rye Ay,78,2253,Dexys Midnight Runners
All My Demons Greeting Me As A Friend (Deluxe),78,2257,AURORA
Bury Me At Makeout Creek,78,2259,Mitski
Stranger in the Alps,78,2260,Phoebe Bridgers
Up From Below - 10th Anniversary Edition,78,2262,Edward Sharpe & The Magnetic Zeros
Beach House,78,2263,Beach House
Surfer Rosa (2007 Remaster),78,2265,Pixies
Summer's Over,78,2268,Jordana|TV Girl
this is what ____ feels like (Vol. 1-4),78,2269,JVKE
Levi Don't Do It,78,2281,BUNT.|Nate Traveller
Project Baby 2: All Grown Up,78,2287,Kodak Black
DS2 (Deluxe),78,2289,Future
Last Day Of Summer,78,2290,Summer Walker|Drake
Dark Lane Demo Tapes,78,2291,Drake|Chris Brown
Singular Act II,78,2294,Sabrina Carpenter
Scarlet,78,2295,Doja Cat
SremmLife,78,2298,Rae Sremmurd
APOCALYPSE,78,2302,Gazo
So Far Gone,78,2303,Drake
DS4EVER,78,2305,Gunna|Drake
Shoot For The Stars Aim For The Moon,78,2306,Pop Smoke
Meet The Woo,78,2307,Pop Smoke
Too Hard,78,2311,Lil Baby
MIXTAPE PLUTO,78,2325,Future
Eye To The Telescope,78,2327,KT Tunstall
No Angel,78,2336,Dido
Waking Up The Neighbours,78,2338,Bryan Adams
The Bodyguard - Original Soundtrack Album,78,2339,Whitney Houston
Maybe You've Been Brainwashed Too,78,2341,New Radicals
The Chronic,78,2342,Dr. Dre|Snoop Dogg
Come Into My Life (The Album),78,2348,Gala|Molella|Phil Jay
Homecoming,78,2349,America|George Martin
American Pie,78,2350,Don McLean
News Of The World (2011 Remaster),78,2352,Queen
Point Of Know Return (Expanded Edition),78,2353,Kansas
Eagles (2013 Remaster),78,2354,Eagles
Reggatta De Blanc (Remastered 2003),78,2355,The Police
Looking Glass,78,2356,Looking Glass
Tea For The Tillerman (Remastered 2020),78,2357,Yusuf / Cat Stevens
Madman Across The Water,78,2358,Elton John
200 KM/H In The Wrong Lane (10th Anniversary Edition),78,2359,t.A.T.u.
Writer's Block,78,2360,Peter Bjorn and John
Sam's Town,78,2361,The Killers
Cheese,78,2362,Stromae
I'm Not Dead,78,2363,P!nk
The Best Damn Thing (Expanded Edition),78,2369,Avril Lavigne
Goodies,78,2371,Ciara|Missy Elliott
Chris Brown (Expanded Edition),78,2372,Chris Brown|Juelz Santana
Country Grammar,78,2373,Nelly|City Spud
Monkey Business,78,2374,Black Eyed Peas
R&G (Rhythm & Gangsta): The Masterpiece,78,2375,Snoop Dogg|Pharrell Williams
One Of The Boys,78,2377,Katy Perry
Dutty Rock (20th Anniversary),78,2378,Sean Paul
Eliminator,78,2385,ZZ Top
Storm Front,78,2386,Billy Joel
Building The Perfect Beast (Remastered 2024),78,2388,Don Henley
Tattoo You (2009 Re-Mastered),78,2389,The Rolling Stones
Business As Usual,78,2391,Men At Work
Full Moon Fever,78,2393,Tom Petty
Master Of Puppets (Remastered),78,2394,Metallica
Dare!,78,2395,The Human League
I Love Rock 'N' Roll (Expanded Edition),78,2398,Joan Jett & the Blackhearts
Older (and Wiser),78,2401,Lizzy McAlpine
THE FIRST TIME (DELUXE VERSION),78,2418,The Kid LAROI
Hozier (Special Edition),78,2421,Hozier
GUTS (spilled),78,2430,Olivia Rodrigo
Good Riddance (Deluxe),78,2434,Gracie Abrams
1989 (Taylor's Version),78,2436,Taylor Swift
The Divine Feminine,78,2437,Mac Miller|Bilal
Sweetener,78,2438,Ariana Grande
Thug Life (Tamil),77,2459,A.R. Rahman|Chinmayi|Siva Ananth
Best White Noise for Baby Sleep - Loopable with No Fade,77,2467,White Noise Baby Sleep|White Noise for Babies
Disfruté Engañarte,77,2468,La Adictiva
Soda Stereo (Remastered),77,2470,Soda Stereo
iDon,77,2471,Don Omar
PHASES,77,2473,Chase Atlantic
Stand Alone (10th Anniversary Deluxe Edition),77,2475,Morgan Wallen
MUSIC - SORRY 4 DA WAIT,77,2480,Playboi Carti
CLAPCLAPCLAP!,77,2483,IV Of Spades
The Hardest Love,77,2490,Dean Lewis
Save Rock And Roll,77,2500,Fall Out Boy
And You Are Me,77,2504,Uncle Lucius
A 20 Something Fuck,77,2505,Two Feet
El Aferrado,77,2506,Julión Álvarez y su Norteño Banda
Bad (Remastered),77,2508,Michael Jackson
Más Adelante,77,2509,La Arrolladora Banda El Limón De Rene Camacho
It's All In Your Head,77,2510,dandelion hands
Nicotine,77,2511,Trevor Daniel
Waking Up,77,2512,OneRepublic
Metallica (Remastered),77,2513,Metallica
METRO BOOMIN PRESENTS SPIDER-MAN: ACROSS THE SPIDER-VERSE (SOUNDTRACK FROM AND INSPIRED BY THE MOTION PICTURE),77,2514,Metro Boomin|A$AP Rocky|Roisee
DIE FOR MY BITCH,77,2517,Baby Keem
Cacophony,77,2519,Paris Paloma
Corta Venas,77,2521,Eslabon Armado|DannyLux
"Wasteland, Baby!",77,2527,Hozier
Swimming,77,2535,Mac Miller
SremmLife 2 (Deluxe),77,2536,Rae Sremmurd|Gucci Mane
Talento de Vida,77,2537,Doble ONE Flow Letal
Nonfiksi,77,2538,Juicy Luicy
Fuera de Órbita,77,2541,La Santa Grifa
Dije Que No Me Iba a Enamorar,77,2542,Yami Safdie|Milo j
Lost;Found,77,2543,Faheem Abdullah|Rauhan Malik|Amir Ameer
Making Memories,77,2544,Karan Aujla|Ikky
Por Las Damas,77,2545,Cardenales De Nuevo León
Flying Solo,77,2546,Pamungkas
Stop Staring At the Shadows,77,2548,$uicideboy$
"Sing Me a Lullaby, My Sweet Temptation",77,2549,$uicideboy$
Melly vs. Melvin,77,2550,YNW Melly
Don Omar Presents MTO2: New Generation,77,2553,Don Omar|NATTI NATASHA
LIFE'S A TRIP,77,2554,Trippie Redd|Reese LAFLARE|Young Thug
Libre Por Naturaleza,77,2556,Duelo
Die Lit,77,2557,Playboi Carti|Lil Uzi Vert
ANIMAL,77,2560,Vishal Mishra|Raj Shekhar
Om Shanti Om,77,2561,Vishal-Shekhar|KK
Aashiqui 2,77,2563,Mithoon|Arijit Singh
Manifesto,77,2565,Ati242
A Boa Parte (Ao Vivo),77,2566,fhop music|Débora Rabelo|Hamilton Rabelo
El Segundo Es Felino,77,2568,Enjambre|Lo Blondo
Badlapur (Original Motion Picture Soundtrack),77,2569,Sachin-Jigar|Atif Aslam
Goodbye Lullaby (Expanded Edition),77,2572,Avril Lavigne
Humanz (Deluxe),77,2573,Gorillaz|Kali Uchis
Livin' My Best Life (Still),77,2575,Dylan Scott
"Corridos Bélicos, Vol. IV",77,2576,Luis R Conriquez|Tito Double P
Right Place Right Time (Expanded Edition),77,2577,Olly Murs|Flo Rida
Black Star Elephant,77,2578,Nico & Vinz
Confia (Ao Vivo),77,2579,Grupo Menos É Mais|Matheus Fernandes
Turning Point,77,2584,Mario
Heartache Medication,77,2585,Jon Pardi
Partyson,77,2586,Cris Mj
La Rueda De La Fortuna,77,2587,Alfredo Olivas
Así Es Esto,77,2590,Alfredo Olivas
En Tiempo De Amor,77,2594,Maelo Ruiz
Help! (Remastered),77,2595,The Beatles
The Beatles (Remastered),77,2596,The Beatles
Baby Now That I've Found You,77,2597,The Foundations
Sweet Caroline,77,2598,Neil Diamond
JACKBOYS,77,2601,JACKBOYS|Travis Scott|Young Thug
Love Goes,77,2604,Sam Smith
O Céu Explica Tudo (Ao Vivo),77,2607,Henrique & Juliano
Toma Essa Verdade (Ao Vivo),77,2609,Danilo e Davi
Arrocha Safadão,77,2612,Wesley Safadão|Natanzinho Lima
Congrats,77,2616,Holy Fuck
Aretha Now,77,2620,Aretha Franklin
Extreme Behavior,77,2621,Hinder
GABRIEL,77,2622,keshi
HELP EVER HURT NEVER,77,2623,Fujii Kaze
Breakaway,77,2624,Kelly Clarkson
Just Once In My Life,77,2625,The Righteous Brothers
Day & Age (Bonus Tracks),77,2626,The Killers
"Alright, Still (Deluxe)",77,2629,Lily Allen
Wildfire,77,2631,Rachel Platten
8 Letters,77,2632,Why Don't We
Brightest Blue,77,2633,Ellie Goulding|Juice WRLD
Reflection (Deluxe),77,2634,Fifth Harmony|Kid Ink
19,77,2638,Adele
ROMANCE : UNTOLD,77,2640,ENHYPEN
ROCK-STAR,77,2645,Stray Kids
ROMANCE : UNTOLD -daydream-,77,2648,ENHYPEN
Felicilandia,77,2649,Alvaro Diaz|Rauw Alejandro
Nata Montana,77,2656,Natanael Cano
Soy Lo Que Quiero... Indispensable (Edición Especial),77,2657,Julión Álvarez y su Norteño Banda
DISTORSIÓN,77,2658,Oscar Maydon|Gabito Ballesteros|Chino Pacas
Clásicos,77,2660,LAGOS|Danny Ocean
Déjenme Llorar,77,2661,Carla Morrison
Barrio Fino En Directo,77,2662,Daddy Yankee
Fantasía o realidad,77,2663,Alex Ubago
Cuatro Caminos,77,2664,Café Tacvba
Alta Suciedad,77,2665,Andrés Calamaro
3.0,77,2666,Marc Anthony
Busca Una Mujer,77,2667,Luis Miguel
Más,77,2668,Alejandro Sanz
Caifanes,77,2671,Caifanes
ESQUEMAS,77,2690,Becky G|KAROL G
Balloonerism,77,2691,Mac Miller
Sunshine on Leith,77,2694,The Proclaimers
Dj Pablito Presenta- La Factoría,77,2695,DJ Pablito|La Factoria|Joycee
Lifehouse,77,2697,Lifehouse
Pharmacy,77,2698,Galantis
Peace Is The Mission : Extended,77,2700,Major Lazer|Nyla|Fuse ODG
Dying to Live,77,2701,Kodak Black|Offset|Travis Scott
Saxobeats,77,2702,Alexandra Stan
Red (Big Machine Radio Release Special),77,2703,Taylor Swift
Prestige,77,2704,Daddy Yankee
Clarity,77,2705,Zedd|Foxes
Battleground (Deluxe Edition),77,2706,The Wanted
LIVING THINGS,77,2709,Linkin Park
THE DEATH OF PEACE OF MIND,77,2710,Bad Omens
See You On the Other Side,77,2711,Korn
Them Vs. You Vs. Me (Deluxe Edition),77,2712,Finger Eleven
Take Me Back To Eden,77,2714,Sleep Token
Exclusive (Expanded Edition),77,2719,Chris Brown
Elisabeth,77,2723,Zach Bryan
Tailgates & Tanlines,77,2724,Luke Bryan
Always & Forever,77,2725,Randy Travis
Live on Red Barn Radio I & II,77,2729,Tyler Childers
Firewater,77,2733,Whiskey Myers
Coming Home (Deluxe),77,2737,Leon Bridges
Birthplace,77,2739,Novo Amor
What A Wonderful World,77,2740,Louis Armstrong
Stratosphere,77,2744,Duster
At Last!,77,2746,Etta James
The Dock of the Bay (Mono),77,2747,Otis Redding
Tell Mama,77,2748,Etta James
Unapologetic (Deluxe),77,2749,Rihanna|Future
Back to Bedlam,77,2753,James Blunt
VHS,77,2754,X Ambassadors
Euphoria (Original Score from the HBO Series),77,2757,Labrinth
Don't You Fake It,77,2760,The Red Jumpsuit Apparatus
Collide With The Sky,77,2761,Pierce The Veil|Kellin Quinn
Extreme II - Pornograffitti,77,2762,Extreme
Out Of Our Heads,77,2763,The Rolling Stones
Let It Bleed,77,2764,The Rolling Stones
Ten Thousand Fists,77,2766,Disturbed
Rammstein,77,2767,Rammstein
Hail to the King,77,2768,Avenged Sevenfold
The Resistance,77,2769,Muse
Crash My Party,77,2770,Luke Bryan
TAKE CARE,77,2771,BigXthaPlug
The Foundation,77,2774,Zac Brown Band
Rearview Town,77,2775,Jason Aldean
California Sunrise,77,2776,Jon Pardi
Lee Brice,77,2777,Lee Brice
the mockingbird & THE CROW,77,2778,HARDY
NATE SMITH (DELUXE),77,2779,Nate Smith
Some Hearts,77,2780,Carrie Underwood
CALL ME IF YOU GET LOST,77,2786,"Tyler, The Creator|Brent Faiyaz|Fana Hues"
JAMIE,77,2787,Montell Fish
Let's Skip to the Wedding,77,2788,Eyedress
When We Were Friends,77,2789,The Backseat Lovers
14 minutes,77,2790,Dominic Fike
Rubber Soul (Remastered 2009),77,2791,The Beatles
The Smiths,77,2794,The Smiths
Fuzzybrain,77,2796,Dayglow
Get Born (Deluxe Edition),77,2797,Jet
Inside In / Inside Out,77,2798,The Kooks
Mt. Joy,77,2800,Mt. Joy
Tha Carter V,77,2817,Lil Wayne
SKINS,77,2818,XXXTENTACION
JESUS IS KING,77,2819,Kanye West
The Marshall Mathers LP2 (Deluxe),77,2820,Eminem
Championships,77,2823,Meek Mill|Drake
B4 The Storm,77,2824,Internet Money|Gunna|Don Toliver|NAV
ENOC,77,2826,Ozuna|Camilo
Twelve Carat Toothache,77,2828,Post Malone|Doja Cat
Invasion of Privacy,77,2830,Cardi B|Bad Bunny|J Balvin
No.6 Collaborations Project,77,2831,Ed Sheeran & Justin Bieber|Justin Bieber
A LA VIE A LA MORT,77,2836,SDM
Paper Trail,77,2840,T.I.
Come Home The Kids Miss You,77,2842,Jack Harlow
Her Loss,77,2843,Drake|21 Savage
Harder Than Ever,77,2848,Lil Baby|Drake
Walkerworld,77,2857,Alan Walker|Dash Berlin|Vikkstar
R U Still Down? [Remember Me],77,2863,2Pac
Continuum,77,2865,John Mayer
Come Away With Me (Super Deluxe Edition),77,2867,Norah Jones
Teenage Dream: The Complete Confection,77,2868,Katy Perry
Camino Palmero,77,2870,The Calling
Mezzanine,77,2874,Massive Attack|Horace Andy
Return of the Mack,77,2875,Mark Morrison
Third Eye Blind,77,2876,Third Eye Blind
House of Pain (Fine Malt Lyrics) [30 Years] [Deluxe Edition],77,2877,House Of Pain
5,77,2878,Lenny Kravitz
Achtung Baby (Deluxe Edition),77,2881,U2
Dish of the Day,77,2882,Fools Garden
A Little Bit of Mambo,77,2883,Lou Bega
The Miseducation of Lauryn Hill,77,2884,Ms. Lauryn Hill
Wish,77,2885,The Cure
Duran Duran,77,2886,Duran Duran
I Do Not Want What I Haven't Got,77,2890,Sinéad O'Connor
City to City,77,2891,Gerry Rafferty
The Captain and Me,77,2892,The Doobie Brothers
Agents Of Fortune,77,2893,Blue Öyster Cult
Diana Ross Presents The Jackson 5,77,2894,The Jackson 5
Even In The Quietest Moments,77,2895,Supertramp
Who Loves You,77,2896,Frankie Valli & The Four Seasons
Elvis (Fool),77,2897,Elvis Presley
Chicago X,77,2898,Chicago
Toulouse Street,77,2899,The Doobie Brothers
Three Imaginary Boys,77,2900,The Cure
The Rise and Fall of Ziggy Stardust and the Spiders from Mars (2012 Remaster),77,2901,David Bowie
Stealers Wheel,77,2902,Stealers Wheel
Imagine,77,2903,John Lennon
Confessions on a Dance Floor,77,2912,Madonna
Not 4 Sale,77,2913,Kardinal Offishall|Akon
souljaboytellem.com,77,2914,Soulja Boy
Because Of You,77,2916,Ne-Yo
What a Feelin',77,2928,Irene Cara
The Final Countdown (Expanded Edition),77,2932,Europe
Ghost In The Machine (Remastered 2003),77,2933,The Police
Repeat Offender,77,2934,Richard Marx
Once Upon A Time (Super Deluxe),77,2935,Simple Minds
Look Sharp!,77,2939,Roxette
Best Buds,77,2940,Mom Jeans.
deadroses,77,2941,blackbear
I AM...SASHA FIERCE,77,2942,Beyoncé
Appaloosa Bones,77,2944,Gregory Alan Isakov
Tha Carter IV (Complete Edition),77,2945,Lil Wayne|Bruno Mars
MEGAN,77,2950,Megan Thee Stallion|千葉雄喜
Faith,77,2959,George Michael
THE TORTURED POETS DEPARTMENT: THE ANTHOLOGY,77,2967,Taylor Swift
Tropicoqueta,76,2989,KAROL G|Feid
Palabra De To's (Seca),76,2993,Carin Leon|Maluma
El Diablito,76,3000,Caifanes
PHOENIX,76,3003,Elley Duhé
Fallin',76,3004,StaySolidRocky
Minari (Original Motion Picture Soundtrack),76,3005,Emile Mosseri
All The Right Reasons (15th Anniversary Expanded Edition),76,3006,Nickelback
Hasta el Fin Del Mundo,76,3007,Kevin Kaarl
Another One,76,3013,Mac DeMarco
Hale,76,3018,Hale
Membangun & Menghancurkan,76,3021,.Feast
Still The One,76,3027,Yovie & Nuno
CHASE,76,3030,Aaron May
Letters Never Sent,76,3032,Arthur Nery
Eternal Atake,76,3035,Lil Uzi Vert
Painting Pictures,76,3036,Kodak Black
Peace Is The Mission,76,3038,Major Lazer|DJ Snake|MØ
Inalcanzable,76,3039,Los Bukis
Megalithic Symphony,76,3042,AWOLNATION
21st Century Breakdown,76,3043,Green Day
NOSTALGIA,76,3047,Eslabon Armado|Ivan Cornejo
Bloom,76,3048,RÜFÜS DU SOL
Inside (Deluxe),76,3051,Mother Mother
Riot!,76,3052,Paramore
Queen Of The Clouds,76,3053,Tove Lo
THE GB,76,3054,Gabito Ballesteros|Junior H
Como Duele El Amor,76,3057,Herencia De Grandes
Let The Road,76,3065,Rixton
PSYCHODRAMA,76,3069,Dave|Burna Boy
My Moment,76,3073,Tee Grizzley
"good kid, m.A.A.d city (Deluxe)",76,3074,Kendrick Lamar|Drake
Lost On You,76,3075,LP
Manusia,76,3076,Tulus
The Bigger Artist,76,3082,A Boogie Wit da Hoodie|Kodak Black
Providence,76,3083,Hippie Sabotage
My Liver Will Handle What My Heart Can't,76,3085,$uicideboy$
White Light,76,3086,Sidewalks and Skeletons
Ultimate Love Songs - Arijit Singh,76,3088,Arijit Singh
Blanco Perla,76,3091,Cosculluela
10 Hours of Continuous Rain Sounds for Sleeping,76,3095,White Noise Radiance|Rain Sounds
Tiara Andini,76,3096,Tiara Andini
Vivi En Do,76,3097,Dread Mar I
Naufragios,76,3098,Mikel Erentxun
At What Cost,76,3101,GoldLink|Brent Faiyaz|Shy Glizzy
G.O.A.T.,76,3105,Diljit Dosanjh
"Come Over When You're Sober, Pt. 1",76,3108,Lil Peep
crybaby,76,3109,Lil Peep|Lil Tracy
The End Is Where We Begin,76,3115,Thousand Foot Krutch
A Great Chaos,76,3117,Ken Carson
Langit Mong Bughaw,76,3118,December Avenue
Genius (Original Motion Picture Soundtrack),76,3119,Arijit Singh
My House,76,3120,Flo Rida
5.0,76,3121,Nelly
KIRK,76,3122,DaBaby
Yeh Jawaani Hai Deewani,76,3124,Pritam|Sreeram|Shilpa Rao
ANTENNA,76,3127,Mrs. GREEN APPLE
Vicente Fernandez Para Siempre,76,3128,Vicente Fernández
La Mejor Versión De Mí,76,3129,Banda MS de Sergio Lizárraga
30 Aniversario,76,3130,La Adictiva
Simplemente Gracias,76,3131,Calibre 50
ALFA & OMEGA,76,3132,Alfredo Olivas
"Serenata da GG, Vol. 1 (Ao Vivo)",76,3133,Gloria Groove
"Intenso, Vol. 3 (Ao Vivo)",76,3136,Zé Neto & Cristiano
Embaixador Acústico - Ao Vivo,76,3138,Gusttavo Lima
Diferentão (Ao Vivo),76,3139,Dilsinho
Atrevido,76,3140,Trueno|Nicki Nicole|Bizarrap|Taiu|TATOOL
TUTTA VITA,76,3141,Olly|Juli
Masterpiece (2023 Remaster),76,3143,Big Thief
Segundo Romance,76,3144,Luis Miguel
Sobre El Amor Y Sus Efectos Secundarios,76,3145,Morat
Ahora,76,3146,Christian Nodal
Persona Ideal,76,3151,Adolescent's Orquesta
"Cantándole al Amor, Vol. 2",76,3152,Frankie Ruiz
I Put A Spell On You,76,3153,Nina Simone
Don't Mind If I Do,76,3154,Riley Green|Ella Langley
Spirit In The Sky (Deluxe Edition),76,3155,Norman Greenbaum
Colour By Numbers (Remastered / Expanded Edition),76,3156,Culture Club
Please Please Me (Remastered),76,3157,The Beatles
Where The Shadow Ends,76,3158,BANNERS
I've Tried Everything But Therapy (Part 1.5),76,3166,Teddy Swims
Ao Vivo em Brasília (Vol.2),76,3172,Clayton & Romário
De Bar em Bar 4.0,76,3173,Natanzinho Lima
Transcende (Ao Vivo),76,3175,Lauana Prado
LE NORD SE SOUVIENT : L'ODYSSÉE,76,3178,GIMS
The Emancipation of Mimi,76,3190,Mariah Carey
I AM...SASHA FIERCE - Platinum Edition,76,3193,Beyoncé
Daniel Powter,76,3199,Daniel Powter
St. Elsewhere,76,3200,Gnarls Barkley
The Sweet Escape,76,3201,Gwen Stefani|Akon
Cage The Elephant (Expanded Edition),76,3202,Cage The Elephant
Dark Sky Paradise,76,3203,Big Sean|E-40
Never Say Never - The Remixes,76,3204,Justin Bieber|Jaden
evermore (deluxe version),76,3206,Taylor Swift
Ashlyn,76,3207,Ashe
Magazines Or Novels,76,3209,Andy Grammer
ILLENIUM,76,3210,ILLENIUM|Teddy Swims
Electra Heart (Deluxe),76,3211,MARINA
Persona 3 Reload Original Soundtrack,76,3213,高橋あず美|Lotus Juice|アトラスサウンドチーム|ATLUS GAME MUSIC
Miki Matsubara Best Collection,76,3214,Miki Matsubara
UNFORGIVEN,76,3220,LE SSERAFIM
MAP OF THE SOUL : PERSONA,76,3221,BTS|Halsey
Energía,76,3226,J Balvin
KG0516,76,3228,KAROL G
MANTRA,76,3230,Sebastian Yatra
La Familia B Sides,76,3231,J Balvin
SEXOLANDIA,76,3232,Cachirula|LOOJAN|El Malilla
NACER DE NUEVO,76,3234,JC Reyes|Dei V
Vibras,76,3235,J Balvin|Willy William
Aire (Versión Día),76,3240,Jesse & Joy
ONDEADO$,76,3241,Calle 24|Fuerza Regida|Chino Pacas
Como en los Viejos Tiempos,76,3242,Eden Muñoz|COSME TADEO
Para Mí,76,3248,Yuridia
Homerun,76,3249,Paulo Londra|Lenny Tavárez
Lágrimas desordenadas,76,3252,Melendi
Stop,76,3253,Franco De Vita
El Nervio Del Volcan,76,3254,Caifanes
Sueños Líquidos,76,3255,Maná
Unstoppable,76,3257,KAROL G
Visperas De Carnaval,76,3258,La Mosca
Flores De Alquiler,76,3259,La Quinta Estacion
Caraluna,76,3260,Bacilos
Pa' Otro La 'O,76,3261,ChiChi Peralta|Jandy Feliz
Falta Amor,76,3262,Maná
Aries,76,3263,Luis Miguel
HA-ASH Primera Fila - Hecho Realidad,76,3264,Ha*Ash
Destino Paraiso (25th Anniversary Edition / Remastered 2020),76,3265,Gianluca Grignani
JUGANDO A QUE NO PASA NADA,76,3269,Grupo Frontera|Maluma
F.A.M.E.,76,3270,Maluma
Fénix,76,3271,Nicky Jam
I Am Lucky Brown,76,3272,Lucky Brown|Mateo on the Beatz
MIJA NO TE ASUSTES,76,3273,Clave Especial|Luis R Conriquez
mix pa llorar en tu cuarto,76,3276,Ed Maverick
Afrodisíaco,76,3277,Rauw Alejandro
DONDE QUIERO ESTAR,76,3278,Quevedo
Easy Money Baby,76,3279,Myke Towers
Épico,76,3282,Lunay|Daddy Yankee|Bad Bunny
LA ODISEA,76,3288,Jasiel Nuñez|Peso Pluma|Tito Double P
Palabra De To's,76,3289,Carin Leon
att.,76,3293,Young Miko|Feid
Boy Alone,76,3299,Omah Lay
Chicago 16 (Expanded & Remastered),76,3301,Chicago
Ten Summoner's Tales,76,3303,Sting
In Your Honor,76,3306,Foo Fighters
La Melodia de la Calle (Remastered),76,3307,Tony Dize|Yandel
El Cartel: The Big Boss,76,3308,Daddy Yankee
Funk Wav Bounces Vol.1,76,3310,Calvin Harris|Pharrell Williams|Katy Perry|Big Sean|Funk Wav
MALA SANTA,76,3311,Becky G|Bad Bunny
Everything Is 4,76,3312,Jason Derulo
Free Wired,76,3313,Far East Movement|The Cataracs|DEV
Blurred Lines (Deluxe),76,3315,Robin Thicke|T.I.|Pharrell Williams
Rolling Papers,76,3316,Wiz Khalifa
Communion (Deluxe),76,3318,Olly Alexander (Years & Years)
Issues,76,3321,Korn
Disobey,76,3322,Bad Wolves
4275 (Bonus Version),76,3326,Jacquees
Koi No Yokan,76,3334,Deftones
From A Room: Volume 2,76,3335,Chris Stapleton
Come On Over (Diamond Edition / Super Deluxe),76,3336,Shania Twain
The Gambler,76,3337,Kenny Rogers
Stronger (Deluxe Version),76,3339,Kelly Clarkson
still hungover,76,3345,Ella Langley
Thee Sacred Souls,76,3348,Thee Sacred Souls
Come Around and Love Me,76,3349,Jalen Ngonda
This Empty Northern Hemisphere,76,3350,Gregory Alan Isakov
Silence Between Songs,76,3351,Madison Beer
Broken By Desire To Be Heavenly Sent,76,3352,Lewis Capaldi
Pony,76,3356,Rex Orange County
Nectar,76,3357,Joji
II,76,3359,Boyz II Men
Late Nights: The Album,76,3360,Jeremih|YG
What You See Ain't Always What You Get (Deluxe Edition),76,3362,Luke Combs
~how i'm feeling~,76,3368,Lauv|LANY
CKay The First,76,3370,CKay
RENAISSANCE,76,3372,Beyoncé
Sob Rock,76,3373,John Mayer
Good Thing,76,3374,Leon Bridges
Proof,76,3375,BTS
Special,76,3376,Lizzo
"All Killer, No Filler",76,3385,Sum 41
Phobia (Clean Version),76,3386,Breaking Benjamin
Immortalized,76,3387,Disturbed
Cowboys from Hell,76,3391,Pantera
Sehnsucht (Anniversary Edition - Remastered),76,3392,Rammstein
Vulgar Display of Power,76,3393,Pantera
FLOWER SHOPS (THE ALBUM),76,3394,ERNEST|Morgan Wallen
11:11 (Deluxe),76,3395,Chris Brown
Bell Bottom Country,76,3400,Lainey Wilson
Distant Light (Expanded Edition),76,3401,The Hollies
Whitsitt Chapel,76,3402,Jelly Roll
Heartbeat City (Expanded Edition),76,3404,The Cars
Bookends,76,3405,Simon & Garfunkel
Inca Ore / Grouper,76,3407,Grouper
Lady Lady,76,3409,Masego|FKJ
Punisher,76,3410,Phoebe Bridgers
Purple (2019 Remaster),76,3411,Stone Temple Pilots
Ivory,76,3414,Omar Apollo
Room On Fire,76,3415,The Strokes
Lonerism,76,3416,Tame Impala
Souvlaki,76,3420,Slowdive
Conditions,76,3421,The Temper Trap
Melodrama,76,3423,Lorde
Wild Heart,76,3424,Current Joys
Man On The Moon II: The Legend Of Mr. Rager,76,3448,Kid Cudi
VULTURES 2,76,3450,¥$|Kanye West|Ty Dolla $ign
Relapse: Refill,76,3451,Drake|Kanye West|Lil Wayne|Eminem
Nothing Was The Same (Deluxe),76,3452,Drake|Majid Jordan
Quality Control: Control The Streets Volume 2,76,3457,Quality Control|Lil Baby|DaBaby
LE NORD SE SOUVIENT,76,3466,GIMS
MM..FOOD,76,3469,MF DOOM|Mr. Fantastik
Kings Of Crunk,76,3470,Lil Jon & The East Side Boyz|Ying Yang Twins
MUDBOY,76,3477,Sheck Wes
MONTERO,76,3481,Lil Nas X
Ehhthang Ehhthang,76,3484,GloRilla
The Infamous,76,3493,Mobb Deep
Little Voice,76,3496,Sara Bareilles
Seal,76,3499,Seal
"HIStory - PAST, PRESENT AND FUTURE - BOOK I",76,3500,Michael Jackson
Crazysexycool,76,3501,TLC
Keep The Faith,76,3502,Bon Jovi
Operation Stackola,76,3503,Luniz|Michael Marshall
The Slim Shady LP,76,3504,Eminem
Ricky Martin,76,3505,Ricky Martin
There Is Nothing Left To Lose,76,3509,Foo Fighters
Get A Grip,76,3510,Aerosmith
The Gift Of Game,76,3511,Crazy Town
Falling into You,76,3515,Céline Dion
Jagged Little Pill (2015 Remaster),76,3516,Alanis Morissette
Daydream,76,3517,Mariah Carey
The Party Album!,76,3518,Vengaboys
Aquarium (Special Edition),76,3519,Aqua
Minute by Minute,76,3520,The Doobie Brothers
Still Crazy After All These Years,76,3521,Paul Simon
Slowhand 35th Anniversary (Super Deluxe),76,3522,Eric Clapton
Partners In Crime,76,3523,Rupert Holmes
"Poems, Prayers and Promises",76,3524,John Denver
Goodbye Yellow Brick Road (Remastered),76,3525,Elton John
Who's Next (Deluxe Edition),76,3526,The Who
Signed Sealed And Delivered,76,3527,Stevie Wonder
Let's Stay Together,76,3528,Al Green
Some Girls,76,3529,The Rolling Stones
Killing Me Softly,76,3534,Roberta Flack
Jealous Ones Still Envy (J.O.S.E),76,3545,Fat Joe|Ja Rule|Ashanti
Hi Infidelity (30th Anniversary Edition),76,3569,REO Speedwagon
Departure,76,3570,Journey
Solitude / Solitaire,76,3572,Peter Cetera
Parade - Music from the Motion Picture Under the Cherry Moon,76,3573,Prince
Nena,76,3574,Nena
Toys In The Attic,76,3575,Aerosmith
The Works (2011 Remaster),76,3576,Queen
Brothers In Arms - 20th Anniversary Edition,76,3577,Dire Straits
"Hello, I Must Be Going! (Deluxe Edition)",76,3578,Phil Collins
Knee Deep In The Hoopla,76,3579,Starship
Midnight Love,76,3580,Marvin Gaye
Purple Rain,76,3582,Prince
So Excited! (Expanded Edition),76,3583,The Pointer Sisters
Into The Light (Reissue),76,3584,Chris de Burgh
Sleeping With The Past (Remastered with bonus tracks),76,3585,Elton John
Self Control,76,3586,Laura Branigan
Bad Animals,76,3587,Heart
Anthology,76,3594,"Grover Washington, Jr.|Bill Withers"
Dlow Curry,76,3595,BossMan Dlow|French Montana
Sale el Sol,76,3631,Shakira|El Cata
VIVES,76,3632,Carlos Vives|Sebastian Yatra
Stick Season (Forever),76,3635,Noah Kahan|Gracie Abrams
Joanne (Deluxe),76,3647,Lady Gaga
Killin' It Girl (feat. GloRilla) (Remixes),75,3674,j-hope|GloRilla
strobo,75,3678,Vaundy
Bailemos Otra Vez,75,3683,Chayanne
Canción Animal (Remastered),75,3688,Soda Stereo
songs for carmella: lullabies & sing-a-longs,75,3690,Christina Perri
eternal sunshine deluxe: brighter days ahead,75,3693,Ariana Grande
STUNNER - The 2nd Mini Album,75,3694,TEN
El Silencio,75,3695,Caifanes
Lo Más Escuchado del 2023,75,3698,Kany García|Carin Leon
Long Story Short,75,3699,VOILÀ
Andra & The Backbone,75,3700,Andra & The Backbone
Chief Boot Knocka,75,3701,Sir Mix-A-Lot
Lush,75,3704,Mitski
EVOLution,75,3705,Sabrina Carpenter
LA ISLA LP,75,3708,Rels B
"LABRINTH, SIA & DIPLO PRESENT... LSD",75,3711,Sia|Diplo|Labrinth|LSD
Unapologetic (Edited Version),75,3713,Rihanna|Mikky Ekko
1989,75,3715,Taylor Swift
Church Of Scars,75,3718,Bishop Briggs
Lyfë,75,3720,Yeat
Isyarat Hati,75,3721,NaFF
Amantes Sunt Amentes,75,3723,PXNDX
Strike Whilst the Iron Is Hot,75,3726,Orange & Lemons
Dunia Batas,75,3729,Payung Teduh
Our Biggest Thing Ever,75,3730,Last Child
負け犬にアンコールはいらない,75,3734,ヨルシカ
Relapse,75,3735,Warren Zeiders
MARKERS AND SUCH PENS FLASHDISKS,75,3750,Sal Priadi
Baby Lullabies with Soothing Night-time Sounds,75,3753,Nursery Rhymes ABC
Así Soy Yo,75,3755,Millonario & W. Corona|Cartel De Santa
Abyss,75,3757,Pastel Ghost
Drip or Drown 2,75,3759,Gunna
The Arrival,75,3763,Aaryan Shah
Artist,75,3764,A Boogie Wit da Hoodie
Mundial (Deluxe Version),75,3765,Daddy Yankee
Loveworm,75,3766,beabadoobee
Joan Sebastian Con Mariachi,75,3768,Joan Sebastian
Internacionales Y Románticos,75,3769,Los Temerarios
Compraron Una Cantina,75,3771,Cardenales De Nuevo León
La Oscuridad,75,3774,Bryant Myers|Bad Bunny
Agony,75,3778,Take Care
Hearts,75,3779,America
The Long Road,75,3780,Nickelback
Slipknot,75,3783,Slipknot
Circles,75,3784,Mac Miller
Portamento,75,3786,The Drums
More Than Just a Dream (Deluxe Edition),75,3787,Fitz and The Tantrums
Naked All the Time,75,3788,Sports
Trick,75,3789,Alex G
Issa Album,75,3790,21 Savage
Dharma,75,3796,Sebastian Yatra|Myke Towers
All The Little Lights,75,3801,Passenger
Break the Cycle,75,3802,Staind
My World,75,3803,Justin Bieber
everything means nothing,75,3807,blackbear
Die A Legend,75,3809,Polo G|Lil Tjay
Back from the Dead 2,75,3810,Chief Keef
Hold On,75,3812,Nitty Gritty Dirt Band
Rumores,75,3814,Joan Sebastian|Lisa Lopez
HARAP-HARAP EMAS,75,3815,Adrian Khalif|Juicy Luicy
ASHER,75,3816,Fabio Asher
Desi Kalakaar,75,3819,Yo Yo Honey Singh
Euphories,75,3821,Videoclub|Adèle Castillon|Mattyeux
166,75,3822,Milo j
Muerte,75,3823,Canserbero
Frenia,75,3824,La Santa Grifa
Desvelado,75,3826,Bobby Pulido
Te Pintaron Pajaritos,75,3827,Yandar & Yostin|Andy Rivera
True 2 Myself,75,3829,Lil Tjay
DISORDER,75,3831,KXLLSWXTCH
Bendecido,75,3833,Bryant Myers
ラブストーリー,75,3840,back number
Secretos De Mi Memoria,75,3842,La Arrolladora Banda El Limón De Rene Camacho
Irreversible... 2012,75,3843,La Arrolladora Banda El Limón De Rene Camacho
Sugar Papi,75,3847,Marshmello|Manuel Turizo
M.I.L.S 2.0,75,3848,Ninho
LOCURA,75,3849,Lazza
Hoodie SZN,75,3851,A Boogie Wit da Hoodie
AI YoungBoy 2,75,3852,YoungBoy Never Broke Again
Jannat (Original Motion Picture Soundtrack),75,3859,Pritam|KK
Once Upon A Time In Mumbaai,75,3860,Pritam|Mohit Chauhan|Irshad Kamil
Agent Vinod,75,3861,Pritam|Arijit Singh
Ramaiya Vastavaiya (Original Motion Picture Soundtrack),75,3869,Atif Aslam|Shreya Ghoshal|Sachin-Jigar
333,75,3871,Matuê
Section.80,75,3874,Kendrick Lamar
Revival,75,3875,Vancouver Sleep Clinic
"Steven Universe, Vol. 1 (Original Soundtrack)",75,3876,Steven Universe|Rebecca Sugar
Virgo World,75,3877,Lil Tecca
Duality,75,3878,Duke Dumont
Sultan,75,3880,Vishal-Shekhar|Papon|Irshad Kamil
Alone In A Crowd,75,3881,Oliver Tree|Robin Schulz
Legendary,75,3883,Tyga|Offset
Mr. And Mrs. Mahi (Original Motion Picture Soundtrack),75,3884,Bunny|Hunny|Sagar
Rien 100 Rien,75,3886,Jul
Cry Baby (Deluxe Edition),75,3887,Melanie Martinez
Evil Genius,75,3888,Gucci Mane|Bruno Mars|Kodak Black
Attitude,75,3893,Mrs. GREEN APPLE
ESQUINAS,75,3895,Becky G|Ángela Aguilar|Leonardo Aguilar
"Corridos Bélicos, Vol. IV (Versión Deluxe)",75,3897,Luis R Conriquez|Jasiel Nuñez
El Día De Los Muertos,75,3898,Alfredo Olivas
Lil Boat 3.5,75,3902,Lil Yachty|Future|Playboi Carti
Tomahawk Technique,75,3907,Sean Paul
Praiou (Ao Vivo / Vol.3),75,3915,Matheus & Kauan
Novas Histórias (Ao Vivo),75,3920,Henrique & Juliano
Carta Aberta (Ao Vivo / Vol.1),75,3921,Felipe Araújo|Luan Pereira
Pagode do Diferentão 2 - Vol. 01 (Ao Vivo),75,3923,Dilsinho
Me Gusta Vivir De Noche,75,3929,Los Tucanes De Tijuana
Cottonwood 2 (Deluxe 2.0),75,3930,NLE Choppa|BigXthaPlug
Everybody,75,3931,Logic|Alessia Cara|Khalid
Le Fabuleux destin d'Amélie Poulain (Bande originale du film),75,3932,Yann Tiersen
It's Time,75,3935,Michael Bublé
Mi Mayor Anhelo,75,3937,Banda MS de Sergio Lizárraga
Me Dejé Llevar,75,3938,Christian Nodal
Ghetto Fabulous,75,3944,Rich Amiri
D-2,75,3945,Agust D
Reclamando Nuestro Espacio,75,3946,Adolescent's Orquesta
Trovando El Son,75,3948,Fresto Music
Berry Is On Top,75,3949,Chuck Berry
More of The Monkees (Deluxe Edition),75,3950,The Monkees
Four Tops - Second Album,75,3952,Four Tops
My Way (Expanded Edition),75,3953,Frank Sinatra
The Freewheelin' Bob Dylan,75,3954,Bob Dylan
From Elvis in Memphis,75,3955,Elvis Presley
On the Waters,75,3956,Bread
You Don't Mess Around With Jim,75,3957,Jim Croce
Perfect Ten,75,3960,Mustard|Roddy Ricch
Beautiful Trauma,75,3962,P!nk
A Nata de Tudo - A Ovelha Negra,75,3967,Mc Negão Original|DJ Guh Mix
dafür bin ich frei EP,75,3972,Zartmann|Drumla|Dauner
Into,75,3976,Sonder
This Place Will Become Your Tomb,75,3977,Sleep Token
Jar,75,3978,Superheaven
Moondance,75,3981,Van Morrison
It Won't Be Soon Before Long (International Version),75,3982,Maroon 5
Days Like This,75,3983,Van Morrison
Happy Together,75,3984,The Turtles
I Never Loved a Man the Way I Love You,75,3985,Aretha Franklin
Busyhead,75,3986,Noah Kahan
Everytime We Touch (Premium Edition),75,3988,Cascada
Calm Sleep (Noise),75,4000,NatuREM
Lazarus,75,4001,Travie McCoy|Bruno Mars
Superficial,75,4009,Heidi Montag
1940 Carmen,75,4011,Mon Laferte
MOTOMAMI +,75,4012,ROSALÍA
Look Up Child,75,4013,Lauren Daigle
ODDINARY,75,4017,Stray Kids
GO LIVE,75,4019,Stray Kids
Prince Royce,75,4035,Prince Royce
Búscame,75,4037,Adolescent's Orquesta
Reencuentro,75,4039,José José
OCEAN,75,4044,KAROL G|Maluma
Des/Amor,75,4045,Reik
Sereno,75,4046,Miguel Bosé
Bajo El Signo De Caín,75,4047,Miguel Bosé
Entre el Cielo y el Suelo (Bonus Tracks Edition),75,4048,Mecano
Quisiera,75,4049,Emmanuel
Por Primera Vez,75,4050,Camilo|Christian Nodal
Atado a Tu Amor,75,4054,Chayanne
El Viaje de Copperpot,75,4055,La Oreja de Van Gogh
Mi Vida Sin Tu Amor,75,4056,Cristian Castro
No Hay Loco Que No Corone,75,4061,El Bogueto|Yeri Mua|Uzielito Mix
Emmanuel,75,4063,Anuel AA|Bad Bunny
Quién es Dei V?,75,4070,Dei V
All That You Can't Leave Behind,75,4078,U2
Absolution,75,4079,Muse
Finding Beauty In Negative Spaces (Bonus Track Version),75,4080,Seether
Take Off Your Pants And Jacket,75,4081,blink-182
Pa'l Mundo,75,4082,Wisin & Yandel|Romeo Santos
The Perfect Melody,75,4084,Zion
نساى,75,4087,Sherine
Nervous System,75,4089,Julia Michaels
Visualízate,75,4091,Gente De Zona|Marc Anthony
I,75,4098,Felix Jaehn|Jasmine Thompson
Get Weird (Expanded Edition),75,4099,Little Mix
Sorry For Party Rocking,75,4100,LMFAO|Lauren Bennett|GoonRock
Happy Nation,75,4102,Ace of Base
Evil Empire,75,4104,Rage Against The Machine
System Of A Down,75,4105,System Of A Down
.5: The Gray Chapter (Special Edition),75,4108,Slipknot
Skrillex and Diplo present Jack Ü,75,4111,Jack Ü|Skrillex|Diplo|Justin Bieber
Here I Stand,75,4112,USHER|Jeezy
Sailing Soul(s),75,4113,Jhené Aiko
Ctrl (Deluxe),75,4114,SZA
All About You,75,4117,Jeremih|50 Cent
Jeremih,75,4118,Jeremih
Fahrenheit,75,4123,TOTO
Words,75,4124,F.R. David
Welcome Interstate Managers,75,4125,Fountains Of Wayne
Trench,75,4126,Twenty One Pilots
Bluebird Days,75,4127,Jordan Davis
Fearless (Big Machine Radio Release Special),75,4129,Taylor Swift
hungover,75,4130,Ella Langley|Riley Green
Night Diving,75,4132,Max McNown
Imaginary Appalachia,75,4133,Colter Wall
Have A Nice Day,75,4134,Treaty Oak Revival
Leather,75,4138,Cody Johnson
Actin’ Up Again,75,4139,Gavin Adcock
Made by These Moments,75,4140,The Red Clay Strays
L-O-V-E,75,4145,Nat King Cole
lovestrong.,75,4150,Christina Perri
Cheers to the Fall,75,4151,Andra Day
One More Light,75,4152,Linkin Park
Over It,75,4154,Summer Walker|Bryson Tiller
While We Wait,75,4156,Kehlani|Ty Dolla $ign
Ashanti,75,4157,Ashanti
Ma Fleur,75,4160,The Cinematic Orchestra|Patrick Watson
Need You Now,75,4162,Lady A
us,75,4163,gnash|Olivia O'Brien
"Clean Sheets, dirty walls",75,4166,Cleffy
The Hunger Games: The Ballad of Songbirds & Snakes (Music From & Inspired By),75,4168,Olivia Rodrigo
What a Time To Be Alive,75,4171,Tom Walker
Songs From The Big Chair,75,4173,Tears For Fears
Player,75,4174,Player
The Young and The Hopeless,75,4175,Good Charlotte
In Utero,75,4177,Nirvana
On The Rocks,75,4182,Midland
My Kinda Party,75,4183,Jason Aldean
Barefoot Blue Jean Night,75,4184,Jake Owen
Valedictorian [Deluxe],75,4186,ian
WE STILL DON'T TRUST YOU,75,4187,Future|Metro Boomin|The Weeknd
Human The Double Album,75,4188,Cody Johnson
Brett Young,75,4189,Brett Young
Tangled Up,75,4190,Thomas Rhett
Steppenwolf,75,4196,Steppenwolf
Hysteria (Super Deluxe),75,4197,Def Leppard
Electric Ladyland,75,4198,Jimi Hendrix
I Know I'm Funny haha,75,4200,Faye Webster
WHO CARES?,75,4202,Rex Orange County
Halo,75,4203,Bakar|Summer Walker
Let’s Start Here.,75,4204,Lil Yachty
Dummy,75,4205,Portishead
Is This It,75,4212,The Strokes
"For Emma, Forever Ago",75,4214,Bon Iver
Kid A,75,4215,Radiohead
Songs of Her's,75,4219,Her's
The Ringmaster,75,4230,Bakermat
Grateful,75,4250,DJ Khaled|Rihanna|Bryson Tiller
Still Over It,75,4252,Summer Walker|SZA
7,75,4253,Lil Nas X|Billy Ray Cyrus
Carte Blanche,75,4254,DJ Snake|J Balvin|Tyga
Red Pill Blues (Deluxe),75,4255,Maroon 5|SZA
BEYONCÉ [Platinum Edition],75,4256,Beyoncé
Thank Me Later,75,4257,Drake|T.I.|Swizz Beatz
"Fine Ho, Stay",75,4259,Flo Milli
Still Rollin,75,4260,Shubh
Young G.O.A.T,75,4262,Cheema Y|Gur Sidhu|Jasmeen Akhtar
EL ÚLTIMO TOUR DEL MUNDO,75,4268,Bad Bunny
Depuis le temps (Part. 2),75,4274,Bouss
Sicario,75,4275,Shubh
Pain Is Love,75,4277,Ja Rule|Ashanti
Wolf,75,4278,"Tyler, The Creator|Pharrell Williams"
Slime Language 2,75,4285,Young Stoner Life|Young Thug|Meek Mill|T-Shyne
Destined 2 Win,75,4286,Lil Tjay|6LACK
BLAME IT ON BABY,75,4287,DaBaby|Roddy Ricch
For All The Dogs Scary Hours Edition,75,4289,Drake
PLAN A,75,4291,Lil Tecca
RUSH!,75,4293,Måneskin|Tom Morello
TAKE CARE (DELUXE),75,4312,BigXthaPlug|Jessie Murph
Feels Like Home,75,4316,Norah Jones
"Whoa, Nelly! (Expanded Edition)",75,4317,Nelly Furtado
In Between Dreams,75,4318,Jack Johnson
Unity,75,4324,Big Mountain
Bringing Down The Horse,75,4325,The Wallflowers
Regulate… G Funk Era,75,4326,Warren G|Nate Dogg
Are You Gonna Go My Way,75,4327,Lenny Kravitz
Blind Melon,75,4329,Blind Melon
The La's,75,4330,The La's
Automatic For The People,75,4331,R.E.M.
Europop,75,4336,Eiffel 65|Gabry Ponte
Blondes Have More Fun,75,4337,Rod Stewart
L.A. Woman,75,4338,The Doors
"The John Denver Collection, Vol 1: Take Me Home Country Roads",75,4339,John Denver
A Day At The Races (Deluxe Edition 2011 Remaster),75,4340,Queen
Transformer,75,4342,Lou Reed
The Joker,75,4343,Steve Miller Band
Stranger In Town,75,4344,Bob Seger
Love Grows (Where My Rosemary Goes) & Other Gems,75,4345,Edison Lighthouse
"""Heroes"" (2017 Remaster)",75,4346,David Bowie
One of These Nights (2013 Remaster),75,4347,Eagles
Ram Jam,75,4348,Ram Jam
Breakfast In America (Deluxe Edition),75,4349,Supertramp
Tapestry,75,4355,Carole King
Bittersweet,75,4361,Blu Cantrell|Sean Paul
Wheels Are Turnin',75,4378,REO Speedwagon
Speak and Spell (Deluxe),75,4380,Depeche Mode
The Raw & The Cooked,75,4381,Fine Young Cannibals
"Kiss Me, Kiss Me, Kiss Me",75,4382,The Cure
Kick (Remastered 2011),75,4383,INXS
Bon Jovi,75,4384,Bon Jovi
Secret Dreams and Forbidden Fire,75,4385,Bonnie Tyler
Chicago 17 (Expanded & Remastered),75,4386,Chicago
Ready For Romance,75,4387,Modern Talking
Evolution: The Hits,75,4389,Dead Or Alive
True Blue,75,4397,Madonna
Sex & Violins,75,4399,Rednex
a beautiful blur,75,4400,LANY
Mufasa: The Lion King (Original Motion Picture Soundtrack),75,4424,Braelyn Rankins|Theo Somolu|Aaron Pierre|Kelvin Harrison Jr.|Disney
TYLA,75,4435,Tyla
TRANSLATION,75,4436,Black Eyed Peas|Shakira
evermore,75,4442,Taylor Swift
Na Pegada da Talita,74,4466,Talita Mel|Xand Avião
manifestival,74,4484,manifest
Ya No Se Llevan Serenatas,74,4492,Gabito Ballesteros
"Magia das Estrelas, Vol. 1 (Ao Vivo)",74,4493,Zé Neto & Cristiano
Cantando Sua História (Ao Vivo / Vol.2),74,4503,Simone Mendes
Nada Personal (Remastered),74,4514,Soda Stereo
Eye In The Sky,74,4520,The Alan Parsons Project
Y2K!,74,4523,Ice Spice|Central Cee
Heathen Chemistry,74,4527,Oasis
THIS IS... ICONA POP,74,4532,Icona Pop|Charli xcx
A Fever You Can't Sweat Out,74,4541,Panic! At The Disco
Desireless,74,4543,Eagle-Eye Cherry
Dedication,74,4548,Chief Keef
Yo Te Quiero Pa Mi,74,4549,Dalex|Lenny Tavárez|Chencho Corleone|Juhn|Dímelo Flow
Apricot Princess,74,4550,Rex Orange County
Sa Wakas,74,4552,Sugarfree
Hanya Figuran,74,4553,Meiska
Everything We Are Everything,74,4555,Last Child
Sheila On 7,74,4556,Sheila On 7
NDX A.K.A. Familia,74,4559,NDX A.K.A.
Senaryo,74,4560,Adie|Janine Berdin
Dear Wormwood,74,4563,The Oh Hellos
racine carrée,74,4565,Stromae
Antichrist Superstar,74,4566,Marilyn Manson
Leather Deluxe Edition,74,4567,Cody Johnson|Carrie Underwood
Silakbo,74,4568,Cup of Joe
Alone In Iz World,74,4569,Israel Kamakawiwo'ole
La Revolucion (Deluxe),74,4572,Wisin & Yandel
Showtime,74,4573,"Angel Y Khriz|Gocho ""El Lápiz De Platino""|John Eric"
"Untuk Dunia, Cinta, dan Kotornya",74,4583,Nadin Amizah
Judika Mencari Cinta,74,4584,Judika|Duma
Days B4 III,74,4588,LUCKI
Skiptracing,74,4589,Mild High Club
Cartel De Santa,74,4592,Cartel De Santa
Dois,74,4595,Legião Urbana
Этажи,74,4597,Molchat Doma
Up 2 Më,74,4598,Yeat
The New Toronto 3,74,4599,Tory Lanez
Merry Christmas,74,4601,Mariah Carey
We Are Not Your Kind,74,4602,Slipknot
(What's The Story) Morning Glory?,74,4605,Oasis
Juan Gabriel,74,4606,Juan Gabriel
Tu Última Canción,74,4607,Los Temerarios
Por El Amor,74,4608,Grupo Bryndis
Sueño Y Realidad,74,4609,Grupo Mojado
Mi Buena Suerte,74,4610,Los Tigres Del Norte
La Otra Cara De La Moneda,74,4611,La Arrolladora Banda El Limón De Rene Camacho
Algo De Mi,74,4612,Conjunto Primavera
El Free,74,4615,Banda Los Recoditos
JMSN,74,4620,JMSN
"Retired from Sad, New Career in Business",74,4622,Mitski
Una Lágrima No Basta,74,4625,Los Temerarios
Where the Light Is,74,4627,Surfaces
No Sound Without Silence,74,4629,The Script
My Own Prison,74,4631,Creed
Paranoid (Remaster),74,4632,Black Sabbath
"Yes, Virginia",74,4633,The Dresden Dolls
The Beginning (Deluxe),74,4635,Black Eyed Peas
Lonesome Dreams (Bonus Track Version),74,4637,Lord Huron
Alma Vacía,74,4639,Ivan Cornejo
Dañado,74,4640,Ivan Cornejo|Eslabon Armado
DEMIDEVIL,74,4641,Ashnikko|Princess Nokia
Contrareloj,74,4642,Los Enanitos Verdes
Seperti Seharusnya,74,4648,Noah
Bombs Away,74,4649,Sheppard
E=MC2 (Deluxe Version),74,4651,Mariah Carey
Songs About Jane,74,4652,Maroon 5
Certified Hitmaker,74,4655,Lil Mosey
Talking Dreams (Deluxe Edition),74,4658,Echosmith
Culture III,74,4660,Migos|YoungBoy Never Broke Again
Lil Uzi Vert vs. The World,74,4664,Lil Uzi Vert
GEMINI!,74,4667,LUCKI
Destin,74,4668,Ninho
Golpe Avisa,74,4669,Cartel De Santa
Sueño Guajiro,74,4671,Colmillo Norteño
Llorarás,74,4673,Los Terricolas
Alma En Fuego,74,4674,Inspector
Dead Letters,74,4676,The Rasmus
Los Abuelos De La Nada 1 (1994 Remastered Version),74,4685,Los Abuelos De La Nada
Drama,74,4687,Jeff Redd
Wars In A Wonderland,74,4689,Neoni
Alternative Trap,74,4690,LUCKI
Original Vibe Machine,74,4692,1da Banton
Apa y Can,74,4694,Canserbero|Apache
SlimeBall 2,74,4696,Young Nudy|21 Savage
TIM,74,4698,Avicii|Aloe Blacc
Líderes,74,4699,Wisin & Yandel|Chris Brown|T-Pain
Troubadour,74,4702,K'NAAN|Adam Levine
Sauce Boyz,74,4703,Eladio Carrion|Brytiago
Reckless Love,74,4704,Cory Asbury
Now the Moon's Rising,74,4706,$uicideboy$
Far,74,4709,Regina Spektor
Safar,74,4710,Bayaan|Hasan Raheem|Rovalio
Kailasa,74,4713,Kailash Kher|Paresh Kamath|Naresh Kamath
Shree Hanuman Chalisa (Hanuman Ashtak),74,4714,Hariharan
スーパースター,74,4715,back number
¿Quién Es Usted?,74,4717,"Sergio Vega ""El Shaka"""
Aquí Hay Para Llevar,74,4718,La Arrolladora Banda El Limón De Rene Camacho
Mi Vida Eres Tú,74,4721,Virlan Garcia
Pa Que Hablen,74,4722,Fuerza Regida|Peso Pluma
"Doves, '25 on Blank Canvas",74,4726,Hindia
Porque Te Vas,74,4729,Jeanette
Como Te Extraño Mi Amor,74,4730,Leo Dan
The Golden Age,74,4731,Woodkid
Ra-One,74,4735,Vishal-Shekhar|Akon|Hamsika Iyer|Vishal Dadlani|Niranjan Iyengar
Maharaj,74,4740,Sohail Sen|Monali Thakur|Kausar Munir
Love Aaj Kal (Original Motion Picture Soundtrack),74,4741,Pritam|Arijit Singh
Hamari Adhuri Kahani (Original Motion Picture Soundtrack),74,4742,Ami Mishra|Kunaal Vermaa
Los Niños Grandes No Juegan,74,4750,Gera MX
Coração de Ouro,74,4751,MC Joãozinho VT|DJ JR No Beat
Mixtape Supernova Vol.1,74,4754,Supernova Ent|G.A|Ghard|Veigh|Niink
Tem paGGodeiro aí? (#sónostalgia) [Ao Vivo],74,4756,Léo Santana
Pegasus,74,4757,Trippie Redd|PARTYNEXTDOOR
Ek Tha Raja,74,4758,Badshah|Arijit Singh
COSMIC,74,4760,Bazzi
SAGITARIO,74,4761,El Alfa|El Cherry Scom|CJ
Thank You (Deluxe Version),74,4767,Meghan Trainor
Laila Majnu (Original Motion Picture Soundtrack),74,4769,Atif Aslam|Jyotica Tangri
Bhaag Milkha Bhaag (Original Motion Picture Soundtrack),74,4770,Shankar-Ehsaan-Loy|Shreya Ghoshal|Javed Bashir|Yusuf Mohammed|Vajid Ali
Good Morning It's Now Tomorrow,74,4776,Matt Maltese
COR,74,4778,ANAVITÓRIA|Lenine
Que Bendición,74,4779,Banda MS de Sergio Lizárraga
Nightcall,74,4781,Kavinsky
Encanto (Original Motion Picture Soundtrack),74,4783,Carolina Gaitán - La Gaita|Mauro Castillo|Adassa|Rhenzy Feliz|Diane Guerrero|Stephanie Beatriz|Encanto - Cast
Inception (Music from the Motion Picture),74,4784,Hans Zimmer
Guru (Original Motion Picture Soundtrack),74,4785,A.R. Rahman|Chinmayi|Murtuza Khan|Qadir Khan
House Of Miracles,74,4787,Brandon Lake
Faith Of A Mustard Seed,74,4788,Mustard|Travis Scott
Trip At Knight,74,4789,Trippie Redd|Playboi Carti
So Much Fun (Deluxe),74,4790,Young Thug|Travis Scott|Gunna
Lil Boat 3,74,4791,Lil Yachty|Future|Mike WiLL Made-It
ASTRO,74,4801,PEDRO SAMPAIO|Marina Sena
Ao Vivo No Ibirapuera,74,4803,Henrique & Juliano
É o Japa Nk Né Bebê,74,4807,DJ Japa NK|Mc Negão Original|MC Meno K
Pôr do Suel Em Recife - Parte 2 (Ao Vivo),74,4811,Suel|Grupo Menos É Mais
Patched Up,74,4818,beabadoobee
Jordin Sparks,74,4819,Jordin Sparks|Chris Brown
5 Seconds Of Summer,74,4820,5 Seconds of Summer
Money,74,4825,Grupo Marca Registrada
Haciendo Lo Mío,74,4826,Luis Mexia|Grupo Firme
Clancy,74,4827,Twenty One Pilots
Model,74,4828,Wallows
"Right Place, Wrong Person",74,4829,RM
Feliz Navidad Con Salsa,74,4831,Frankie Ruiz
A Hard Day's Night (Remastered),74,4832,The Beatles
The Papas & The Mamas,74,4833,The Mamas & The Papas
Strange Days,74,4834,The Doors
In The Groove,74,4835,Marvin Gaye
For Once In My Life,74,4836,Stevie Wonder
Dusty In Memphis,74,4837,Dusty Springfield
Don't Shoot Me I'm Only The Piano Player,74,4838,Elton John
Agua Nueva,74,4840,Cristian Castro
Triana,74,4848,Cano
LUAN AO VIVO NA LUA,74,4850,Luan Santana
Mama I Made It,74,4851,Roxy Dekker
TU DUO FAVORITO,74,4853,YSY A|Bhavi|Milo j
The High Road,74,4857,JoJo
Black Pumas,74,4860,Black Pumas
A Place In The Sun,74,4861,Lit
Take The Heat Off Me,74,4862,Boney M.
Waterloo,74,4864,ABBA
Tomorrow,74,4867,Sean Kingston
K-12,74,4869,Melanie Martinez
Tattoos,74,4870,Jason Derulo|2 Chainz
"Sit Still, Look Pretty",74,4871,Daya
Femme Fatale (Deluxe Version),74,4873,Britney Spears
A Different Age,74,4875,Current Joys
LEO-NiNE,74,4878,LiSA
NAKAMURA,74,4881,Aya Nakamura
K23,74,4882,Kenia OS
AWE,74,4883,XG
You Never Walk Alone,74,4884,BTS
minisode 3: TOMORROW,74,4886,TOMORROW X TOGETHER
Summer Nights,74,4890,TWICE
I've IVE,74,4896,IVE
Armageddon - The 1st Album,74,4900,aespa
Talento de Barrio,74,4904,Daddy Yankee
"Sentimiento, Elegancia Y Maldad",74,4906,Arcángel
Climaxxx,74,4907,Dalex|Rafa Pabön|KHEA|Sech|Feid|Cazzu|Lenny Tavárez
SI AYER FUERA HOY,74,4911,Morat
20 Años,74,4913,Luis Miguel
Como Te Recuerdo,74,4914,Los Temerarios
Quién Como tú,74,4916,Ana Gabriel
Un Dia Mas (Edicion Especial),74,4917,Reik
Más Allá Del Sol,74,4920,Joan Sebastian
Quédate Conmigo,74,4921,Edicion Especial
FANTASÍA,74,4931,Sebastian Yatra
Secreto De Amor,74,4932,Joan Sebastian
Ricardo Montaner Con La London Metropolitan Orchestra,74,4933,Ricardo Montaner
Abrázame Muy Fuerte,74,4934,Juan Gabriel
Tanto (Edición Premium),74,4935,Pablo Alborán|Jesse & Joy
The Bad Boy,74,4936,"Héctor ""El Father""|Wisin & Yandel"
Soy el Mismo,74,4937,Prince Royce
Independiente,74,4938,Ricardo Arjona|Gaby Moreno
¿Con Quién Se Queda El Perro?,74,4939,Jesse & Joy
Euphoria,74,4940,Enrique Iglesias|Juan Luis Guerra 4.40
El Templo del Pop,74,4941,Miranda!
Mi Niña Bonita - Reloaded,74,4943,Chino & Nacho
Corazón,74,4944,Fonseca
Chayanne,74,4946,Chayanne
Ubuntu,74,4948,Piso 21|Manuel Turizo
Reyli En La Luna,74,4949,Reyli Barba
Esto Sí Es Cumbia,74,4954,Los Ángeles Azules|Natalia Lafourcade
Primera Cita,74,4956,CNCO
Mi Sangre,74,4957,Juanes
SAKURA,74,4959,SAIKO|JC Reyes|Dei V
Rayo,74,4960,J Balvin|Feid
Vibras De Noche II,74,4963,Eslabon Armado
"Satirología, Vol. 3",74,4973,Kidd Voodoo|Resonancia Etérea
SAYONARA,74,4976,Alvaro Diaz|Feid
Cosmo,74,4977,Ozuna|Anuel AA|Chris Jedi
Haashtag,74,4987,Ha*Ash
Si,74,4988,Julieta Venegas
Mis Manos,74,4990,Camilo|El Alfa
Welcome to Jamrock,74,4991,Damian Marley
The Works (Deluxe Edition 2011 Remaster),74,4992,Queen
The Downward Spiral (Deluxe Edition),74,4993,Nine Inch Nails
Love For The Streets,74,4994,Caesars
Conspiracy Of One,74,4995,The Offspring
Come Clean,74,4996,Puddle Of Mudd
Calle 13 (Explicit Version),74,4997,Calle 13
Mis Ojos Lloran Por Ti,74,4998,Big Boy|Angel Lopez
Exitos,74,4999,Nicky Jam|Daddy Yankee
Mas Flow - Los Benjamins,74,5000,Daddy Yankee|Wisin & Yandel|Zion|Hector|Tonny Tun Tun
Toast to Our Differences (Deluxe Edition),74,5001,Rudimental|Jess Glynne|Macklemore|Dan Caplen
Sacred Hearts Club,74,5002,Foster The People
Intense,74,5006,Armin van Buuren|Trevor Guthrie
Forever,74,5007,Alesso|Tove Lo
Unleashed,74,5013,Skillet
Trapt,74,5014,Trapt
POST HUMAN: SURVIVAL HORROR,74,5016,Bring Me The Horizon|BABYMETAL
Fan of A Fan The Album (Expanded Edition),74,5020,Chris Brown|Tyga
PARTYNEXTDOOR 3 (P3),74,5021,PARTYNEXTDOOR|Drake
War & Leisure,74,5022,Miguel|Travis Scott
CONTINGENTE,74,5025,Junior H|Ovi
Actual Life 3 (January 1 - September 9 2022),74,5028,Fred again..|Delilah Montagu
Brothers In Arms (Remastered 1996),74,5029,Dire Straits
Somna med Humlan Djojj,74,5030,Humlan Djojj|Josefine Götestam
7220 (Reloaded),74,5033,Lil Durk|Morgan Wallen
Strait From The Heart,74,5034,George Strait
Toby Keith,74,5036,Toby Keith
Honkytonk University,74,5037,Toby Keith
A Lot About Livin' (And A Little 'Bout Love),74,5038,Alan Jackson
Love Stuff,74,5040,Elle King
Cannibal (Expanded Edition),74,5041,Kesha
Strangers In The Night (Expanded Edition),74,5044,Frank Sinatra
Michael Bublé,74,5045,Michael Bublé
American IV: The Man Comes Around,74,5046,Johnny Cash
The Search,74,5047,NF
Serotonin Dreams,74,5048,BoyWithUke
Malibu Nights,74,5049,LANY
For Broken Ears,74,5050,Tems
Ella Mai,74,5051,Ella Mai
Me And My Gang,74,5052,Rascal Flatts
To Let A Good Thing Die,74,5059,Bruno Major
Chinese Wall (Expanded Edition),74,5061,Philip Bailey|Phil Collins
Ocean Avenue,74,5062,Yellowcard
"No Pads, No Helmets...Just Balls (15th Anniversary Tour Edition)",74,5063,Simple Plan
Bayou Country (Expanded Edition),74,5065,Creedence Clearwater Revival
Appetite For Destruction (Super Deluxe Edition),74,5069,Guns N' Roses
Atomic/Atomix,74,5070,Blondie
Beggars Banquet (50th Anniversary Edition),74,5071,The Rolling Stones
The Sound of Madness,74,5073,Shinedown
Korn,74,5075,Korn
Piece of Mind (2015 Remaster),74,5076,Iron Maiden
Avenged Sevenfold,74,5078,Avenged Sevenfold
Garage Inc.,74,5079,Metallica
Ballads of the Broken,74,5080,Jelly Roll
Doin' Somethin' Right,74,5081,Billy Currington
Wide Open,74,5085,Jason Aldean
Your Man,74,5086,Josh Turner
Comeblack,74,5092,Scorpions
No More Tears (Expanded Edition),74,5093,Ozzy Osbourne
Van Halen (Remastered),74,5094,Van Halen
90125 (Deluxe Version),74,5095,Yes
Sheer Heart Attack (Deluxe Edition 2011 Remaster),74,5096,Queen
Skid Row,74,5097,Skid Row
Dirty Deeds Done Dirt Cheap,74,5098,AC/DC
Night Moves,74,5099,Bob Seger
Frontiers (2023 Remaster),74,5105,Journey
NEGATIVE,74,5106,EKKSTACY
Sling,74,5107,Clairo
Lens Flare,74,5109,Lloyd Vaan
Ill Communication,74,5112,Beastie Boys
Untitled (Black Is),74,5113,SAULT
"Whatever People Say I Am, That's What I'm Not",74,5114,Arctic Monkeys
The English Riviera,74,5117,Metronomy
An Awesome Wave,74,5118,alt-J
Matangi,74,5119,M.I.A.
5AM (Expanded Edition),74,5122,Amber Run
Wolfgang Amadeus Phoenix,74,5126,Phoenix
the record,74,5127,boygenius|Julien Baker|Phoebe Bridgers|Lucy Dacus
Kansas Anymore,74,5129,ROLE MODEL
THE ANXIETY,74,5130,THE ANXIETY|WILLOW|Tyler Cole
A Complete Unknown (Original Motion Picture Soundtrack),74,5135,Timothée Chalamet|Monica Barbaro
Memphis Cult Vol. 6,74,5146,Memphis Cult|Groove Dealers|SPLYXER
Bad Vibes Forever,74,5160,XXXTENTACION|PnB Rock|Trippie Redd
If You're Reading This It's Too Late,74,5162,Drake
THE ALBUM,74,5169,BLACKPINK
Culture II,74,5173,Migos
Pink Friday ... Roman Reloaded (Deluxe),74,5174,Nicki Minaj
Listen,74,5175,David Guetta|AFROJACK|Bebe Rexha|Nicki Minaj
Ghost,74,5177,Diljit Dosanjh|thiarajxtt
Real Hasta la Muerte,74,5178,Anuel AA|Zion
Sauce Boyz 2,74,5180,Eladio Carrion
3MEN2 KBRN,74,5182,Eladio Carrion|Bad Bunny
Tropico Del Capricorno,74,5187,Guè
Operation: Doomsday (Complete),74,5193,MF DOOM|Pebbles The Invisible Girl
DO NOT DISTURB (DELUXE),74,5198,Nemzzz
Last Lap,74,5203,Rod Wave
The Off-Season,74,5204,J. Cole|21 Savage|Morray
Glockoma 2 (Deluxe),74,5209,Key Glock
HOPE,74,5211,NF
The Death of Slim Shady (Coup De Grâce),74,5219,Eminem|Jelly Roll
Doggystyle,74,5228,Snoop Dogg
Capital Punishment,74,5229,Big Pun|Joe
Enter The Wu-Tang (36 Chambers) [Expanded Edition],74,5230,Wu-Tang Clan
Room For Squares,74,5232,John Mayer
Supernatural (Remastered),74,5239,Santana|The Product G&B
Big Willie Style,74,5240,Will Smith
Ronan,74,5241,Ronan Keating
On How Life Is,74,5242,Macy Gray
Homework,74,5243,Daft Punk
Please Hammer Don't Hurt 'Em,74,5245,MC Hammer
The Madman's Return,74,5246,SNAP!
Yourself or Someone Like You,74,5247,Matchbox Twenty
Hooray For Boobies,74,5248,Bloodhound Gang
Sweat (A La La La La Long),74,5249,Inner Circle
Never Say Never,74,5250,Brandy|Monica
We See The Same Sun,74,5260,Mr. President
Sweet Baby James (2019 Remaster),74,5261,James Taylor
Bellamy Brothers,74,5262,The Bellamy Brothers
52nd Street,74,5263,Billy Joel
Little Queen,74,5264,Heart
Can't Buy A Thrill,74,5265,Steely Dan
Layla And Other Assorted Love Songs (Remastered 2010),74,5266,Derek & The Dominos
Talking Heads '77 (Deluxe Version),74,5267,Talking Heads
The Original Soundtrack,74,5268,10cc
Goats Head Soup (Remastered 2009),74,5269,The Rolling Stones
Inseparable,74,5270,Natalie Cole
Dressed To Kill,74,5271,KISS
Young Hearts Run Free (US Internet Release),74,5278,Candi Staton
Sing When You're Winning,74,5284,Robbie Williams
La Roux,74,5286,La Roux
PCD,74,5288,The Pussycat Dolls|Busta Rhymes
4,74,5306,Beyoncé
Never Too Much,74,5308,Luther Vandross
American Fool,74,5309,John Mellencamp
...Nothing Like The Sun,74,5311,Sting
La Folie,74,5312,The Stranglers
Foreign Affair,74,5315,Tina Turner
Heart Of Stone,74,5316,Cher
Whitney Houston,74,5317,Whitney Houston
One Love,74,5318,Dr. Alban
- (Deluxe),74,5320,Ed Sheeran
In Sexyy We Trust,74,5332,Sexyy Red
Fever To Tell (Deluxe Remastered),74,5345,Yeah Yeah Yeahs
This Wasn't Meant For You Anyway,74,5347,Lola Young
This Is Acting (Deluxe Version),74,5377,Sia
Oneiropolos,73,5413,APON
Shhh Baby Sleep Settling Tool,73,5423,Dream Supplier|Baby Sleeps
Y Para Siempre ...,73,5430,Los Bukis
ANYWAY,73,5432,Cheema Y|Gur Sidhu
Programaton,73,5435,Zoé
Straight From The Heart,73,5443,Peabo Bryson
Un alumno más,73,5444,Melendi
Good Evening,73,5446,Deorro|Chris Brown
De Película,73,5448,Gloria Trevi
Atrevido Y Diferente,73,5457,Eddie Santiago
Black Friday,73,5458,Tom Odell
Un Sueño,73,5459,Los Angeles De Charly
Los Dos Plebes,73,5460,Los Tigres Del Norte
Almas Gemelas,73,5461,El Trono de Mexico
Love Is a Four Letter Word,73,5463,Jason Mraz
Pecos & the Rooftops,73,5464,Pecos & the Rooftops
Zion,73,5465,Hillsong UNITED|TAYA
wannabewithu,73,5466,Cuco
Invitation to Her's,73,5468,Her's
You Want Some of This?,73,5469,Jon Lajoie
Aztlán,73,5470,Zoé
Ahí Vamos,73,5471,Gustavo Cerati
American Idiot (20th Anniversary Deluxe Edition),73,5472,Green Day
No Fixed Address,73,5473,Nickelback
Cowboy Like Me,73,5474,Cody Johnson
Dopamina,73,5478,Manuel Turizo
Out of Exile,73,5479,Audioslave
Ceremonials,73,5480,Florence + The Machine|Calvin Harris
Feed Tha Streets II,73,5484,Roddy Ricch
My Turn,73,5486,Lil Baby
Southern Nights,73,5487,Glen Campbell
Crystal Castles (II),73,5488,Crystal Castles
Lelaku,73,5494,Fourtwnty
Senandung Hati dan Jiwa,73,5498,NaFF
Kelimeler Yetse,73,5500,Şebnem Ferah
Ikaw At Ako,73,5502,TJ Monterde
Sariling Mundo,73,5503,TJ Monterde
King of Soundtrack,73,5504,Nidji
Breakthru,73,5505,Nidji
Pecado Original,73,5510,Ana Gabriel
Berharap Pada Timur,73,5517,Salma Salsabil
Transmissions (Deluxe Version),73,5526,STARSET
Noise Complaint,73,5527,Koe Wetzel
Perjalanan 1999 - 2003 (Remastered 2023),73,5529,Element
The Special One,73,5532,Yovie & Nuno
İkinci Hal,73,5534,Bengü
King Of Kings (En Directo),73,5540,Don Omar
Monodramatic,73,5541,Silent Sanctuary
Thunderstorm Sounds for Sleep,73,5543,Pure Relaxing Vibes
Liens du 100,73,5545,SDM
Billy Idol,73,5548,Billy Idol
Love At First Sting,73,5549,Scorpions
Sweet Dreams,73,5550,La Bouche
3 (The Purple Album),73,5555,Lukas Graham
Apollo XXI,73,5556,Steve Lacy
Monster,73,5557,Future
Quiereme,73,5559,Los Bukis
Herencia De Familia,73,5560,Los Tigres Del Norte
Una Lluvia De Rosas,73,5562,Los Ángeles Azules
"De Hoy En Adelante, Que Te Vaya Bien",73,5563,Julión Álvarez y su Norteño Banda
Mi Princesa,73,5564,Remmy Valenzuela
"Encerrados Pero Enfiestados, Vol. 1 (En Vivo)",73,5565,Carin Leon
Afortunado,73,5567,Joan Sebastian
Bicep,73,5573,BICEP
Blue Banisters,73,5574,Lana Del Rey
Skin,73,5577,Flume|kai
+,73,5578,Ed Sheeran
Crossfade,73,5579,Crossfade
Disclaimer II,73,5580,Seether|Amy Lee
Mellow Gold,73,5584,Beck
A Space in Time (Deluxe Version),73,5585,Ten Years After
Tickets To My Downfall,73,5590,mgk|blackbear
Brighten the Corners: Nicene Creedence Ed.,73,5591,Pavement
The Drug In Me Is You,73,5592,Falling In Reverse
The Weatherman,73,5593,Gregory Alan Isakov
Una Mattina,73,5595,Ludovico Einaudi
FERXXO (VOL 1: M.O.R),73,5597,Feid|Justin Quiles
Anti Social Cool Kid,73,5598,Beny Jr
"Puros de Encargo, Vol. 1",73,5602,Los Farmerz
François,73,5603,Desireless
Jolene (Expanded Edition),73,5604,Dolly Parton
When The World Comes Down,73,5608,The All-American Rejects
Love Tracks,73,5609,Gloria Gaynor
The Animals,73,5612,The Animals
Cavetown,73,5613,Cavetown
Every Where Is Some Where,73,5614,K.Flay
"Ugly is Beautiful: Shorter, Thicker & Uglier (Deluxe)",73,5615,Oliver Tree
Kaleidoscope Dream,73,5618,Miguel
Culture,73,5619,Migos|Lil Uzi Vert
Viejo Marihuano,73,5627,Cartel De Santa
TIME,73,5628,KANA-BOON
Porfiado,73,5635,El Cuarteto De Nos
"MOR, No Le Temas a La Oscuridad",73,5636,Feid|ICON
My Terrible Mind,73,5637,Talha Anjum|Umair
Champagne Talk,73,5638,King
Ranchero,73,5640,Cardenales De Nuevo León
Eazy-Duz-It,73,5642,Eazy-E
Frankenstein Girls Will Seem Strangely Sexy,73,5643,Mindless Self Indulgence
Long Term Effects of SUFFERING,73,5645,$uicideboy$
On The Inside,73,5650,Gotts Street Park|Olive Jones
The Warrior's Code,73,5651,Dropkick Murphys
AMAR (Deluxe),73,5652,BigXthaPlug
Jhoomo Re,73,5653,Kailash Kher|Paresh Kamath|Naresh Kamath
MAGIC,73,5654,back number
ユーモア,73,5655,back number
Shame On Me,73,5657,Catch Your Breath
"Preço Curto, Prazo Longo",73,5658,Charlie Brown Jr.
Necesito Decirte,73,5659,Conjunto Primavera
Le Hace Falta Un Beso,73,5660,El Chapo De Sinaloa
Cruzando Fronteras,73,5662,Los Alegres Del Barranco
El Karma (Deluxe Version),73,5663,Ariel Camacho y Los Plebes Del Rancho
Y Cambió Mi Suerte,73,5664,Virlan Garcia
Capítulo 1: El Regreso Del Dragon,73,5667,T3R Elemento
Directo Al Corazón,73,5669,Liberación
"Antología, Vol.2",73,5670,Jovanny Cadena Y Su Estilo Privado
Weißer Lärm Baby Schlaf (Meeresrauschen),73,5672,Weißes Rauschen HD
Balas Perdidas (Edición Especial),73,5676,Morat|Aitana
Ya No Vives En Mí,73,5681,Banda Clave Nueva
Chosen Few: New Generation,73,5682,Boy Wonder CF|Jon Z|Noriel|Baby Rasta|Darkiel|Messiah|LYAN|High Quality
Vuela Muy Alto,73,5683,Duelo
Veneno,73,5684,Duelo
Grave Dancers Union (2022 Remaster),73,5686,Soul Asylum
American Love Call,73,5688,Durand Jones & The Indications|Durand Jones|Aaron Frazer
Llévame Contigo,73,5689,Intocable
Life of a Dark Rose,73,5690,Lil Skies
WLGS,73,5691,YOVNGCHIMI|Dei V
The World From The Side Of The Moon,73,5694,Phillip Phillips
Following the Sun,73,5696,SUPER-Hi|NEEKA
Melangkah,73,5698,Lyodra
I Hate Luv Storys (Original Motion Picture Soundtrack),73,5699,Vishal-Shekhar|Shafqat Amanat Ali|Sunidhi Chauhan
Chhichhore,73,5702,Pritam|Arijit Singh
Anjaana Anjaani,73,5703,Vishal-Shekhar|Mohit Chauhan|Shekhar Ravjiani|Shruti Pathak
Kalank (Original Motion Picture Soundtrack),73,5704,Pritam|Arijit Singh
Victory (Live),73,5710,Bethel Music|Jenn Johnson
Источник,73,5711,Erika Lundmoen
"O Bom Samba Continua - Ao Vivo, Vol. 2",73,5713,Grupo Revelação
Esquece o Mundo Lá Fora (Ao Vivo) - Deluxe,73,5714,Zé Neto & Cristiano
"Escolhas, Vol. 2 (Ao Vivo)",73,5715,Zé Neto & Cristiano
Slow Wine Mixtape,73,5718,Bad Gyal
Trap Capos II,73,5720,Trap Capos|Noriel|Bad Bunny|Arcángel
YRF Top 10 - Falling in Love,73,5722,Atif Aslam
Celebridade,73,5725,Orochi|Papatinho
Mixtape Chiró,73,5726,Orochi|TkN|RUXN|Kizzy|ProdSmile
WUNNA,73,5729,Gunna|Young Thug
Calidad Y Cantidad,73,5732,La Arrolladora Banda El Limón De Rene Camacho
Broke & Famous,73,5734,Ñejo & Dalmata
Shoot For The Stars Aim For The Moon (Deluxe),73,5735,Pop Smoke|A Boogie Wit da Hoodie
Jab Harry Met Sejal (Original Motion Picture Soundtrack),73,5736,Pritam|Arijit Singh
Here As In Heaven,73,5737,Elevation Worship
Tha Smokin' Nephew,73,5740,Baby Bash|Frankie J
AI YoungBoy,73,5742,YoungBoy Never Broke Again
Night Shades,73,5746,Cobra Starship|Sabi
Mirror Mirror,73,5747,The Irrepressibles
Kabhi Alvida Naa Kehna (Original Motion Picture Soundtrack),73,5749,Shankar-Ehsaan-Loy|Shankar Mahadevan|Caralisa Monteiro|Shafqat Amanat Ali
In Tongues (Deluxe),73,5750,Joji
Kaikai Kitan / Ao No Waltz,73,5753,Eve
FMA,73,5754,SAYGRACE|G-Eazy
Que De Raro Tiene,73,5755,Vicente Fernández
Guárdame Esta Noche,73,5756,El Fantasma
No Me Pidas Perdón,73,5757,Banda MS de Sergio Lizárraga
Y Lo Que Falta,73,5759,Jaziel Avilez|Codiciado|Peso Pluma
4 Decadas de Exitos,73,5760,Los Cadetes De Linares
Hamilton (Original Broadway Cast Recording),73,5762,Leslie Odom Jr.|Original Broadway Cast of Hamilton
¿Qué pides tú?,73,5764,Alex Ubago|Amaia Montero
The One,73,5769,Afgan
Ao Vivo Em Palmas,73,5785,Henrique & Juliano
Menos É Mais (Ao Vivo),73,5786,Henrique & Juliano
Marca Evidente,73,5787,Israel & Rodolffo|Jorge & Mateus
Tem Moda Pra Tudo (Ao Vivo),73,5788,Matheus & Kauan|Jorge & Mateus
Churrasquinho Menos É Mais (Ao Vivo),73,5791,Grupo Menos É Mais|Di Propósito|Vou Zuar
2T Na Levada,73,5794,MC Tuto|Oldilla
Amor Platónico,73,5798,Los Tucanes De Tijuana
Curtis,73,5800,50 Cent|Justin Timberlake|Timbaland
TY.O (International Version),73,5801,Taio Cruz|Flo Rida
Tribalistas,73,5804,Tribalistas
Glory Days (Expanded Edition),73,5809,Little Mix
Handwritten (Deluxe),73,5810,Shawn Mendes
Tucanes De Oro ... Secuestro De Amor,73,5811,Los Tucanes De Tijuana
Belico,73,5816,El Komander
ALOHA INOHA,73,5817,INOHA
Wings,73,5824,BTS
Sex Symbol,73,5825,Adalberto Santiago
Contraste,73,5827,Gilberto Santa Rosa
The Supremes A' Go-Go (Expanded Edition),73,5828,The Supremes
Sinatra/Basie: The Complete Reprise Studio Recordings,73,5829,Frank Sinatra|Count Basie
The Times They Are A-Changin',73,5830,Bob Dylan
"Wednesday Morning, 3 A.M.",73,5831,Simon & Garfunkel
For Cryin' Out Loud!,73,5834,FINNEAS
El Mundo Se Equivoca,73,5835,La Quinta Estacion
Actual Life (April 14 - December 17 2020),73,5841,Fred again..|The Blessed Madonna
LP1,73,5844,Liam Payne|Rita Ora
Tell Me You Love Me,73,5845,Demi Lovato
Private Suite (Vol. 2),73,5850,ROA
URIEL LOZANO / Zapada EN VIVO en UN POCO DE RUIDO!,73,5856,Pinky SD|Un Poco de Ruido|Uriel Lozano
Smoke + Mirrors (Deluxe),73,5868,Imagine Dragons|Broiler
Evening Machines,73,5869,Gregory Alan Isakov
Black & Blue,73,5871,Backstreet Boys
Mind Over Matter,73,5872,Young the Giant
Everybody Wants,73,5873,The Struts
Expectations,73,5879,Bebe Rexha|Florida Georgia Line
Please: Further Listening 1984 - 1986 (2018 Remaster),73,5884,Pet Shop Boys
Under My Skin,73,5885,Avril Lavigne
Wild West,73,5887,Central Cee
Invincible,73,5891,Michael Jackson
Doll Domination (Deluxe),73,5892,The Pussycat Dolls
Surrender,73,5893,RÜFÜS DU SOL
The Good Parts,73,5894,Andy Grammer
Smile,73,5895,Katy Perry
CRASH,73,5899,Kehlani
replica,73,5900,Vaundy
THE BOOK,73,5903,YOASOBI
A Day Without Rain,73,5907,Enya
ORANGE BLOOD,73,5911,ENHYPEN
DIMENSION : ANSWER,73,5913,ENHYPEN
5-STAR,73,5918,Stray Kids
Love Yourself 結 'Answer',73,5920,BTS
Jack In The Box,73,5921,j-hope
INTER SHIBUYA - LA MAFIA,73,5930,Feid
Farruko Presents Los Menores,73,5933,Farruko|Sean Paul
INTER SHIBUYA (FERXXO EDITION),73,5936,Feid|KAROL G
Victory,73,5937,Wisin|Ozuna
KrING,73,5938,KEVIN ROLDAN|Bryant Myers|Lyanno
Eterno,73,5941,Manuel Medrano
Rompiendo Fronteras,73,5945,Alejandro Fernández|Morat
De Verdad (15 Super Exitos),73,5947,Eddie Santiago
Error 93,73,5948,Cazzu|Lyanno|Rauw Alejandro|Dalex
En Total Plenitud,73,5951,Marco Antonio Solís
Tu Veneno Mortal,73,5954,Eslabon Armado
¿A Dónde Vamos?,73,5956,Morat
Asondeguerra,73,5958,Juan Luis Guerra 4.40
Soy Yo,73,5960,Kany García
Romances,73,5961,Luis Miguel
Entre El Agua Y El Fuego,73,5963,José Luis Perales
El Que Busca Encuentra,73,5964,Elefante
Manuel Medrano,73,5965,Manuel Medrano
Signos (Remastered),73,5966,Soda Stereo
Mundo Lite,73,5967,Aleks Syntek|Ana Torroja
Corazon Latino,73,5968,David Bisbal
Tu Amor Secreto,73,5975,Grupo Bryndis
Llorar,73,5976,Los Socios Del Ritmo
Más Negro Que Rojo,73,5977,Boza
Motivan2,73,5979,Zion & Lennox|J Balvin
Timelezz,73,5981,JHAYCO|Anuel AA
PAPOTA,73,6003,CA7RIEL & Paco Amoroso|CA7RIEL|Paco Amoroso
Amor Prohibido,73,6008,Selena
DAYS BEFORE RODEO,73,6009,Travis Scott
Confrontation,73,6013,Bob Marley & The Wailers
All Out Of Love,73,6014,Air Supply
20/20,73,6015,George Benson
"Hints, Allegations & Things Left Unsaid",73,6016,Collective Soul
I've Been Expecting You,73,6017,Robbie Williams
18 Til I Die,73,6018,Bryan Adams
Rush (Music from the Motion Picture Soundtrack),73,6019,Eric Clapton
Tha Carter III,73,6021,Lil Wayne|Static Major
Masterpiece: Nuestra Obra Maestra,73,6026,R.K.M & Ken-Y
Diva (Platinum Edition),73,6028,Ivy Queen
All the Lost Souls,73,6031,James Blunt
One of One,73,6032,Starley|Ryan Riback
Netzwerk,73,6033,Klangkarussell|Will Heard
Straight from the Heart (Remastered),73,6037,Patrice Rushen
Street Songs (Deluxe Edition),73,6038,Rick James
Living In The Background,73,6039,Baltimora
14 Shades of Grey,73,6042,Staind
Slime & B,73,6048,Chris Brown|Young Thug
Dark Side,73,6051,Justine Skye|Tyga
Poison,73,6052,Bell Biv DeVoe
a new star (1 9 9 3),73,6053,Rels B|Junior H
LYKE MIIKE (DELUXE),73,6056,Myke Towers|Omar Courtz
Stars (Collector's Edition),73,6058,Simply Red
Making Movies,73,6060,Dire Straits
Steal This Album!,73,6061,System Of A Down
Whitey Ford Sings the Blues,73,6062,Everlast
Ain't My Last Rodeo,73,6063,Riley Green|Luke Combs
Double Wide,73,6064,Uncle Kracker
"Where I've Been, Isn't Where I'm Going",73,6065,Shaboozey|Paul Cauthen
#1s ... and then some,73,6069,Brooks & Dunn
Strait Out Of The Box,73,6070,George Strait
The Woman In Me,73,6073,Shania Twain
I Need You,73,6074,LeAnn Rimes
Excuse The Mess,73,6076,Ella Langley
Bad For Me,73,6078,Chayce Beckham
Dreaming Out Loud,73,6087,OneRepublic
Made In Lagos,73,6089,Wizkid|Tems
Take Me Home (Expanded Edition),73,6090,One Direction
What A Devastating Turn of Events,73,6094,Rachel Chinouriri
Trilogy,73,6096,The Weeknd
8701,73,6099,USHER
The Year I Turned 21,73,6100,Ayra Starr
Secrets,73,6101,Toni Braxton
Cooleyhighharmony (Bonus Tracks Version),73,6102,Boyz II Men
You Get What You Give,73,6105,Zac Brown Band|Jimmy Buffett
Not Your Muse (Deluxe),73,6108,Celeste
Feel Something (Deluxe),73,6109,Jaymes Young
CHARLIE,73,6110,Charlie Puth|Jung Kook|BTS
Sick Boy,73,6112,The Chainsmokers|Kelsea Ballerini
Ivy To Roses (Mixtape),73,6113,Mabel
Christopher Cross,73,6116,Christopher Cross
Lost in Love,73,6117,Air Supply
Colourmeinkindness,73,6118,Basement
Private Dancer (30th Anniversary Issue),73,6119,Tina Turner
"Girls, Girls, Girls (Deluxe Version)",73,6120,Mötley Crüe
Morning View,73,6121,Incubus
Wonder What's Next (Expanded Edition),73,6122,Chevelle
Sixteen Stone (Remastered),73,6125,Bush
Fear of the Dark (2015 Remaster),73,6129,Iron Maiden
Danzig,73,6130,Danzig
Nightmare,73,6131,Avenged Sevenfold
Ace of Spades (Expanded Edition),73,6132,Motörhead
One By One (Expanded Edition),73,6134,Foo Fighters
Satellite (U.S. Version),73,6135,P.O.D.
The Big Revival,73,6141,Kenny Chesney
Sayin’ What I’m Thinkin’,73,6146,Lainey Wilson
Trash,73,6147,Alice Cooper
LOOM,73,6149,Imagine Dragons
Moon Music (Full Moon Edition),73,6150,Coldplay
Gold Rush Kid,73,6151,George Ezra
The Show,73,6153,Niall Horan
I Don't Speak The Language,73,6155,Matthew Wilder
Speaking in Tongues (Deluxe Version),73,6156,Talking Heads
Ice On The Dune,73,6157,Empire Of The Sun
Language.Sex.Violence.Other?,73,6158,Stereophonics
"Preludes, Book 1 - Streams",73,6159,Yehezkel Raz
Paris Texas,73,6163,Kevin Kaarl
One Wayne G,73,6164,Mac DeMarco
Songs For The Deaf,73,6165,Queens of the Stone Age
O My Heart,73,6166,Mother Mother
How To Be A Human Being,73,6169,Glass Animals
A Brief Inquiry Into Online Relationships,73,6170,The 1975
BADLANDS (Deluxe),73,6172,Halsey
Babel (Deluxe Version),73,6175,Mumford & Sons
Good News For People Who Love Bad News,73,6180,Modest Mouse
Visions,73,6185,Grimes
"I like it when you sleep, for you are so beautiful yet so unaware of it",73,6186,The 1975
Absolutely,73,6187,Dijon
Race,73,6188,Alex G
Sunburn,73,6189,Dominic Fike
Up and Away,73,6190,Σtella|Redinho
MOTOMAMI,73,6198,ROSALÍA|The Weeknd
USB,73,6215,Fred again..|Baby Keem
Comfort In Chaos,73,6216,John Summit|HAYLA
Kamikaze,73,6225,Eminem
15,73,6229,Bhad Bhabie|Lil Yachty
Public Displays Of Affection: The Album,73,6230,Muni Long
ICY,73,6231,Saweetie
Amala (Deluxe Version),73,6233,Doja Cat|Rico Nasty
Hood Hottest Princess,73,6243,Sexyy Red
ESTRELLA,73,6248,Mora
Trap Capos: Season 1,73,6249,Trap Capos|Noriel|Gigolo Y La Exce|Sammy & Falsetto|Mike Duran|Baby Angel
PARAÍSO,73,6252,Mora|YOVNGCHIMI
Kung Alam Mo Lang,73,6255,Hev Abi
È FINITA LA PACE,73,6260,Marracash
Reinsertado,73,6272,Morad|Jul
Life of a DON,73,6276,Don Toliver|Travis Scott
Donda,73,6277,Kanye West
Sweet Action,73,6279,Jack Harlow
My Turn (Deluxe),73,6285,Lil Baby|42 Dugg
So Much Fun,73,6287,Young Thug|J. Cole|Travis Scott
KHALED KHALED,73,6288,DJ Khaled|Lil Baby|Lil Durk
Meet The Woo 2,73,6293,Pop Smoke
Younger Now,73,6303,Miley Cyrus
Rock n Roll Jesus,73,6304,Kid Rock
Tal Bachman,73,6305,Tal Bachman
Now in a Minute,73,6306,Donna Lewis
Coco,73,6307,Colbie Caillat
I Can See Clearly Now,73,6308,Johnny Nash
Tuesday Night Music Club,73,6310,Sheryl Crow
The Visitors (Deluxe Edition),73,6313,ABBA
Into The Great Wide Open,73,6315,Tom Petty and the Heartbreakers
Boombastic,73,6316,Shaggy
I Should Coco (20th Anniversary Collector's Edition),73,6317,Supergrass
Black Sunday,73,6318,Cypress Hill
Nobody Else (Expanded Edition),73,6319,Take That
The Colour Of My Love,73,6321,Céline Dion
Last of the Independents,73,6322,Pretenders
Show Me Love,73,6332,Robin S
The Rhythm of the Night,73,6334,Corona
Machine Head (Remastered),73,6336,Deep Purple
Hot Chocolate,73,6337,Hot Chocolate
Wild Cherry,73,6338,Wild Cherry
Jailbreak (Deluxe Edition),73,6339,Thin Lizzy
Songs In The Key Of Life,73,6340,Stevie Wonder
What You Won't Do for Love,73,6341,Bobby Caldwell
Born To Run,73,6343,Bruce Springsteen
Imagination (Expanded Edition),73,6352,Gladys Knight & The Pips
The Dutchess,73,6359,Fergie
L'Amour Toujours,73,6360,Gigi D'Agostino
Loud,73,6382,Rihanna
Bella Donna (2016 Remastered),73,6383,Stevie Nicks
Hysteria,73,6384,Def Leppard
Like a Prayer,73,6385,Madonna
The River,73,6386,Bruce Springsteen
A New Flame (Expanded Version),73,6387,Simply Red
No Brakes,73,6388,John Waite
Rio (Collector's Edition),73,6389,Duran Duran
Dancing On The Ceiling (Expanded Edition),73,6390,Lionel Richie
Diana,73,6397,Diana Ross
Hidden Vagenda,73,6400,Kimya Dawson
B'Day Deluxe Edition,73,6434,Beyoncé
FIVE (Deluxe Edition),73,6435,Prince Royce
Loba,73,6436,Shakira
Midnights (The Til Dawn Edition),73,6440,Taylor Swift
1989 (Taylor's Version) [Deluxe],73,6451,Taylor Swift|Kendrick Lamar
Chromatica,73,6459,Lady Gaga|Ariana Grande
Olamidé,72,6499,Olamide|Wizkid|Darkoo
INDÓMITA,72,6501,Belinda
¿Quién + Como Yo?,72,6508,Christian Nodal|Neton Vega
De Chava,72,6511,Yeri Mua|Lewis Somes
Las Canciones de Plim Plim Vol. 2,72,6516,El Payaso Plim Plim
"Ao Vivo no Rio de Janeiro, Vol. 2",72,6518,Mari Fernandez
Inefable,72,6519,Micro TDH
99 Nights (Edition Deluxe),72,6526,Charlotte Cardin
Quiero Volver,72,6529,TINI|Morat
"Magos, Espadas Y Rosas",72,6530,Rata Blanca
Grandma,72,6536,Unique Salonga
DSU,72,6538,Alex G
TRAP CAKE VOL. 2,72,6540,Rauw Alejandro
Juntos Otra Vez,72,6541,Wisin & Yandel
Fantasía Pop,72,6542,Belanova
A Tiempo,72,6543,Ha*Ash
Me Volvi A Acordar De Ti,72,6549,Los Bukis
First Love (The Original & the Very First Recording),72,6551,Yiruma
Blanco y Negro Vol. 1,72,6555,Grupo Maximo Grado
Camino del Amor,72,6558,Los Temerarios
POP CUBE,72,6561,imase
Big Daddy Jok,72,6565,Jok'air
OK ORCHESTRA,72,6567,AJR
Emigrante Del Mundo (Remastered),72,6570,Lucenzo|Big Ali
Big Juicy,72,6571,Ayesha Erotica
Clandestino,72,6573,Manu Chao
Rules,72,6574,Alex G
(III),72,6575,Crystal Castles
...And Justice for All (Remastered Deluxe Box Set),72,6580,Metallica
A Night At The Opera (Deluxe Edition 2011 Remaster),72,6584,Queen
Soul Searching,72,6588,Bazzi
That's Life,72,6590,Frank Sinatra
bloom,72,6591,mgk|Camila Cabello
Communiqué,72,6595,Dire Straits
Future History (Deluxe Edition),72,6596,Jason Derulo
SoulFly,72,6598,Rod Wave
El Camino (2021 Remaster),72,6599,The Black Keys
Politics of Living,72,6602,Kodaline
Raw Tracks and Reworks,72,6603,Aloboi
Touch Up,72,6605,Mother Mother
Crystal Castles,72,6606,Crystal Castles
The Perfect LUV Tape,72,6608,Lil Uzi Vert
Jah Won't Pay The Bills,72,6609,Sublime
Yellow Tape 2,72,6610,Key Glock
4 Your Eyez Only,72,6613,J. Cole
Bohemian Rhapsody (The Original Soundtrack),72,6616,Queen
Drip or Drown,72,6617,Gunna
Now And Then,72,6618,Shenandoah
It Goes Like This,72,6619,Thomas Rhett
The Hunger Games: Mockingjay Pt. 1 (Original Motion Picture Score),72,6623,James Newton Howard|Jennifer Lawrence
La Familia,72,6628,J Balvin|Farruko
Penyendiri,72,6631,Misellia
Senderos De Traición,72,6634,Heroes Del Silencio
Senderos De Traición - Edición Especial,72,6635,Heroes Del Silencio
Sebuah Cerita,72,6637,Mahen
Sports,72,6642,Modern Baseball
young forever,72,6645,Nessa Barrett
Fantastic Magic,72,6646,TK from Ling tosite sigure
Never for Ever (2018 Remaster),72,6655,Kate Bush
Danger Days: The True Lives of the Fabulous Killjoys,72,6659,My Chemical Romance
No Place Left to Leave (2006),72,6660,Brent Cobb
Back For Everything,72,6662,Kodak Black
Meraih Bintang,72,6667,Geisha
Kenyataan Perasaan,72,6669,Kerispatih
Setengah Mati Merindu,72,6670,Judika
Winning 11,72,6671,Yovie & Nuno
Aalas Ka Pedh,72,6672,The Local Train
Uma Só Voz - Vol. 01 (Ao Vivo),72,6675,MORADA
Ele É (Ao Vivo),72,6676,MORADA
Lelaki Hebat,72,6681,Seventeen
Dunia Yang Indah,72,6682,Seventeen
The Peace And The Panic,72,6684,Neck Deep
Berhati,72,6685,Sal Priadi|Nadin Amizah
Fragmented,72,6687,Up Dharma Down
Bende Bi' Aşk Var,72,6689,Göksel
Fuchsiang Pag-Ibig,72,6691,Silent Sanctuary
A Hangover You Don't Deserve,72,6694,Bowling For Soup
Songs From The Big Chair (Deluxe),72,6706,Tears For Fears|Dave Bascombe
Yellow Tape,72,6707,Key Glock
Twinkle Twinkle Little Star & More Kids Songs,72,6708,Super Simple Songs
"CoComelon Kids Hits, Vol. 1",72,6709,CoComelon
Flor De Piel,72,6712,Alejandra Guzman
Man On The Moon: The End Of Day (Deluxe),72,6716,Kid Cudi|MGMT|Ratatat
Mexico en la Piel (edicion diamante),72,6718,Luis Miguel
Yo Te Necesito,72,6719,Los Bukis
Todo Depende De Ti,72,6720,La Arrolladora Banda El Limón De Rene Camacho
Tu Amor O Tu Desprecio,72,6722,Marco Antonio Solís
De Norte A Sur,72,6725,Cardenales De Nuevo León
Enséñame,72,6727,Bobby Pulido
AYAYAY! (Deluxe),72,6728,Christian Nodal
El Malo,72,6730,Carin Leon
Ni Lo Intentes,72,6731,Julión Álvarez y su Norteño Banda
Marco Antonio Solis,72,6732,Marco Antonio Solís
"Sentimiento, Elegancia y Más Maldad",72,6735,Arcángel|Grupo Frontera
The Prodigal,72,6737,Josiah Queen
Tell Me I'm Pretty,72,6739,Cage The Elephant
Getting Away With Murder,72,6742,Papa Roach
Dear Agony,72,6743,Breaking Benjamin
When The Lights Go Down,72,6744,Matt Simons|Deepend
Karma and Effect,72,6746,Seether
Move Along,72,6757,The All-American Rejects
Habits,72,6759,Neon Trees
NEXT,72,6760,Xavi|Los Dareyes De La Sierra
$ad Boyz 4 Life,72,6762,Junior H
Songs from the Valley,72,6763,John Vincent III
La Cagaste... Burt Lancaster,72,6767,Hombres G
.mp3,72,6768,Emilia|TINI
Palabras Del Silencio (Edición Aniversario - Un Año Despues),72,6769,Luis Fonsi
VANITY,72,6778,Bryant Barnes
Dancing in the Moonlight,72,6779,King Harvest
HOT COUTURE,72,6780,Britney Manson
Home,72,6781,Deep Blue Something
Beautiful World,72,6782,Take That
Blurring The Edges,72,6785,Meredith Brooks
Straight Outta Compton,72,6786,N.W.A.
AFTERCARE DELUXE,72,6790,Nessa Barrett
RY RY WORLD,72,6792,Mariah the Scientist
Gold,72,6793,Cleo Sol
Nardy World,72,6797,Loe Shimmy|Brent Faiyaz
Posada de H Records VIP Vol. 1 (En Vivo),72,6802,Alta Consigna
Intimidades,72,6804,Los Acosta
Levanta Tu Vuelo,72,6805,El Coyote Y Su Banda Tierra Santa
Cruisin' with Junior H,72,6806,Junior H
Mi Mexico Querido,72,6808,Joan Sebastian
STOKELEY,72,6809,Ski Mask The Slump God|Juice WRLD
Project YVL,72,6818,TWXN|LL Clawz|507KAZ
Vida,72,6820,Canserbero
7EDI,72,6827,Era7capone|NASTEISHA
"Nada Como um Dia Após o Outro Dia, Vol. 1 & 2",72,6828,Racionais MC's
Máquina do Tempo,72,6830,Matuê
When In Rome,72,6832,When In Rome
Studying Abroad: Extended Stay,72,6833,Masego|Don Toliver
"unfortunately yours,",72,6835,GenriX|CORBAL|Shiloh Dynasty
FUTURE PAST,72,6840,Duran Duran
I'm Sure,72,6841,Harmless
Project X,72,6842,Ken Carson
Weightless (Ambient Transmission Vol. 2),72,6844,Marconi Union
Rotten,72,6846,BONES
Naluri Lelaki (Special Edition),72,6848,SAMSONS
Format Masa Depan,72,6849,Dewa 19
Episode,72,6852,Zack Tabudlo
WANT,72,6854,3OH!3
Imunidade Musical,72,6858,Charlie Brown Jr.
Camisa 10 joga bola até na chuva,72,6860,Charlie Brown Jr.
El Circo,72,6861,Maldita Vecindad Y Los Hijos Del 5to. Patio
Hello My Name Is...,72,6862,Bridgit Mendler
Cumpliendo Un Sueño,72,6865,Fidel Rueda
MUSICA <3,72,6866,Junior H
Dreams and Nightmares (Deluxe Edition),72,6869,Meek Mill
El Patrón (La Victoria),72,6870,"Tito ""El Bambino""|Zion|Lennox"
Mas Que Un Anhelo,72,6875,Marcela Gandara
El Aire De Tu Casa,72,6876,Jesús Adrián Romero
Real G 4 Life Part 2,72,6877,Ñengo Flow
El Vagabundo Que Te Ama,72,6878,Pancho Barraza
Pyramide,72,6879,Werenoi
Contigo,72,6880,Intocable
Canta Trovador,72,6881,Leo Dan
A Love Letter To You 4,72,6883,Trippie Redd
Fight Back: The Collection,72,6885,NEFFEX
Cruce de Caminos,72,6887,Santiago Cruz
Kereta Kencan,72,6888,Hivi!
Tum Mile (Original Motion Picture Soundtrack),72,6892,Pritam|KK
Aaja Nachle,72,6897,Salim–Sulaiman|Rahat Fateh Ali Khan|Jaideep Sahni
A Casa É Sua,72,6906,Casa Worship
Сборник север 3,72,6908,Gio Pika
Resiliencia,72,6909,Beret|Morat
15 Anos (Ao Vivo),72,6912,Pixote
"Revivem Sua História, Vol. 1 (Ao vivo em Uberlândia)",72,6916,Bruno & Marrone
Elefante,72,6919,Elefante
Eternity,72,6920,Super Yei|Sammy Baby|Jone Quest|Myke Towers|Lenny Tavárez|Rafa Pabön
Tere Naal Love Ho Gaya (Original Motion Picture Soundtrack),72,6922,Atif Aslam|Shreya Ghoshal|Sachin-Jigar
NUME,72,6923,Filipe Ret|Mãolee|Maru2D
Dunki,72,6928,Pritam|Arijit Singh|Irshad Kamil
Teflon Don,72,6932,Rick Ross|Drake|Chrisette Michele
Gargolas 3,72,6935,Alex Gargolas|Daddy Yankee|Nicky Jam
Yo No Canto Pero Lo Intentamos,72,6936,Espinoza Paz
Mr. Davis,72,6939,Gucci Mane|Migos
Vanilla Ice Is Back! - Hip Hop Classics,72,6940,Vanilla Ice
Ae Dil Hai Mushkil (Original Motion Picture Soundtrack) [Deluxe Edition],72,6941,Pritam|Arijit Singh
Rockstar,72,6943,A.R. Rahman|Javed Ali|Mohit Chauhan
Raanjhanaa (Original Motion Picture Soundtrack),72,6944,A.R. Rahman|Javed Ali|KIRTI SAGATHIA|Pooja AV
December Avenue,72,6945,December Avenue
VENI VIDI VICI,72,6949,Lacrim
Carré,72,6950,Werenoi
CALL ME IF YOU GET LOST: The Estate Sale,72,6952,"Tyler, The Creator"
MoveMeant (International),72,6954,Mohombi
The Sun's Tirade,72,6956,Isaiah Rashad|Zacari|Kendrick Lamar
The Family Jewels,72,6957,MARINA
Woh Lamhe,72,6958,Pritam|KK|Neelesh Misra
Befikre,72,6959,Vishal-Shekhar|Arijit Singh|Caralisa Monteiro|Jaideep Sahni
It Is What It Is,72,6961,Thundercat
Let's Cheers To This,72,6964,Sleeping With Sirens
Mi Persona Preferida,72,6966,El Bebeto
Pa' Luego Es Tarde,72,6967,Yuridia|Ángela Aguilar
Privilegio,72,6973,Alfredo Olivas
Portraits,72,6975,Maribou State|Holly Walker
Marvelous,72,6976,Yung Gravy|bbno$|Rich Brian
Harvest (50th Anniversary Edition),72,6985,Neil Young
ALASKA BABY,72,6989,Cesare Cremonini
The Art of Translation,72,6992,Grits|TobyMac
PUNK TACTICS,72,6993,Joey Valence & Brae
SIDES,72,6994,Afgan
La la Love You Bonus,72,7006,La La Love You|Axolotes Mexicanos
Os Anjos Cantam,72,7008,Jorge & Mateus
CONFIA,72,7010,Mãolee|Filipe Ret|Vulgo FK
Sorriso Eu Gosto No Pagode - Parte 1 (Ao Vivo),72,7011,Sorriso Maroto|Ferrugem
Sorriso Eu Gosto No Pagode Vol. 2 (Ao Vivo),72,7012,Sorriso Maroto
De Bar em Bar 6,72,7014,Natanzinho Lima
Ao Vivo Em Brasília (Deluxe),72,7017,Henrique & Juliano
Fortaleza (Ao Vivo),72,7018,Murilo Huff|Hugo & Guilherme
É o Grelo,72,7019,Grelo
O Fantástico Mundo De Nattan (Ao Vivo),72,7020,NATTAN|Felipe Amorim
ICARUS,72,7024,BK|Luccas Carlos|Nansy Silvvz|Gigantes
Kirari Remixes (Asia Edition),72,7027,Fujii Kaze
We The Best Forever,72,7028,DJ Khaled|Drake|Rick Ross|Lil Wayne
Sigh No More,72,7030,Mumford & Sons
"Gira, il mondo gira",72,7031,Olly|Juli
Lo Que Andábamos Buscando (Special Para CEV),72,7035,Elefante
Ni Diablo Ni Santo,72,7037,Julión Álvarez y su Norteño Banda
Me Robaste El Corazon,72,7038,Los Tucanes De Tijuana
4 Decadas 20 Boleros,72,7040,Los Cadetes De Linares
Nieves de Enero,72,7041,Chalino Sanchez|Los Amables Del Norte
Vamos Bien,72,7042,Calibre 50
Come Around Sundown (Expanded Edition),72,7045,Kings of Leon
Fighting Demons (Deluxe),72,7048,Juice WRLD
Mejor Que Ayer,72,7052,David Pabon
40,72,7055,Grupo Niche
Dimensión Latina '75,72,7056,Dimension Latina|Oscar D'León
That's All,72,7058,Bobby Darin
Smiley Smile (Remastered),72,7059,The Beach Boys
Platinum - A Life In Music,72,7060,Elvis Presley
Surrealistic Pillow,72,7061,Jefferson Airplane
David Bowie (aka Space Oddity) [2015 Remaster],72,7062,David Bowie
Along Came Jones,72,7063,Tom Jones
Still Bill,72,7065,Bill Withers
Gotta Be Me,72,7068,Cody Johnson
Eva,72,7071,Lasso
Poquito a Poquito,72,7075,Marta Santos
Churrasquinho 3 (Ao Vivo),72,7080,Grupo Menos É Mais
Von hier an blind,72,7082,Wir sind Helden
Libertad,72,7083,Airbag
El Calor Del Pleno Invierno,72,7085,No Te Va Gustar
Shed,72,7088,Title Fight
New Beginning,72,7092,Tracy Chapman
Cracker Island,72,7093,Gorillaz|Tame Impala|Bootie Brown
Savage Garden (Original Version),72,7097,Savage Garden
Ramones (40th Anniversary Deluxe Edition; 2016 Remaster),72,7099,Ramones
Hot,72,7102,INNA
Jason Derulo (International),72,7107,Jason Derulo
Born to Do It,72,7108,Craig David
Emotion (Deluxe Expanded Edition),72,7110,Carly Rae Jepsen
Stars Dance (Bonus Track Version),72,7111,Selena Gomez
Life In Cartoon Motion,72,7113,MIKA
Maggot,72,7115,Dazey and the Scouts
Hyperdrama,72,7117,Justice|Tame Impala
だから僕は音楽を辞めた,72,7118,ヨルシカ
Optical Sunrise/Spectrum2,72,7120,Spectrum
BOOTLEG,72,7123,Kenshi Yonezu
Lovers Rock,72,7130,Sade
BORN PINK,72,7136,BLACKPINK
Love Yourself 承 'Her',72,7142,BTS
Love and Sex,72,7157,Plan B
Los Cotizados,72,7158,Baby Rasta y Gringo
Timeless,72,7161,J Alvarez
Los Que Gustan,72,7162,Klasico|Ozuna
AURORA,72,7177,HUMBE
Lo Pasado Pasado,72,7178,José José
Hoja en Blanco,72,7180,Monchy & Alexandra
Confesiones,72,7182,Monchy & Alexandra
JOSE,72,7185,J Balvin|Maria Becerra
Resistencia,72,7187,Yandel|Feid
Amor Supremo (Desnudo),72,7188,Carla Morrison
Gracias,72,7190,José José
Me Siento Tan Sola,72,7200,Gloria Trevi
La Pachanga,72,7202,Vilma Palma e Vampiros
Stereo Hits,72,7203,Mœnia
Donde Hay Música (Spanish Version),72,7204,Eros Ramazzotti
Bachata Rosa,72,7205,Juan Luis Guerra 4.40
Santo Pecado,72,7206,Ricardo Arjona
Rebelde,72,7207,RBD|Anahí|Dulce María|Maite Perroni|Christian Chávez|Christopher von Uckermann|Alfonso Herrera
Dos,72,7209,Fanny Lu
"Grupo Cañaveral, Vol. 3",72,7214,Grupo Cañaveral De Humberto Pabón
SEX AND LOVE (Deluxe Edition),72,7216,Enrique Iglesias|Descemer Bueno|Gente De Zona
LOS 9 DE FERXXO Y SKY ROMPIENDO,72,7219,Feid|Sky Rompiendo|Dei V
TODOS LOS DÍAS TODO EL DÍA,72,7232,LATIN MAFIA
Como Tu Mujer,72,7246,Rocío Dúrcal
RU The World,72,7252,Ruger
Hold You,72,7256,Gyptian
Rock 'N Soul,72,7257,Solomon Burke
"No, No, No",72,7258,Dawn Penn
Tease Me,72,7259,Chaka Demus & Pliers
Double Fantasy,72,7260,John Lennon
Permission to Land,72,7261,The Darkness
Does This Look Infected?,72,7263,Sum 41
Misguided Roses,72,7265,Edwin McCain
Branigan,72,7273,Laura Branigan
Welcome To The Pleasuredome,72,7276,Frankie Goes To Hollywood
A Kind Of Magic (2011 Remaster),72,7277,Queen
Celebrate!,72,7278,Kool & The Gang
Mack Daddy,72,7279,Sir Mix-A-Lot
Surprise,72,7280,Crystal Waters|The Basement Boys
The Open Door,72,7282,Evanescence
Eternal Blue,72,7283,Spiritbox
Disguise,72,7284,Motionless In White
Guitar Gangsters & Cadillac Blood,72,7287,Volbeat
Life Is Killing Me,72,7288,Type O Negative
Every Six Seconds,72,7290,Saliva
Lateralus,72,7292,TOOL
Ænima,72,7295,TOOL
As Daylight Dies (Special Edition),72,7296,Killswitch Engage
Faceless,72,7297,Godsmack
Escândalo Íntimo,72,7300,Luísa Sonza|KayBlack
19 & Dangerous (Deluxe),72,7301,Ayra Starr
Butterfly,72,7302,Mariah Carey
Sex Playlist,72,7303,Omarion|Chris Brown|Jhené Aiko
Mama's Gun,72,7304,Erykah Badu
In Square Circle,72,7305,Stevie Wonder
Go,72,7306,Mario
F.A.M.E. (Expanded Edition),72,7307,Chris Brown|Justin Bieber
IM NAYEON,72,7315,NAYEON
World Of Walker,72,7319,Alan Walker|Ava Max
Invisible Touch (2007 Remaster),72,7320,Genesis
True Colors,72,7323,Cyndi Lauper
Double Fantasy: Stripped Down,72,7325,John Lennon
Alannah Myles,72,7326,Alannah Myles
Can't Slow Down,72,7327,Lionel Richie
Popular Monster,72,7328,Falling In Reverse
Memory Lane,72,7330,Old Dominion
SPEAK NOW,72,7332,Moneybagg Yo|Morgan Wallen
Britney (Digital Deluxe Version),72,7334,Britney Spears
Love. Angel. Music. Baby. (Deluxe Version),72,7335,Gwen Stefani
Always Never The Same,72,7338,George Strait
Brand New Man,72,7339,Brooks & Dunn
John Michael Montgomery,72,7340,John Michael Montgomery
Down The Road I Go,72,7341,Travis Tritt
Carrying Your Love With Me,72,7343,George Strait
The Search for Everything,72,7346,John Mayer
Call Me Irresponsible,72,7357,Michael Bublé
That Ain't No Man That's The Devil,72,7358,Jessie Murph|Jelly Roll
Electric Light,72,7361,James Bay
Unbroken,72,7366,Demi Lovato
Gets Next to You,72,7368,Al Green
Disturbing Tha Peace Presents Bobby Valentino,72,7369,Bobby V.
Shawn Mendes,72,7372,Shawn Mendes
Better,72,7378,Haley Reinhart
There's Really A Wolf,72,7382,Russ
When It's All Said And Done... Take Time,72,7384,GIVĒON
Birdy,72,7387,Birdy
Rockferry,72,7397,Duffy
Jerusalema,72,7400,Master KG|Nomcebo Zikode
Meet The Vamps,72,7403,The Vamps
Diesel And Dust,72,7404,Midnight Oil
We The Kings,72,7405,We The Kings
Stay Hungry,72,7411,Twisted Sister
Ride The Lightning (Deluxe Remaster),72,7412,Metallica
Ride The Lightning (Deluxe / Remastered),72,7413,Metallica
Reload,72,7414,Metallica
Throwing Copper,72,7415,Live
Marcy Playground,72,7416,Marcy Playground
Undertow,72,7418,TOOL
POST HUMAN: NeX GEn,72,7420,Bring Me The Horizon
...And Justice For All,72,7421,Metallica
Kane Brown,72,7426,Kane Brown|Lauren Alaina
Feels Like Today,72,7427,Rascal Flatts
Goldmine,72,7429,Gabby Barrett
A ROCK,72,7430,HARDY
Family Ties,72,7431,Charles Wesley Godwin
Different 'Round Here,72,7432,Riley Green
Stereotype,72,7433,Cole Swindell
Morrison Hotel,72,7436,The Doors
Elemental (Original Motion Picture Soundtrack),72,7438,Lauv
Green Onions,72,7440,Booker T. & the M.G.'s
Crimes Of Passion,72,7441,Pat Benatar
War (Remastered),72,7442,U2
Zenyatta Mondatta (Remastered 2003),72,7443,The Police
Seventeen Going Under (Deluxe),72,7444,Sam Fender
Prelude to Ecstasy,72,7447,The Last Dinner Party
Marvin's Marvelous Mechanical Museum,72,7448,Tally Hall
Jinx,72,7454,Crumb
Chiaroscuro,72,7457,Ocean Alley
Everything All The Time,72,7458,Band of Horses
Substance,72,7461,New Order
The 1975,72,7462,The 1975
Animal Kingdom,72,7464,Cavetown
LANY,72,7465,LANY
xx,72,7471,The xx
"Oh, Inverted World (20th Anniversary Remaster)",72,7472,The Shins
"Bon Iver, Bon Iver",72,7475,Bon Iver
Orange Blossoms,72,7478,GoldFord
i care so much that i dont care at all,72,7481,glaive
REVIVE,72,7484,GAMPER & DADONI|Emily Roberts
EVOLUTION FUNK VOL. II,72,7493,MVSTERIOUS|Hxmr|yngastrobeatz.|EVO
Rise Of An Empire (Deluxe Edition),72,7510,Young Money|Drake
High Off Life,72,7514,Future
Top Shotta,72,7519,NLE Choppa|Roddy Ricch
Witness (Deluxe),72,7528,Katy Perry|Migos
"Passion, Pain & Pleasure (Deluxe Version)",72,7536,Trey Songz|Nicki Minaj
Rich Gang (Deluxe Version),72,7538,Rich Gang|Lil Wayne|Birdman|Mack Maine|Nicki Minaj|Future
Dreams Worth More Than Money,72,7539,Meek Mill|Chris Brown|Nicki Minaj
FERITE (Deluxe Edition),72,7552,Capo Plaza
Lungu Boy,72,7554,Asake|Wizkid
...And Then There Was X,72,7557,DMX
Pink Friday,72,7559,Nicki Minaj|Drake
D-12 World,72,7560,D12
Still Writing In My Diary: 2nd Entry,72,7561,Petey Pablo
Rappa Ternt Sanga (Expanded Edition),72,7562,T-Pain
Pink Friday 2,72,7584,Nicki Minaj
ATLiens,72,7594,Outkast
Creepin on Ah Come Up,72,7595,Bone Thugs-N-Harmony
Very Necessary,72,7596,Salt-N-Pepa
Illmatic,72,7597,Nas
Born in the Wild,72,7600,Tems
Cracked Rear View,72,7601,Hootie & The Blowfish
White Ladder (2020 Remaster),72,7603,David Gray
Woodface,72,7605,Crowded House
Pump Up The Jam,72,7620,Technotronic
Baby I'm-a Want You,72,7623,Bread
Bridge Over Troubled Water,72,7625,Simon & Garfunkel
What's Going On,72,7626,Marvin Gaye
Sticky Fingers (Remastered),72,7627,The Rolling Stones
Can't Get Enough,72,7628,Barry White
Destiny,72,7629,The Jacksons
Every Picture Tells A Story,72,7630,Rod Stewart
In the Summertime,72,7631,Mungo Jerry
Physical Graffiti (Deluxe Edition),72,7632,Led Zeppelin
Back to Front (Deluxe Edition),72,7633,Gilbert O'Sullivan
Billy Ocean (Expanded Edition),72,7634,Billy Ocean
Crazy Frog presents Crazy Hits,72,7639,Crazy Frog
"Before the Storm, Special Edition",72,7640,Darude
So Blu,72,7641,Blu Cantrell
Mirror,72,7662,Lauren Spencer Smith
Moon Music,72,7663,Coldplay
Joyride,72,7665,Roxette
Remember Me,72,7682,Sage The Gemini|Iamsu!
She Wolf (Expanded Edition),72,7698,Shakira
Bewitched: The Goddess Edition,72,7715,Laufey
Let's Go Rodeo,71,7765,Ana Castela
Sizin Seçtikleriniz,71,7777,Ferdi Özbeğen
Porque Tengo Ganas,71,7791,Marisela
SEX AND LOVE,71,7792,Enrique Iglesias|Romeo Santos
Que El Cielo Espere Sentao..,71,7796,Melendi
Depuis le temps,71,7799,Bouss
Notion,71,7803,Tash Sultana
Sensaciones,71,7804,Sen Senra
Happy Birthday Flakko,71,7805,Rels B
Temporada de Reggaetón 2,71,7808,Duki
Rocanlover,71,7810,Zoé
Vida De Perros,71,7811,Los Bunkers
Platónico,71,7814,Jay Wheeler|DJ Nelson
En Vivo,71,7816,Los Enanitos Verdes
NASTU,71,7818,Rvfv|Rels B
Cualquier Día,71,7830,Kany García
SEN2 KBRN VOL. 2,71,7833,Eladio Carrion
El Hombre,71,7836,El Alfa|Bryant Myers|Jon Z|Miky Woodz|Noriel|Plan B
Las baladas (Los singles vol II),71,7837,Hombres G
Hoy Como Ayer,71,7840,Hermanos Gutiérrez
Gardener of Eden,71,7841,Saint Avangeline
Don't Stop The Magic,71,7843,Grupo Marca Registrada|Grupo Frontera
Salvaje y Tierno,71,7844,Bronco
ADN,71,7845,Manuel Turizo
Entrega De Amor,71,7846,Los Ángeles Azules
Destilando Amor,71,7847,Aaron Y Su Grupo Ilusion
May 25th,71,7855,B.o.B|Bruno Mars
Real Thing,71,7863,The Real Thing
The Reaper,71,7870,EBK Jaaybo
Cosmo's Factory,71,7876,Creedence Clearwater Revival
Bottles and Bibles,71,7878,Tyler Childers
Footprints I Found,71,7886,David Kushner
A Different Day,71,7891,Cody Johnson
Abattoir Blues / The Lyre of Orpheus,71,7895,Nick Cave & The Bad Seeds
Humbug,71,7900,Arctic Monkeys
First Impressions Of Earth,71,7903,The Strokes
Still Not Getting Any,71,7904,Simple Plan
Cottonwood,71,7906,NLE Choppa|Blueface
Postcards From Heaven,71,7910,Lighthouse Family
The Celestial Suite,71,7911,Pale Jay
Sunny Side Up,71,7912,Paolo Nutini
You Gotta Go There To Come Back,71,7913,Stereophonics
Fresh Meat,71,7917,Ayesha Erotica
Glock Bond,71,7919,Key Glock
Glockoma,71,7921,Key Glock
AftërLyfe,71,7922,Yeat
"Yang Patah Tumbuh, Yang Hilang Berganti",71,7925,Banda Neira
NaFF,71,7927,NaFF
PLAYBOY,71,7929,Tory Lanez
07 Des,71,7932,Sheila On 7
Ruang Tunggu,71,7939,Payung Teduh
El Ritmo Mundial,71,7941,Los Fabulosos Cadillacs
Caress Your Soul,71,7942,Sticky Fingers
SALBAHE,71,7943,Robledo Timido
O Som das Multidões (Ao Vivo) [Deluxe],71,7944,Turma do Pagode
Facing Future,71,7948,Israel Kamakawiwo'ole
El Milagro Argentino,71,7960,Los Auténticos Decadentes
Corazones,71,7961,Los Prisioneros
Ixnay On The Hombre,71,7962,The Offspring
Cinta Luar Biasa,71,7967,Andmesh
Moments,71,7968,Maudy Ayunda
Divane,71,7971,Yaşar
Bigotilyo,71,7976,Parokya Ni Edgar
Tutur Batin,71,7977,Yura Yunita
Riuh,71,7982,Feby Putri
Sigue La Magia Dando,71,7984,Grupo Marca Registrada
Yan Yana Fotoğraf Çektirelim,71,7986,Nazan Öncel
Pocket Full Of Kryptonite (Anniversary Edition),71,7989,Spin Doctors
Ethereality,71,7990,Pastel Ghost
Pluto x Baby Pluto,71,7992,Future|Lil Uzi Vert
By and By,71,7994,Caamp
Let's Get It On,71,7995,Marvin Gaye
Completamente Tuya,71,7996,Marisela
GTTM: Goin Thru the Motions,71,7998,PnB Rock
Northsbest (Extended),71,7999,Lil Mosey
Fush Yu Mang (20th Anniversary Edition),71,8000,Smash Mouth
Por Mujeres Como Tú,71,8001,Pepe Aguilar
Gracias America Sin Fronteras,71,8006,Los Tigres Del Norte
Bodas De Engaño,71,8008,Vagon Chicano
Comedown Machine,71,8018,The Strokes
VOL. 1,71,8020,Novulent
Yours Truly,71,8024,Ariana Grande|Mac Miller
Unplugged (Live),71,8025,Eric Clapton
i'll be okay,71,8027,sign crushes motorist
All We Know Is Falling,71,8032,Paramore
Teen Dream,71,8035,Beach House
Talon Of The Hawk,71,8037,The Front Bottoms
Atrapado en un Sueño,71,8039,Junior H
The Life in Your Eyes,71,8040,Los Del Limit
Leave It Beautiful (Complete),71,8045,Astrid S
Secretos,71,8046,José José
Sin Bandera,71,8051,Sin Bandera
Oro Salsero,71,8053,Lalo Rodriguez
Moana 2 (Original Motion Picture Soundtrack),71,8060,Dwayne Johnson|Disney
Gossip In The Grain,71,8062,Ray LaMontagne
Neveroddoreven,71,8063,I Monster
Public Void,71,8065,Penelope Scott
Tchaikovsky: Swan Lake,71,8079,Pyotr Ilyich Tchaikovsky|André Previn|London Symphony Orchestra
Here's To The Good Times,71,8080,Florida Georgia Line
Situaciones,71,8087,Palomo
Ai Cũng Phải Bắt Đầu Từ Đâu Đó,71,8088,HIEUTHUHAI|marzuz
Back For Good/2nd,71,8089,Modern Talking|Eric Singleton
The Way That Lovers Do,71,8093,Prateek Kuhad
Versatilidad & Vivencias (Deluxe Edition),71,8103,El Vega
Tus Jefes No Me Quieren. Llegó la Cumbia,71,8111,Grupo Ensamble
The Carnival,71,8115,King
15 Exitos,71,8118,Los Alegres de la Sierra
PTSD,71,8119,G Herbo|Lil Uzi Vert|Juice WRLD|Chance the Rapper
SMOKE IT OFF!,71,8120,Lumi Athena|jnhygs
El Amor En Los Tiempos Del Perreo,71,8121,Piso 21|Christian Nodal
When I Woke,71,8122,Rusted Root
Sokak Dili ve Edebiyatı,71,8124,Yener Çevik
The Good Times,71,8126,Afroman
Walk the Talk,71,8127,Pamungkas
You'll Rebel to Anything (Expanded and Remastered 2008),71,8128,Mindless Self Indulgence
TEC (Bonus),71,8130,Lil Tecca
AD VITAM ÆTERNAM,71,8133,Booba|SDM
Que la famille,71,8135,PNL
RECOMMENCE-MOI,71,8139,SANTA
LIVE.LOVE.A$AP,71,8141,A$AP Rocky
Broke with Expensive Taste,71,8142,Azealia Banks|Lazy Jay
Sassy Scene,71,8143,6arelyhuman|kets4eki|Pixel Hood
Finisterra,71,8150,Mägo de Oz
MUSi-aM,71,8154,Da-iCE
100% Charlie Brown Jr - Abalando A Sua Fábrica,71,8155,Charlie Brown Jr.
Arquivo II 1991 - 2000,71,8156,Os Paralamas Do Sucesso
Zaz,71,8159,Zaz
Dejando Huella... El Final,71,8161,Conjunto Primavera
Me Gusta Estar Contigo,71,8162,"Sergio Vega ""El Shaka"""
En Vivo Desde El Rancho,71,8163,Remmy Valenzuela
Tu Sombra,71,8164,Pesado
"Alegres - Los Mejores Exitos, Vol. 1",71,8167,Los Alegres Del Barranco
Te Voy A Amar,71,8168,Fidel Rueda
Somos Arrieros,71,8171,Los Dos Carnales
Honeycomb,71,8175,Jitwam
Khiladi 786,71,8180,Himesh Reshammiya|Vineet Singh|Aaman Trikha
Colección Adoración,71,8187,Jesús Adrián Romero
Necesito Más De Ti,71,8190,Duelo
Toy Story (Original Motion Picture Soundtrack),71,8193,Randy Newman
A la Izquierda de la Tierra,71,8194,Panteon Rococo
Artist 2.0 (Deluxe),71,8195,A Boogie Wit da Hoodie
Slime Season 3,71,8196,Young Thug
Oppenheimer (Original Motion Picture Soundtrack),71,8197,Ludwig Göransson
#HeadsUP,71,8199,Demrick
Careless World: Rise Of The Last King,71,8200,Tyga
Moosetape,71,8202,Sidhu Moose Wala
Shor in the City (Original Motion Picture Soundtrack),71,8206,Sachin-Jigar|Shreya Ghoshal|Tochi Raina
Mismatched: Season 2 (Soundtrack from the Netflix Series),71,8210,Taaruk Raina|Mismatched - Cast
Bhool Bhulaiyaa,71,8212,Pritam|KK
Aakrosh,71,8214,Pritam|Javed Ali
Murder 2,71,8217,Harshit Saxena
Naqaab (Original Motion Picture Soundtrack),71,8218,Javed Ali|Pritam
Fanaa,71,8220,Jatin-Lalit|Shaan|Kailash Kher|Prasoon Joshi
Rab Ne Bana Di Jodi,71,8222,Salim–Sulaiman|Roop Kumar Rathod|Jaideep Sahni
Roy,71,8223,Ankit Tiwari
Summerland,71,8224,cakal
GLAMOUR,71,8228,uniqe|nkeeei|ARTEM SHILOVETS|Wipo
In Excellent Order,71,8229,Fried By Fluoride
Myriam Hernandez,71,8230,Myriam Hernandez
Flakk Daniel's Lp,71,8231,Rels B|DELLAFUENTE
Matogrosso & Mathias (Ao Vivo),71,8235,Matogrosso & Mathias
Meu Carona,71,8237,Hungria|Tribo da Periferia
Daltónico,71,8245,Enjambre
Pecado Capital,71,8251,Xamã|Bagua Records|Neo Beats|Matuê
Vagabundo de Luxo,71,8252,WIU
I Am Not A Human Being,71,8253,Lil Wayne|Drake
The House Is Burning,71,8254,Isaiah Rashad
Self Medicated,71,8255,Jelly Roll
Never Wanted Fame,71,8258,Foolio
Paid Tha Cost To Be Da Bo$$,71,8260,Snoop Dogg|Pharrell Williams|Charlie Wilson
Namaste England (Original Motion Picture Soundtrack),71,8261,Badshah|Diljit Dosanjh|Aastha Gill
Highway,71,8263,A.R. Rahman
X,71,8265,Ken Carson
So Dark The Con Of Man,71,8267,Madcon
Bad Self Portraits,71,8270,Lake Street Dive
Gadar 2 (Original Motion Picture Soundtrack),71,8271,Mithoon|Arijit Singh|Sayeed Quadri
Still Striving,71,8277,A$AP Ferg
432 Hz Deep Healing,71,8284,Miracle Tones
Muzyka Komercyjna (Deluxe),71,8285,Pezet|Auer
ABCD 2 (Original Motion Picture Soundtrack),71,8286,Divya Kumar|Priya Saraiya
Jaane Tu... Ya Jaane Na,71,8287,Rashid Ali
Cocktail (Original Motion Picture Soundtrack),71,8288,Neeraj Shridhar|Kavita Seth|Pritam
Student of the Year (Original Motion Picture Soundtrack),71,8289,Vishal-Shekhar|Shekhar Ravjiani|Salim Merchant|Neeti Mohan
Jhoom Barabar Jhoom,71,8290,Shankar-Ehsaan-Loy|Rahat Fateh Ali Khan|Mahalakshmi Iyer|Gulzar
3 (Original Motion Picture Soundtrack),71,8291,Anirudh Ravichander|Vijay Yesudas|Shweta Mohan
Minecraft - Volume Alpha,71,8293,C418
夏雲ノイズ,71,8296,Sukima Switch
DORFDiSKO ZWEi,71,8297,FiNCH|Tream
Il corpo umano VOL. 1,71,8298,Jovanotti
Mujeres Divinas,71,8302,Vicente Fernández
El Madrileño,71,8303,C. Tangana|Niño de Elche|La Húngara
Amor Enfermo,71,8306,Banda MS de Sergio Lizárraga
12 Kilates Puros Corridos,71,8307,Los Cadetes De Linares
Desde El Rancho,71,8308,Calibre 50
"Puerta Abierta, Vol. 1 (En Vivo)",71,8309,El Fantasma|Los Dos Carnales
Pura Manzanita Vol. 3,71,8310,Grupo Los de la O|Ivan Cornejo
Smyle (Extended),71,8317,KYLE
Hotel Diablo,71,8318,mgk|YUNGBLUD|Travis Barker
The Rising Tied (Deluxe Edition),71,8319,Fort Minor|Styles Of Beyond
CHILD OF GOD,71,8320,Forrest Frank|JVKE
Papito (Deluxe),71,8322,Miguel Bosé|Julieta Venegas
Eterno Agosto,71,8323,Alvaro Soler
A Love Letter To You 3,71,8325,Trippie Redd|Juice WRLD
Live to Love,71,8328,Afgan
Mixtape Underground,71,8331,GP DA ZL|Mc Jhey
Face A Face (Live),71,8343,Matheus & Kauan
Na Praia (Ao Vivo),71,8344,Matheus & Kauan
Na Praia 2 (Ao Vivo),71,8345,Matheus & Kauan
LUAN AO VIVO NA LUA - CRESCENTE,71,8347,Luan Santana
Raiz Goiânia (Ao Vivo),71,8350,Lauana Prado
Marília Mendonça - Ao Vivo,71,8351,Marília Mendonça
To Be (Ao Vivo Em Brasília),71,8357,Henrique & Juliano
Ao Vivão 4,71,8358,Murilo Huff
Menino Maluquinho,71,8359,Mc Leozin|MC Rick|Boladin 211|Deliverymusic|Dj L Martins
Gusttavo Lima e Você (Ao Vivo),71,8360,Gusttavo Lima
Numanice #3 (Ao Vivo),71,8364,LUDMILLA|Vitinho
Plano Piloto,71,8365,Grupo Menos É Mais
Ninguém Tá Puro!,71,8368,Mc IG|DJ Jorgin
MAGIC SHOW,71,8372,Nagalli|KayBlack|Veigh|Supernova Ent
Stop Stealing The Covers!,71,8376,Edith Whiskers
Chosen Few: Grandes Exitos,71,8379,"Boy Wonder CF|Tito ""El Bambino""|Randy"
Desire,71,8380,Bob Dylan
Girls Just Wanna Have Fun,71,8382,Chromatics
Raop,71,8383,CRO
OK,71,8384,Gazzelle
30 de Febrero,71,8385,Ha*Ash
Harvest Moon,71,8388,Neil Young
Saving Abel,71,8390,Saving Abel
Bad Contestant,71,8392,Matt Maltese
Speak Now,71,8394,Taylor Swift
Regálame Una Noche,71,8395,Maelo Ruiz
Buena Vista Social Club,71,8396,Buena Vista Social Club
Entren Los Que Quieran,71,8397,Calle 13
Top Secrets,71,8401,Willie Colón
Contra La Corriente,71,8402,Marc Anthony
Ni Hoy Ni Manana,71,8403,Gerardo Ortiz
La Clase,71,8405,Grupo Los de la O
Bien Positivo,71,8407,Lenin Ramírez|Tito Double P
99.9%,71,8408,KAYTRANADA|Syd
Del Water Gap,71,8411,Del Water Gap
Dua Lipa (Complete Edition),71,8414,Dua Lipa|BLACKPINK
The Most Beautiful Moment in Life Pt.1,71,8420,BTS
Men in Salsa,71,8421,Luisito Ayala Y La Puerto Rican Power
True Genius,71,8422,Ray Charles
Lady Soul (With Bonus Selections),71,8423,Aretha Franklin
Music From Big Pink (Remastered),71,8424,The Band
Wheels Of Fire,71,8425,Cream
St. Louis To Liverpool,71,8426,Chuck Berry
Dusty... Definitely (Expanded Edtion),71,8427,Dusty Springfield
Lesley Gore Sings Of Mixed-Up Hearts,71,8430,Lesley Gore
Summer Breeze,71,8431,Seals and Crofts
Spirits Having Flown,71,8433,Bee Gees
The Age Of Plastic,71,8435,The Buggles
Only Built For Infinity Links,71,8441,Quavo|Takeoff
Shawn,71,8444,Shawn Mendes
Vertigo,71,8448,Derik Fein
El Camino Más Largo,71,8453,No Te Va Gustar|Juan Casanova
QUE NOS FALTE TODO,71,8456,Luck Ra|Abel Pintos
Bittersüß,71,8459,Abor & Tynna
Dermot Kennedy,71,8461,Dermot Kennedy
00:00,71,8462,Siddhartha
La La Land (Original Motion Picture Soundtrack),71,8465,Justin Hurwitz
"Songs For You, Truths For Me (International Exclusive Bundle)",71,8467,James Morrison|Nelly Furtado
When a Man Loves a Woman,71,8468,Percy Sledge
ATLAS,71,8470,The Score
Rejoice,71,8471,The Emotions
YMCA,71,8473,Village People
Kung Fu Fighter,71,8474,Carl Douglas
Diamond Life,71,8475,Sade
Believe (Deluxe Edition),71,8478,Justin Bieber
Children Of The World,71,8489,Bee Gees
6locc 6a6y,71,8492,Lil Loaded
(Un)Commentary,71,8494,Alec Benjamin
Cuz I Love You (Super Deluxe),71,8502,Lizzo
To Learn,71,8504,Leith Ross
STRAY SHEEP,71,8508,Kenshi Yonezu
LOST CORNER,71,8509,Kenshi Yonezu
Suzume (Motion Picture Soundtrack),71,8516,RADWIMPS|Toaka
Mientras Tú Dormías,71,8520,Carla Morrison
COUP D'ETAT,71,8523,G-DRAGON
MAXIDENT,71,8524,Stray Kids
NOEASY,71,8525,Stray Kids
The Chaos Chapter: FREEZE,71,8528,TOMORROW X TOGETHER|Seori
SEVENTEEN 4th Album 'Face the Sun',71,8533,SEVENTEEN
SEVENTEEN BEST ALBUM '17 IS RIGHT HERE',71,8534,SEVENTEEN
RISE,71,8535,TAEYANG
MAP OF THE SOUL : 7,71,8536,BTS
El Androide,71,8545,El Alfa|Rauw Alejandro
Historias de un Capricornio,71,8546,Arcángel|Bad Bunny
Natti Natasha en Amargue,71,8555,NATTI NATASHA
Mucho,71,8559,Babasonicos
Revolución De Amor (2020 Remasterizado),71,8561,Maná
Cosas De Enamorados,71,8562,Juan Gabriel
Millenium Hits,71,8565,Adolescent's Orquesta
Valio La Pena,71,8566,Marc Anthony
La Última Misión,71,8568,Wisin & Yandel|ROSALÍA
Rosas Y Bombones Con Marco Antonio Solís,71,8569,Marco Antonio Solís
Peligro,71,8570,Reik
Por Amor A Mi Pueblo,71,8571,Marco Antonio Solís|Los Bukis
Our Wave Nuestra Ola,71,8574,T3R Elemento
Pensamientos,71,8584,Juan Gabriel
En Todo Estaré (Deluxe Edition),71,8585,Chayanne
Depende,71,8586,Jarabe De Palo
Dos Mundos - Evolución,71,8587,Alejandro Fernández
La Criatura,71,8588,Nacho|Yandel|Bad Bunny|Mambo Kingz|DJ Luian
3 A.M.,71,8589,Cali Y El Dandee
Escucha,71,8590,Laura Pausini
Oye Mujer,71,8602,Raymix
REFLEXA,71,8612,Danny Ocean
Sunshine,71,8613,Nicky Jam
Hecho En Medellín,71,8616,Blessd|Justin Quiles|Lenny Tavárez
The Academy,71,8618,Rich Music LTD|Sech|Dalex|Justin Quiles|Lenny Tavárez|Feid
Le Clique: Vida Rockstar (X),71,8624,JHAYCO|Kapo
Los Gangsters Tambien Lloran,71,8626,Pablo Chill-E
Sol María,71,8627,Eladio Carrion|Rauw Alejandro
ASTROPICAL,71,8635,Bomba Estéreo|Rawayana|ASTROPICAL
Cupido,71,8636,TINI|Maria Becerra
Work Of Art,71,8641,Asake
Lambada - Les originaux No. 1 de l'été (Original 1989),71,8649,Kaoma
Smells Like Children,71,8650,Marilyn Manson
Siamese Dream (Deluxe Edition),71,8651,The Smashing Pumpkins
Sparkle And Fade,71,8653,Everclear
The Element Of Freedom,71,8654,Alicia Keys
Labour Of Love II,71,8655,UB40
Picture This (20th Anniversary Edition),71,8656,Wet Wet Wet
Promises And Lies,71,8657,UB40
Music Box,71,8658,Mariah Carey
Love Always,71,8659,K-Ci & JoJo
Black Ice,71,8660,AC/DC
Make Believe,71,8661,Weezer
Goldstar Music La Familia Reggaeton Hits,71,8665,"Héctor ""El Father"""
Prayer,71,8673,Robin Schulz|Jasmine Thompson
True (Special Edition),71,8681,Spandau Ballet
Cosmic Thing,71,8682,The B-52's
It's My Life,71,8683,Talk Talk
The Innocents (21st Anniversary Edition;Remastered),71,8684,Erasure
Tiffany,71,8685,Tiffany
Like a Virgin,71,8687,Madonna
Tubthumper,71,8688,Chumbawamba
On The 6,71,8690,Jennifer Lopez
Swan Songs,71,8692,Hollywood Undead
City of Evil,71,8694,Avenged Sevenfold
"10,000 Days",71,8695,TOOL
My Own Lane (Expanded Edition),71,8707,Kid Ink|Chris Brown
Trigga Reloaded,71,8710,Trey Songz
Candor,71,8716,Monaky
Soul Provider,71,8718,Michael Bolton
Picture Book (Expanded Version),71,8719,Simply Red
DeAnn,71,8724,Zach Bryan
Mr. Saturday Night,71,8725,Jon Pardi
Gunfighter Ballads And Trail Songs,71,8727,Marty Robbins
Dolly,71,8729,Dolly Parton|Kenny Rogers
About A Woman,71,8730,Thomas Rhett
Out With A Bang,71,8731,David Lee Murphy
Hey World,71,8732,Lee Brice
All I Want,71,8734,Tim McGraw
PATTERNS,71,8740,Kelsea Ballerini
Unforgettable,71,8750,Nat King Cole
Satchmo Serenades,71,8751,Louis Armstrong
Crazy Love,71,8752,Michael Bublé
Nostalgia,71,8753,Rod Wave|21 Savage
Hold the Rhythm,71,8755,Michael Schulte
Is There Anybody Out There?,71,8757,A Great Big World|Christina Aguilera
Revenge Of The Dreamers III,71,8758,Dreamville|J. Cole|Lute|DaBaby
Fantasia,71,8761,Fantasia
Tamia,71,8762,Tamia
Where the Light Is: John Mayer Live In Los Angeles,71,8767,John Mayer
PARTYPACK,71,8768,PARTYNEXTDOOR
East Atlanta Love Letter,71,8769,6LACK|J. Cole
SOUTHSIDE,71,8772,Sam Hunt
The Select,71,8774,Ty Myers
It's About Us,71,8777,Alex & Sierra
Chaos And The Calm,71,8778,James Bay
Once Upon a Mind,71,8780,James Blunt
Give Or Take,71,8781,GIVĒON
Licensed To Ill,71,8794,Beastie Boys
Let's Dance (2018 Remaster),71,8796,David Bowie
Homesick,71,8797,A Day To Remember
Band On The Run (Standard),71,8800,Paul McCartney|Wings
Paul Simon,71,8801,Paul Simon
Life & Times,71,8802,Jim Croce
Theatre of Pain (Deluxe Version),71,8803,Mötley Crüe
Metal Health,71,8804,Quiet Riot
New Jersey (Deluxe Edition),71,8805,Bon Jovi
Open Up And Say...Ahh! (20th Anniversary Edition),71,8806,Poison
The Doors,71,8808,The Doors
Get The Knack,71,8809,The Knack
Disraeli Gears (Deluxe Edition),71,8810,Cream
Kinks (Deluxe Edition),71,8811,The Kinks
Led Zeppelin,71,8812,Led Zeppelin
Kill 'Em All (Remastered),71,8813,Metallica
Automatic,71,8815,The Lumineers
From The Fires,71,8816,Greta Van Fleet
Come What(ever) May [10th Anniversary Edition],71,8819,Stone Sour
The Battle Of Los Angeles,71,8820,Rage Against The Machine
The Number of the Beast (2015 Remaster),71,8824,Iron Maiden
lottery pick,71,8827,310babii
RISER,71,8829,Dierks Bentley
Take A Back Road,71,8830,Rodney Atkins
Dierks Bentley,71,8831,Dierks Bentley
Country Stuff The Album,71,8832,Walker Hayes
Kane Brown (Deluxe Edition),71,8833,Kane Brown
Tyler Hubbard,71,8834,Tyler Hubbard
The Marshall Tucker Band,71,8840,The Marshall Tucker Band
Slowhand 35th Anniversary,71,8841,Eric Clapton
Pieces Of Eight,71,8842,Styx
BAD TO THE BONE,71,8843,George Thorogood & The Destroyers
Idlewild South (Deluxe Edition Remastered),71,8844,Allman Brothers Band
Moving Pictures (2011 Remaster),71,8845,Rush
A Hometown Odyssey,71,8851,Livingston
Why Can't We Be Friends?,71,8857,War
Genesis (2007 Remaster),71,8858,Genesis
Asia,71,8859,Asia
A New World Record,71,8860,Electric Light Orchestra
Peter Gabriel 1: Car (Remastered),71,8861,Peter Gabriel
Tom Petty And The Heatbreakers,71,8862,Tom Petty and the Heartbreakers
Freeze Frame,71,8863,The J. Geils Band
Not Fragile,71,8865,Bachman-Turner Overdrive
Welcome To The Real World,71,8866,Mr. Mister
Skinty Fia,71,8869,Fontaines D.C.
Gran Turismo (Remastered),71,8870,The Cardigans
X's,71,8875,Cigarettes After Sex
So Long Forever,71,8878,Palace
Feeling Strangely Fine (20th Anniversary Edition),71,8881,Semisonic
Women in Technology,71,8882,White Town
Le Tigre,71,8885,Le Tigre
Spirit Bird,71,8887,Xavier Rudd
Cool It Down,71,8889,Yeah Yeah Yeahs|Perfume Genius
Play,71,8890,Moby
The Invisible Band,71,8891,Travis
Hypersonic Missiles,71,8892,Sam Fender
Drunk,71,8894,Thundercat
Mura Masa,71,8895,Mura Masa|A$AP Rocky
Doolittle,71,8896,Pixies
The Cars,71,8897,The Cars
Young The Giant (Special Edition),71,8899,Young the Giant
Year of the Caprese,71,8900,Cherub
This Is All Yours,71,8903,alt-J
Heard It In A Past Life,71,8909,Maggie Rogers
Preacher’s Daughter,71,8912,Ethel Cain
Dragon New Warm Mountain I Believe In You,71,8913,Big Thief
People Watching,71,8921,Sam Fender
DiscO-Zone,71,8923,O-Zone
ten days,71,8953,Fred again..|Anderson .Paak|CHIKA
Best Friend (feat. Doja Cat) [Remix EP] [Extended Edition],71,8972,Saweetie|Doja Cat
Y2K! : I’m Just A Girl (Deluxe),71,8981,Ice Spice|NLE Choppa|DaBaby
SI SABE,71,8985,Blessd|Feid
Mafia Slime 2,71,8992,Papa V|Nerissima Serpe|Shiva|Night Skinny|Fritu
GOAT,71,8995,Ninho|Niska
We Are Young Money,71,9001,Young Money|Lloyd
It Ain't Safe No More. . .,71,9002,Busta Rhymes|Mariah Carey|Flipmode Squad
The Pinkprint (International Deluxe Explicit),71,9004,Nicki Minaj
Jackpot,71,9005,Chingy
Hell: The Sequel (Deluxe),71,9006,Bad Meets Evil|Bruno Mars
Strictly 4 My N.I.G.G.A.Z...,71,9007,2Pac
4:44,71,9008,JAY-Z
KOD,71,9009,J. Cole
Me Against The World,71,9010,2Pac
Lupe Fiasco's The Cool,71,9011,Lupe Fiasco|Matthew Santos
Madvillainy,71,9012,Madvillain|Madlib|MF DOOM
K.I.D.S.,71,9013,Mac Miller
I Told Them...,71,9015,Burna Boy
Might Delete Later,71,9021,J. Cole
Beg For Mercy,71,9022,G-Unit
A Gangsta’s Pain,71,9027,Moneybagg Yo
ANIMALS ONLY (ICE COLD),71,9031,BabyChiefDoit
SET IT OFF,71,9038,Offset|Travis Scott
DRIVE,71,9040,Tiësto
93 'til Infinity,71,9049,Souls Of Mischief
People's Instinctive Travels and the Paths of Rhythm (25th Anniversary Edition),71,9050,A Tribe Called Quest
It's Dark And Hell Is Hot,71,9051,DMX
Morayo,71,9053,Wizkid|Asake
In Blue,71,9056,The Corrs
A New Day Has Come,71,9057,Céline Dion
14:59,71,9058,Sugar Ray
Super Hits,71,9075,C & C Music Factory|Freedom Williams
Scatman's World,71,9076,Scatman John
Coast To Coast (Expanded Edition),71,9090,Westlife
Shock Value II,71,9091,Timbaland|Justin Timberlake
Year Of The Gentleman,71,9092,Ne-Yo
Under Construction,71,9093,Missy Elliott
Unleash The Dragon,71,9094,Sisqo
Love. Angel. Music. Baby.,71,9095,Gwen Stefani|Eve
UNDERRATED,71,9130,Big Boogie
Timeless (Deluxe),71,9135,Meghan Trainor
Angel Face,71,9158,Stephen Sanchez
Nadhif (laman berikutnya),70,9187,Nadhif Basalamah
1%,70,9190,RACK|Sin Laurent
EL SOBREVIVIENTE WWW,70,9195,Wisin|Beéle
Ya Es Mañana,70,9215,Morat
Milagro,70,9219,Sebastian Yatra
Il mio lato peggiore,70,9221,Luchè|Geolier
Hatırım Yok mu,70,9224,Sedat Sayan
IL LE FALLAIT,70,9226,Favé|Gazo
International Villager,70,9229,Yo Yo Honey Singh|Deep Money
Preto no Branco (Ao Vivo),70,9231,Preto no Branco|Gabriela Rocha
BAÑO MARÍA,70,9239,CA7RIEL & Paco Amoroso|CA7RIEL|Paco Amoroso
Cnv Sound Volums (Kion Studio One Shots),70,9244,Pure Negga|Skillz Beatz
Aguanta Corazón,70,9253,Los Invasores De Nuevo León
"Anasheeds, Vol. 3",70,9254,Muhammad Al Muqit
Inéditos,70,9265,Rels B
Amor Amor,70,9267,José José
Eu Me Atrevi a Te Chamar de Abba,70,9268,Ministério Zoe
"Anasheeds, Vol. 4",70,9275,Muhammad Al Muqit
Honestidad Brutal,70,9278,Andrés Calamaro
Partai Anarki,70,9283,Rebellion Rose
10 Años (En Vivo),70,9289,Dread Mar I
La Vida Gacha,70,9293,Caos
Confidencias,70,9294,Alejandro Fernández|Christina Aguilera
De Mil Maneras,70,9299,Sonora Siguaray
RKS,70,9300,Rainbow Kitten Surprise
Brasileiro,70,9301,Sérgio Mendes
Avalancha de éxitos,70,9302,Café Tacvba
Naturally,70,9309,Sharon Jones & The Dap-Kings
Odyssey,70,9311,Home
Sólo Pienso En Ti,70,9313,Grupo Bryndis
Directo Al Corazon,70,9314,Los Tigres Del Norte
The First & Second Album (30th Anniversary Edition),70,9316,Modern Talking
Honey Bones,70,9318,DOPE LEMON
Emociones,70,9322,Jay Wheeler|NOREH
A Different Kind Of Human – Step 2,70,9325,AURORA
x (10th Anniversary Edition),70,9328,Ed Sheeran
Fire Within (Deluxe),70,9337,Birdy
Bocanada,70,9338,Gustavo Cerati
Countdown To Extinction (Deluxe Edition - Remastered),70,9339,Megadeth
Wretched And Divine: The Story Of The Wild Ones,70,9347,Black Veil Brides
Moon Landing,70,9349,James Blunt
Time Out,70,9351,The Dave Brubeck Quartet
Non-Fiction (Deluxe),70,9355,Ne-Yo|Juicy J
DISPOSE,70,9357,The Plot In You
Blue Slide Park,70,9360,Mac Miller
Ends & Begins,70,9363,Labrinth
Premiers émois,70,9364,Vendredi sur Mer
Endgame,70,9367,Rise Against
Disclaimer,70,9368,Seether
R.E.D. (Deluxe Edition),70,9371,Ne-Yo
"Sincerely, Kentrell",70,9372,YoungBoy Never Broke Again
Just Cause Y'all Waited 2,70,9376,Lil Durk|Lil Baby|Polo G
El Primer Instinto,70,9377,Jaguares
Vessel,70,9386,Twenty One Pilots
untitled unmastered.,70,9390,Kendrick Lamar
Good For You,70,9395,Aminé
Never for Ever,70,9396,Kate Bush
Habits Old And New,70,9397,"Hank Williams, Jr."
Revolver (Remastered),70,9398,The Beatles
Here I Am (Deluxe Version),70,9399,Kelly Rowland|Lil Wayne
Coyote Stories,70,9400,The Crane Wives
Jok'travolta,70,9401,Jok'air|Mallaury
"Love, Love & Love",70,9404,Vierra
Berlayar,70,9409,Sheila On 7
Gemuruh Riuh,70,9410,Mighfar Suganda
Silver,70,9415,Silver
Kitchie Nadal,70,9417,Kitchie Nadal
Gazla Gitsin,70,9419,Mansur Ark
Destination XYZ,70,9420,Callalily
Ugly Duck,70,9423,Hotel Ugly
Supposed Former Infatuation Junkie,70,9427,Alanis Morissette
Mosaïque,70,9429,Gipsy Kings
Highwayman,70,9435,The Highwaymen|Willie Nelson|Johnny Cash|Waylon Jennings|Kris Kristofferson
A Little Rhythm and a Wicked Feeling,70,9437,Magdalena Bay
Anugrah Terindah,70,9443,Geisha
Songs Five Session 1 - Som do Jardim (Ao Vivo),70,9448,Songs Five Music|José Jr
Sonsuza Kadar,70,9451,Kalben
Dört Dörtlük,70,9453,Bengü
My Darkest Days,70,9455,My Darkest Days|Chad Kroeger|Zakk Wylde
Life's Not Out To Get You,70,9464,Neck Deep
"Trap Cake, Vol. 1",70,9467,Rauw Alejandro
Buruguduystunstugudunstuy,70,9468,Parokya Ni Edgar
Halina Sa Parokya,70,9469,Parokya Ni Edgar
Selalu Ada,70,9470,Ari Lasso
Langit. Luha.,70,9473,Silent Sanctuary
White Noise (Sleep & Relaxation Sounds),70,9475,Sleepy John
Vol. 4,70,9479,Cartel De Santa
Legião Urbana,70,9482,Legião Urbana
EP2,70,9485,Baby Gang
WOLEDTO,70,9486,Elyanna
Lemon Parade,70,9487,Tonic
Against The Wind,70,9491,Bob Seger
Too Slippery,70,9492,BossMan Dlow
No Name Face,70,9493,Lifehouse
This Is the Sea (Deluxe Version),70,9494,The Waterboys
Mud,70,9496,Whiskey Myers
Western Swing & Waltzes and Other Punchy Songs,70,9497,Colter Wall
The Wisp Sings: 10th Anniversary Edition,70,9501,Winter Aid
Джага-джага,70,9502,Katya Lel
Indestructible (Deluxe Edition),70,9505,Disturbed
Taylor Swift,70,9506,Taylor Swift
Recuerdos II,70,9507,Juan Gabriel
Tierra De Nadie,70,9508,Ana Gabriel
Xtreme,70,9509,Xtreme
Realidades,70,9514,Los Tigres Del Norte
Sinaloense Hasta Las Cachas,70,9515,Fidel Rueda
La Mejor De Todas,70,9516,Banda El Recodo
Sueño XXX,70,9517,Banda Los Recoditos
Mi Satisfacción,70,9518,Valentín Elizalde
Inédito,70,9520,Carin Leon
Morir De Amor,70,9521,Conjunto Primavera
Corridos Prohibidos,70,9522,Los Tigres Del Norte
La Banda Del Carro Rojo,70,9523,Los Tigres Del Norte
Corleone,70,9525,Grupo Marca Registrada
Tropico,70,9529,Pat Benatar
El Dios De Lo Imposible,70,9533,Jose Luis Reyes
Endless Praise,70,9535,Charity Gayle|Steven Musso
Sweet Boy,70,9538,Malcolm Todd
Hiding in Plain Sight,70,9542,Drugdealer|Kate Bollinger
AMY (Original Motion Picture Soundtrack),70,9546,Amy Winehouse
All the Right Reasons,70,9547,Nickelback
No Stranger to Shame,70,9548,Uncle Kracker
Nothing but the Beat 2.0,70,9549,David Guetta|Flo Rida|Nicki Minaj
Flyleaf,70,9552,Flyleaf
Nothing More,70,9554,NOTHING MORE
Masterpiece,70,9555,Big Thief
What Could Possibly Go Wrong,70,9556,Dominic Fike
LIL PEEP; PART ONE,70,9559,Lil Peep
B-Sides & Rarities,70,9561,Deftones
Into the Gap (Deluxe Edition),70,9580,Thompson Twins
Chapter II,70,9582,Ashanti
Here Comes The Hotstepper,70,9585,iNi Kamoze|Salaam Remi
Meet Miley Cyrus,70,9587,Miley Cyrus
Party Favors,70,9588,Sir Chloe
Requiem (Deluxe),70,9593,keshi
Until Death Call My Name (Reloaded),70,9597,YoungBoy Never Broke Again
Savage Mode,70,9598,21 Savage|Metro Boomin|Future
La Velocidad de la Luz,70,9609,Los Bunkers
Millonario Sin Corona,70,9611,Millonario
Hasta La Eternidad (Clásicos Digitalizados),70,9613,Los Acosta
No Los Conoces Aún,70,9614,Palomo
Best Day Ever (5th Anniversary Remastered Edition),70,9615,Mac Miller
Imany Deluxe,70,9617,Dinos
Ska a La Carta,70,9618,Inspector
Bir Bakmışsın,70,9619,Yalın
nothings ever good enough,70,9622,iann dior
Perubahan,70,9624,D’MASIV
YURA,70,9627,Yura Yunita|Glenn Fredly
Dance And Dense Denso,70,9640,Molotov
Glückskind,70,9644,GReeeN
El Príncipe [Ghost Edition],70,9648,Cosculluela
El Sonido Vol. 1,70,9650,Amanda Miguel
Cilvia Demo,70,9660,Isaiah Rashad|SZA
Freddie's Inferno,70,9664,Freddie Dredd
Hexada,70,9665,Ghostemane
Sonido de Lluvia para Dormir,70,9671,Lluvia Del Bosque|Lluvia para Dormir|Sueño Profundo Club
M.I.L.S,70,9672,Ninho
DOOR TO DUSK,70,9675,Odetari|9lives
Let's Get It,70,9676,Ca$h Out
the bird and the bee,70,9679,the bird and the bee
New World Depression,70,9683,$uicideboy$
Shoreline Mafia Presents Rob Vicious: Traplantic,70,9684,Shoreline Mafia|Rob Vicious|OHGEESY|Fenix Flexin|Master Kato
Home Alone 2,70,9685,D-Block Europe|Central Cee
Pure White Noise: Good Sleep 432 Hz,70,9688,Best Noise
"Beethoven: Piano Sonatas, Vol.3",70,9691,Ludwig van Beethoven|Paul Lewis
La Leyenda De La Mancha,70,9692,Mägo de Oz
Trône,70,9696,Booba
VISIONLAND,70,9698,YBN Nahmir|21 Savage
Decide Tú,70,9701,Conjunto Primavera
Las Número 1...,70,9702,Conjunto Primavera
Sincopa,70,9705,Cartel De Santa|bigman|Millonario
Vive Y Dejame Vivir,70,9708,Tito Torbellino Jr
"Del Barrio Hasta Aquí, Vol. 2",70,9709,Fuerza Regida
Enamorado De Un Fantasma,70,9711,Liberación
33,70,9712,Jagwar Twin
She Wants Revenge,70,9713,She Wants Revenge
八方來財,70,9715,攬佬SKAI ISYOURGOD
Angel Youth,70,9721,Vansire
A Ellas,70,9733,El Poder Del Norte
SABIDURIA,70,9735,El Alfa|Chael Produciendo
El Enemy de Los Guasíbiri,70,9740,Tego Calderón|Yandel
Nero nemesis,70,9741,Booba
BIEN O MAL,70,9743,Trueno
Introducing...,70,9744,Aaron Frazer
DELINQUENTE,70,9746,Baby Gang|Bobo|Morad
No Love Lost (Deluxe),70,9748,Blxst|Tyga|Ty Dolla $ign
For You,70,9751,Vedo
The Wrong Kind of War,70,9752,Imany|Filatov & Karas
愛愛愛,70,9753,Khalil Fong
Yang Terpilih,70,9755,Rossa
Andhadhun (Original Motion Picture Soundtrack),70,9759,Amit Trivedi
Tashan,70,9760,Vishal-Shekhar|Udit Narayan|Mahalakshmi Iyer|Kausar Munir
Murder 3 (Original Motion Picture Soundtrack),70,9768,Pritam|Shafqat Amanat Ali
Dil Toh Baccha Hai Ji,70,9771,Pritam|Mohit Chauhan
Tees Maar Khan,70,9772,Vishal-Shekhar|Sunidhi Chauhan|Vishal Dadlani
Desi Boyz,70,9773,Pritam|Mika Singh|Shefali Alvares
Groove With Arijit Singh,70,9777,Arijit Singh|Chinmayi
Uma Nova História (ao Vivo),70,9780,Fernandinho
Babel,70,9785,Sam Tinnesz
Boys Don't Cry,70,9786,Rels B|Javier Simon
Funktroit,70,9798,MC Saci|Complexo dos Hits|DJ Sammer|Mc Pretchako
Necesidad,70,9805,Lefty Sm|Santa Fe Klan
Dos Prédios Deluxe,70,9817,Veigh|Bvga Beatz|Prod Malax|Supernova Ent
"De Férias Com Presença, Vol. 1",70,9820,Grupo Presença
360º Ao Vivo,70,9822,Grupo Revelação
Hell's Pit,70,9825,Insane Clown Posse
El Cantautor del Pueblo,70,9826,Espinoza Paz
Self Inflicted Scars,70,9828,Bryan Martin
B.O.A.T.S. II #METIME (Deluxe),70,9830,2 Chainz|Wiz Khalifa
Electric Dusk,70,9831,Leon Thomas
Konvicted (Complete Edition),70,9832,Akon
PETERSON,70,9833,Tory Lanez
Crunk Juice,70,9834,Lil Jon & The East Side Boyz|USHER|Ludacris
Future & Juice WRLD Present... WRLD ON DRUGS,70,9835,Future|Juice WRLD
The D.O.A. Tape,70,9836,Kay Flock
Jodhaa Akbar (Original Motion Picture Soundtrack),70,9841,A.R. Rahman|Javed Ali
NO STYLIST,70,9843,Destroy Lonely
LIMASAWA STREET,70,9844,Ben&Ben
Move Your Heart,70,9845,Maverick City Music|UPPERROOM|Dante Bowe|Maryanne J. George|Aaron Moses
The Aviary,70,9853,Galantis
528 Hz Meditation Music,70,9858,Miracle Tones|Solfeggio Healing Frequencies MT
Rearrange Us,70,9859,Mt. Joy
No.Ⅰ (Deluxe),70,9868,Number_i
Música Popular Caiçara: Edição Luxo (Ao Vivo),70,9872,Charlie Brown Jr.
DIO LO SA - ATTO II,70,9878,Geolier|Rose Villain|Poison Beatz
María José,70,9879,María José
María José... De Noche,70,9880,María José
El Movimiento: The Mixtape,70,9881,J Alvarez
Vicente Fernández,70,9883,Vicente Fernández
10º Aniversario,70,9885,Banda MS de Sergio Lizárraga
XV Recargado,70,9887,Código FN|Neton Vega|Gabito Ballesteros
The Green Trip,70,9888,T3R Elemento|Gerardo Ortiz
Morir y Existir En Vivo,70,9889,Gerardo Ortiz
NataKong,70,9890,Natanael Cano
Shadows,70,9896,Cannons
"Los De La Nazza the Collection, Vol. 1",70,9899,Musicologo Y Menes|Farruko
Abre Alas,70,9900,Ferrugem
Unison,70,9901,Granular
Partner,70,9907,Wajid|Labh Janjua|Sneha Pant
EVERYBODY GO TO THE DISCOTEK,70,9909,Darell
2.000,70,9911,Binomio de Oro de América
Spin The Globe,70,9912,Connor Price|Bens
Merry Christmas From Brenda Lee,70,9913,Brenda Lee
危險世界,70,9921,Khalil Fong
Vertigo (Tour Edition),70,9922,Griff
O Mundo É Tão Pequeno,70,9927,Jorge & Mateus
Aí Já Era...,70,9928,Jorge & Mateus
Como. Sempre Feito. Nunca (ao Vivo),70,9929,Jorge & Mateus
Questão De Tempo (Ao Vivo),70,9933,Felipe e Rodrigo
Gigantes,70,9935,BK|Luccas Carlos|Arit
Ouça Com o Coração,70,9938,George Henrique & Rodrigo|Henrique & Juliano
Um Novo Sonho - Deluxe,70,9939,Zé Neto & Cristiano
Terra do Nunca (Ao Vivo),70,9945,Dilsinho
Sem Contra-Indicação (Ao Vivo) [Deluxe],70,9947,Diego & Victor Hugo|Henrique & Juliano
Vida Cara (Deluxe),70,9949,Orochi|Caio Luccas|Pedro Lotto|Mainstreet|Galdino|Ribb
In Liebe,70,9953,AYLIVA|Apache 207
Kittyponeo,70,9954,Bellakath|Dani Flow
Balance,70,9955,Armin van Buuren
LITTLE HAIR,70,9956,MC Cabelinho|Dallass
Moondance (Deluxe Edition),70,9961,Van Morrison
California Cowboy,70,9963,Forrest Frank|Hulvey
Men Amongst Mountains,70,9965,The Revivalists
Corridos De Primera Plana,70,9966,Los Tucanes De Tijuana
Duets: The Final Chapter,70,9967,The Notorious B.I.G.|Avery Storm|Diddy|Jagged Edge|Nelly
I Was / I Am,70,9973,Noah Kahan
Semente,70,9976,Armandinho
O Tempo É Agora,70,9977,ANAVITÓRIA
Disintegration (Deluxe Edition),70,9978,The Cure
Selfish Machines,70,9979,Pierce The Veil
Beautiful Soul,70,9980,Jesse McCartney
Puro Corazón,70,9981,Maelo Ruiz
Bacilos (Re-Issue),70,9982,Bacilos
Hoy Más Fuerte,70,9985,Gerardo Ortiz
Archivos de Mi Vida,70,9988,Gerardo Ortiz
El Primer Ministro,70,9989,Gerardo Ortiz
De Sinaloa Para El Mundo,70,9993,Calibre 50
For Ever,70,9997,Jungle
ALIVE,70,9998,BIGBANG
